  0
SECTION
  2
HEADER
  9
$ACADVER
  1
AC1015
  9
$ACADMAINTVER
 70
         6
  9
$DWGCODEPAGE
  3
ANSI_1252
  9
$INSBASE
 10
0.0
 20
0.0
 30
0.0
  9
$EXTMIN
 10
76.8507238942
 20
-20.8028072614
 30
0.0
  9
$EXTMAX
 10
90.7984572523
 20
-7.4460080926
 30
0.0
  9
$LIMMIN
 10
0.0
 20
0.0
  9
$LIMMAX
 10
12.0
 20
9.0
  9
$ORTHOMODE
 70
         0
  9
$REGENMODE
 70
         1
  9
$FILLMODE
 70
         1
  9
$QTEXTMODE
 70
         0
  9
$MIRRTEXT
 70
         1
  9
$LTSCALE
 40
1.0
  9
$ATTMODE
 70
         1
  9
$TEXTSIZE
 40
0.2
  9
$TRACEWID
 40
0.05
  9
$TEXTSTYLE
  7
Simplex
  9
$CLAYER
  8
0
  9
$CELTYPE
  6
ByLayer
  9
$CECOLOR
 62
       256
  9
$CELTSCALE
 40
1.0
  9
$DISPSILH
 70
         0
  9
$DIMSCALE
 40
1.0
  9
$DIMASZ
 40
0.18
  9
$DIMEXO
 40
0.0625
  9
$DIMDLI
 40
0.38
  9
$DIMRND
 40
0.0
  9
$DIMDLE
 40
0.0
  9
$DIMEXE
 40
0.18
  9
$DIMTP
 40
0.0
  9
$DIMTM
 40
0.0
  9
$DIMTXT
 40
0.18
  9
$DIMCEN
 40
0.09
  9
$DIMTSZ
 40
0.0
  9
$DIMTOL
 70
         0
  9
$DIMLIM
 70
         0
  9
$DIMTIH
 70
         1
  9
$DIMTOH
 70
         1
  9
$DIMSE1
 70
         0
  9
$DIMSE2
 70
         0
  9
$DIMTAD
 70
         0
  9
$DIMZIN
 70
         0
  9
$DIMBLK
  1

  9
$DIMASO
 70
         1
  9
$DIMSHO
 70
         1
  9
$DIMPOST
  1

  9
$DIMAPOST
  1

  9
$DIMALT
 70
         0
  9
$DIMALTD
 70
         2
  9
$DIMALTF
 40
25.4
  9
$DIMLFAC
 40
1.0
  9
$DIMTOFL
 70
         0
  9
$DIMTVP
 40
0.0
  9
$DIMTIX
 70
         0
  9
$DIMSOXD
 70
         0
  9
$DIMSAH
 70
         0
  9
$DIMBLK1
  1

  9
$DIMBLK2
  1

  9
$DIMSTYLE
  2
Standard
  9
$DIMCLRD
 70
         0
  9
$DIMCLRE
 70
         0
  9
$DIMCLRT
 70
         0
  9
$DIMTFAC
 40
1.0
  9
$DIMGAP
 40
0.09
  9
$DIMJUST
 70
         0
  9
$DIMSD1
 70
         0
  9
$DIMSD2
 70
         0
  9
$DIMTOLJ
 70
         1
  9
$DIMTZIN
 70
         0
  9
$DIMALTZ
 70
         0
  9
$DIMALTTZ
 70
         0
  9
$DIMUPT
 70
         0
  9
$DIMDEC
 70
         4
  9
$DIMTDEC
 70
         4
  9
$DIMALTU
 70
         2
  9
$DIMALTTD
 70
         2
  9
$DIMTXSTY
  7
Standard
  9
$DIMAUNIT
 70
         0
  9
$DIMADEC
 70
         0
  9
$DIMALTRND
 40
0.0
  9
$DIMAZIN
 70
         0
  9
$DIMDSEP
 70
        46
  9
$DIMATFIT
 70
         3
  9
$DIMFRAC
 70
         0
  9
$DIMLDRBLK
  1

  9
$DIMLUNIT
 70
         2
  9
$DIMLWD
 70
        -2
  9
$DIMLWE
 70
        -2
  9
$DIMTMOVE
 70
         0
  9
$LUNITS
 70
         2
  9
$LUPREC
 70
         4
  9
$SKETCHINC
 40
0.1
  9
$FILLETRAD
 40
0.5
  9
$AUNITS
 70
         0
  9
$AUPREC
 70
         0
  9
$MENU
  1
.
  9
$ELEVATION
 40
0.0
  9
$PELEVATION
 40
0.0
  9
$THICKNESS
 40
0.0
  9
$LIMCHECK
 70
         0
  9
$CHAMFERA
 40
0.5
  9
$CHAMFERB
 40
0.5
  9
$CHAMFERC
 40
1.0
  9
$CHAMFERD
 40
0.0
  9
$SKPOLY
 70
         0
  9
$TDCREATE
 40
2452380.897485417
  9
$TDUCREATE
 40
0.000000000
  9
$TDUPDATE
 40
2452662.135410995
  9
$TDUUPDATE
 40
2452662.468750000
  9
$TDINDWG
 40
0.0040921296
  9
$TDUSRTIMER
 40
0.0040921296
  9
$USRTIMER
 70
         1
  9
$ANGBASE
 50
0.0
  9
$ANGDIR
 70
         0
  9
$PDMODE
 70
         0
  9
$PDSIZE
 40
0.0
  9
$PLINEWID
 40
0.0
  9
$SPLFRAME
 70
         0
  9
$SPLINETYPE
 70
         6
  9
$SPLINESEGS
 70
         8
  9
$HANDSEED
  5
813
  9
$SURFTAB1
 70
         6
  9
$SURFTAB2
 70
         6
  9
$SURFTYPE
 70
         6
  9
$SURFU
 70
         6
  9
$SURFV
 70
         6
  9
$UCSBASE
  2

  9
$UCSNAME
  2

  9
$UCSORG
 10
0.0
 20
0.0
 30
0.0
  9
$UCSXDIR
 10
1.0
 20
0.0
 30
0.0
  9
$UCSYDIR
 10
0.0
 20
1.0
 30
0.0
  9
$UCSORTHOREF
  2

  9
$UCSORTHOVIEW
 70
         0
  9
$UCSORGTOP
 10
0.0
 20
0.0
 30
0.0
  9
$UCSORGBOTTOM
 10
0.0
 20
0.0
 30
0.0
  9
$UCSORGLEFT
 10
0.0
 20
0.0
 30
0.0
  9
$UCSORGRIGHT
 10
0.0
 20
0.0
 30
0.0
  9
$UCSORGFRONT
 10
0.0
 20
0.0
 30
0.0
  9
$UCSORGBACK
 10
0.0
 20
0.0
 30
0.0
  9
$PUCSBASE
  2

  9
$PUCSNAME
  2

  9
$PUCSORG
 10
0.0
 20
0.0
 30
0.0
  9
$PUCSXDIR
 10
1.0
 20
0.0
 30
0.0
  9
$PUCSYDIR
 10
0.0
 20
1.0
 30
0.0
  9
$PUCSORTHOREF
  2

  9
$PUCSORTHOVIEW
 70
         0
  9
$PUCSORGTOP
 10
0.0
 20
0.0
 30
0.0
  9
$PUCSORGBOTTOM
 10
0.0
 20
0.0
 30
0.0
  9
$PUCSORGLEFT
 10
0.0
 20
0.0
 30
0.0
  9
$PUCSORGRIGHT
 10
0.0
 20
0.0
 30
0.0
  9
$PUCSORGFRONT
 10
0.0
 20
0.0
 30
0.0
  9
$PUCSORGBACK
 10
0.0
 20
0.0
 30
0.0
  9
$USERI1
 70
         0
  9
$USERI2
 70
         0
  9
$USERI3
 70
         0
  9
$USERI4
 70
         0
  9
$USERI5
 70
         0
  9
$USERR1
 40
0.0
  9
$USERR2
 40
0.0
  9
$USERR3
 40
0.0
  9
$USERR4
 40
0.0
  9
$USERR5
 40
0.0
  9
$WORLDVIEW
 70
         1
  9
$SHADEDGE
 70
         3
  9
$SHADEDIF
 70
        70
  9
$TILEMODE
 70
         1
  9
$MAXACTVP
 70
        64
  9
$PINSBASE
 10
0.0
 20
0.0
 30
0.0
  9
$PLIMCHECK
 70
         0
  9
$PEXTMIN
 10
1.0000000000E+20
 20
1.0000000000E+20
 30
1.0000000000E+20
  9
$PEXTMAX
 10
-1.0000000000E+20
 20
-1.0000000000E+20
 30
-1.0000000000E+20
  9
$PLIMMIN
 10
0.0
 20
0.0
  9
$PLIMMAX
 10
12.0
 20
9.0
  9
$UNITMODE
 70
         0
  9
$VISRETAIN
 70
         1
  9
$PLINEGEN
 70
         0
  9
$PSLTSCALE
 70
         1
  9
$TREEDEPTH
 70
      3020
  9
$CMLSTYLE
  2
STANDARD
  9
$CMLJUST
 70
         0
  9
$CMLSCALE
 40
1.0
  9
$PROXYGRAPHICS
 70
         1
  9
$MEASUREMENT
 70
         0
  9
$CELWEIGHT
370
        -1
  9
$ENDCAPS
280
         0
  9
$JOINSTYLE
280
         0
  9
$LWDISPLAY
290
         1
  9
$INSUNITS
 70
         1
  9
$HYPERLINKBASE
  1

  9
$STYLESHEET
  1

  9
$XEDIT
290
         1
  9
$CEPSNTYPE
380
         0
  9
$PSTYLEMODE
290
         1
  9
$FINGERPRINTGUID
  2
{2DA8D5D2-0A6F-4433-BE9F-7C818D36D6ED}
  9
$VERSIONGUID
  2
{A098EE71-2063-4C44-BF23-3920F6FD3DB3}
  9
$EXTNAMES
290
         1
  9
$PSVPSCALE
 40
0.0
  0
ENDSEC
  0
SECTION
  2
CLASSES
  0
CLASS
  1
ACDBDICTIONARYWDFLT
  2
AcDbDictionaryWithDefault
  3
AutoCAD 2000
 90
        0
280
         0
281
         0
  0
CLASS
  1
ACDBPLACEHOLDER
  2
AcDbPlaceHolder
  3
AutoCAD 2000
 90
        0
280
         0
281
         0
  0
CLASS
  1
LAYOUT
  2
AcDbLayout
  3
AutoCAD 2000
 90
        0
280
         0
281
         0
  0
CLASS
  1
DICTIONARYVAR
  2
AcDbDictionaryVar
  3
AutoCAD 2000
 90
        0
280
         0
281
         0
  0
CLASS
  1
LWPOLYLINE
  2
AcDbPolyline
  3
AutoCAD 2000
 90
        0
280
         0
281
         1
  0
CLASS
  1
IMAGE
  2
AcDbRasterImage
  3
ISM
 90
      127
280
         0
281
         1
  0
CLASS
  1
OLE2FRAME
  2
AcDbOle2Frame
  3
AutoCAD 2000
 90
        0
280
         0
281
         1
  0
CLASS
  1
HATCH
  2
AcDbHatch
  3
AutoCAD 2000
 90
        0
280
         0
281
         1
  0
CLASS
  1
RASTERVARIABLES
  2
AcDbRasterVariables
  3
ISM
 90
        0
280
         0
281
         0
  0
CLASS
  1
IMAGEDEF
  2
AcDbRasterImageDef
  3
ISM
 90
        0
280
         0
281
         0
  0
CLASS
  1
IMAGEDEF_REACTOR
  2
AcDbRasterImageDefReactor
  3
ISM
 90
        1
280
         0
281
         0
  0
CLASS
  1
IDBUFFER
  2
AcDbIdBuffer
  3
AutoCAD 2000
 90
        0
280
         0
281
         0
  0
CLASS
  1
SPATIAL_FILTER
  2
AcDbSpatialFilter
  3
AutoCAD 2000
 90
        0
280
         0
281
         0
  0
CLASS
  1
XRECORD
  2
AcDbXrecord
  3
AutoCAD 2000
 90
        0
280
         0
281
         0
  0
CLASS
  1
SORTENTSTABLE
  2
AcDbSortentsTable
  3
AutoCAD 2000
 90
        0
280
         0
281
         0
  0
CLASS
  1
LAYER_INDEX
  2
AcDbLayerIndex
  3
AutoCAD 2000
 90
        0
280
         0
281
         0
  0
CLASS
  1
SPATIAL_INDEX
  2
AcDbSpatialIndex
  3
AutoCAD 2000
 90
        0
280
         0
281
         0
  0
CLASS
  1
OBJECT_PTR
  2
CAseDLPNTableRecord
  3
"ASE-LPNTableRecord"
 90
        1
280
         0
281
         0
  0
CLASS
  1
PLOTSETTINGS
  2
AcDbPlotSettings
  3
AutoCAD 2000
 90
        0
280
         0
281
         0
  0
CLASS
  1
VBA_PROJECT
  2
AcDbVbaProject
  3
acadvba
 90
        0
280
         0
281
         0
  0
CLASS
  1
WIPEOUT
  2
AcDbWipeout
  3
WipeOut|AutoCAD Express Tool|expresstools@autodesk.com
 90
      127
280
         0
281
         1
  0
CLASS
  1
WIPEOUTVARIABLES
  2
AcDbWipeoutVariables
  3
WipeOut|AutoCAD Express Tool|expresstools@autodesk.com
 90
        0
280
         0
281
         0
  0
CLASS
  1
RTEXT
  2
RText
  3
RText|AutoCAD Express Tool|expresstools@autodesk.com
 90
        0
280
         0
281
         1
  0
CLASS
  1
ARCALIGNEDTEXT
  2
AcDbArcAlignedText
  3
ATEXT|AutoCAD Express Tool|expresstools@autodesk.com
 90
        0
280
         0
281
         1
  0
ENDSEC
  0
SECTION
  2
TABLES
  0
TABLE
  2
VPORT
  5
8
100
AcDbSymbolTable
 70
         1
  0
VPORT
  5
55
100
AcDbSymbolTableRecord
100
AcDbViewportTableRecord
  2
*Active
 70
        64
 10
0.0
 20
0.0
 11
1.0
 21
1.0
 12
83.8245905732
 22
-14.124407677
 13
0.0
 23
0.0
 14
0.5
 24
0.5
 15
0.5
 25
0.5
 16
0.0
 26
0.0
 36
1.0
 17
0.0
 27
0.0
 37
0.0
 40
14.6924790856
 41
1.0442422007
 42
50.0
 43
0.0
 44
0.0
 50
0.0
 51
0.0
 71
         8
 72
     10000
 73
         1
 74
         3
 75
         0
 76
         0
 77
         0
 78
         0
281
         0
 65
         1
110
0.0
120
0.0
130
0.0
111
1.0
121
0.0
131
0.0
112
0.0
122
1.0
132
0.0
345
0
346
0
 79
         0
146
0.0
  0
ENDTAB
  0
TABLE
  2
LTYPE
  5
5
100
AcDbSymbolTable
 70
        27
  0
LTYPE
  5
14
100
AcDbSymbolTableRecord
100
AcDbLinetypeTableRecord
  2
ByBlock
 70
        64
  3

 72
        65
 73
         0
 40
0.0
  0
LTYPE
  5
15
100
AcDbSymbolTableRecord
100
AcDbLinetypeTableRecord
  2
ByLayer
 70
        64
  3

 72
        65
 73
         0
 40
0.0
  0
LTYPE
  5
16
100
AcDbSymbolTableRecord
100
AcDbLinetypeTableRecord
  2
Continuous
 70
        64
  3
Solid line
 72
        65
 73
         0
 40
0.0
  0
LTYPE
  5
2D
100
AcDbSymbolTableRecord
100
AcDbLinetypeTableRecord
  2
BORDER
 70
        64
  3
Border __ __ . __ __ . __ __ . __ __ . __ __ .
 72
        65
 73
         6
 40
1.75
 49
0.5
 74
         0
 49
-0.25
 74
         0
 49
0.5
 74
         0
 49
-0.25
 74
         0
 49
0.0
 74
         0
 49
-0.25
 74
         0
  0
LTYPE
  5
2E
100
AcDbSymbolTableRecord
100
AcDbLinetypeTableRecord
  2
BORDER2
 70
        64
  3
Border (.5x) __.__.__.__.__.__.__.__.__.__.__.
 72
        65
 73
         6
 40
0.875
 49
0.25
 74
         0
 49
-0.125
 74
         0
 49
0.25
 74
         0
 49
-0.125
 74
         0
 49
0.0
 74
         0
 49
-0.125
 74
         0
  0
LTYPE
  5
2F
100
AcDbSymbolTableRecord
100
AcDbLinetypeTableRecord
  2
BORDERX2
 70
        64
  3
Border (2x) ____  ____  .  ____  ____  .  ___
 72
        65
 73
         6
 40
3.5
 49
1.0
 74
         0
 49
-0.5
 74
         0
 49
1.0
 74
         0
 49
-0.5
 74
         0
 49
0.0
 74
         0
 49
-0.5
 74
         0
  0
LTYPE
  5
30
100
AcDbSymbolTableRecord
100
AcDbLinetypeTableRecord
  2
CENTER
 70
        64
  3
Center ____ _ ____ _ ____ _ ____ _ ____ _ ____
 72
        65
 73
         4
 40
2.0
 49
1.25
 74
         0
 49
-0.25
 74
         0
 49
0.25
 74
         0
 49
-0.25
 74
         0
  0
LTYPE
  5
31
100
AcDbSymbolTableRecord
100
AcDbLinetypeTableRecord
  2
CENTER2
 70
        64
  3
Center (.5x) ___ _ ___ _ ___ _ ___ _ ___ _ ___
 72
        65
 73
         4
 40
1.125
 49
0.75
 74
         0
 49
-0.125
 74
         0
 49
0.125
 74
         0
 49
-0.125
 74
         0
  0
LTYPE
  5
32
100
AcDbSymbolTableRecord
100
AcDbLinetypeTableRecord
  2
CENTERX2
 70
        64
  3
Center (2x) ________  __  ________  __  _____
 72
        65
 73
         4
 40
4.0
 49
2.5
 74
         0
 49
-0.5
 74
         0
 49
0.5
 74
         0
 49
-0.5
 74
         0
  0
LTYPE
  5
33
100
AcDbSymbolTableRecord
100
AcDbLinetypeTableRecord
  2
DASHDOT
 70
        64
  3
Dash dot __ . __ . __ . __ . __ . __ . __ . __
 72
        65
 73
         4
 40
1.0
 49
0.5
 74
         0
 49
-0.25
 74
         0
 49
0.0
 74
         0
 49
-0.25
 74
         0
  0
LTYPE
  5
34
100
AcDbSymbolTableRecord
100
AcDbLinetypeTableRecord
  2
DASHDOT2
 70
        64
  3
Dash dot (.5x) _._._._._._._._._._._._._._._.
 72
        65
 73
         4
 40
0.5
 49
0.25
 74
         0
 49
-0.125
 74
         0
 49
0.0
 74
         0
 49
-0.125
 74
         0
  0
LTYPE
  5
35
100
AcDbSymbolTableRecord
100
AcDbLinetypeTableRecord
  2
DASHDOTX2
 70
        64
  3
Dash dot (2x) ____  .  ____  .  ____  .  ___
 72
        65
 73
         4
 40
2.0
 49
1.0
 74
         0
 49
-0.5
 74
         0
 49
0.0
 74
         0
 49
-0.5
 74
         0
  0
LTYPE
  5
36
100
AcDbSymbolTableRecord
100
AcDbLinetypeTableRecord
  2
DASHED
 70
        64
  3
Dashed __ __ __ __ __ __ __ __ __ __ __ __ __ _
 72
        65
 73
         2
 40
0.75
 49
0.5
 74
         0
 49
-0.25
 74
         0
  0
LTYPE
  5
37
100
AcDbSymbolTableRecord
100
AcDbLinetypeTableRecord
  2
DASHED2
 70
        64
  3
Dashed (.5x) _ _ _ _ _ _ _ _ _ _ _ _ _ _ _ _ _
 72
        65
 73
         2
 40
0.375
 49
0.25
 74
         0
 49
-0.125
 74
         0
  0
LTYPE
  5
38
100
AcDbSymbolTableRecord
100
AcDbLinetypeTableRecord
  2
DASHEDX2
 70
        64
  3
Dashed (2x) ____  ____  ____  ____  ____  ___
 72
        65
 73
         2
 40
1.5
 49
1.0
 74
         0
 49
-0.5
 74
         0
  0
LTYPE
  5
39
100
AcDbSymbolTableRecord
100
AcDbLinetypeTableRecord
  2
DIVIDE
 70
        64
  3
Divide ____ . . ____ . . ____ . . ____ . . ____
 72
        65
 73
         6
 40
1.25
 49
0.5
 74
         0
 49
-0.25
 74
         0
 49
0.0
 74
         0
 49
-0.25
 74
         0
 49
0.0
 74
         0
 49
-0.25
 74
         0
  0
LTYPE
  5
3A
100
AcDbSymbolTableRecord
100
AcDbLinetypeTableRecord
  2
DIVIDE2
 70
        64
  3
Divide (.5x) __..__..__..__..__..__..__..__.._
 72
        65
 73
         6
 40
0.625
 49
0.25
 74
         0
 49
-0.125
 74
         0
 49
0.0
 74
         0
 49
-0.125
 74
         0
 49
0.0
 74
         0
 49
-0.125
 74
         0
  0
LTYPE
  5
3B
100
AcDbSymbolTableRecord
100
AcDbLinetypeTableRecord
  2
DIVIDEX2
 70
        64
  3
Divide (2x) ________  .  .  ________  .  .  _
 72
        65
 73
         6
 40
2.5
 49
1.0
 74
         0
 49
-0.5
 74
         0
 49
0.0
 74
         0
 49
-0.5
 74
         0
 49
0.0
 74
         0
 49
-0.5
 74
         0
  0
LTYPE
  5
3C
100
AcDbSymbolTableRecord
100
AcDbLinetypeTableRecord
  2
DOT
 70
        64
  3
Dot . . . . . . . . . . . . . . . . . . . . . .
 72
        65
 73
         2
 40
0.25
 49
0.0
 74
         0
 49
-0.25
 74
         0
  0
LTYPE
  5
3D
100
AcDbSymbolTableRecord
100
AcDbLinetypeTableRecord
  2
DOT2
 70
        64
  3
Dot (.5x) .....................................
 72
        65
 73
         2
 40
0.125
 49
0.0
 74
         0
 49
-0.125
 74
         0
  0
LTYPE
  5
3E
100
AcDbSymbolTableRecord
100
AcDbLinetypeTableRecord
  2
DOTX2
 70
        64
  3
Dot (2x) .  .  .  .  .  .  .  .  .  .  .  .  . 
 72
        65
 73
         2
 40
0.5
 49
0.0
 74
         0
 49
-0.5
 74
         0
  0
LTYPE
  5
3F
100
AcDbSymbolTableRecord
100
AcDbLinetypeTableRecord
  2
HIDDEN
 70
        64
  3
Hidden __ __ __ __ __ __ __ __ __ __ __ __ __ _
 72
        65
 73
         2
 40
0.375
 49
0.25
 74
         0
 49
-0.125
 74
         0
  0
LTYPE
  5
40
100
AcDbSymbolTableRecord
100
AcDbLinetypeTableRecord
  2
HIDDEN2
 70
        64
  3
Hidden (.5x) _ _ _ _ _ _ _ _ _ _ _ _ _ _ _ _ _
 72
        65
 73
         2
 40
0.1875
 49
0.125
 74
         0
 49
-0.0625
 74
         0
  0
LTYPE
  5
41
100
AcDbSymbolTableRecord
100
AcDbLinetypeTableRecord
  2
HIDDENX2
 70
        64
  3
Hidden (2x) ____ ____ ____ ____ ____ ____ ____
 72
        65
 73
         2
 40
0.75
 49
0.5
 74
         0
 49
-0.25
 74
         0
  0
LTYPE
  5
42
100
AcDbSymbolTableRecord
100
AcDbLinetypeTableRecord
  2
PHANTOM
 70
        64
  3
Phantom ______  __  __  ______  __  __  ______
 72
        65
 73
         6
 40
2.5
 49
1.25
 74
         0
 49
-0.25
 74
         0
 49
0.25
 74
         0
 49
-0.25
 74
         0
 49
0.25
 74
         0
 49
-0.25
 74
         0
  0
LTYPE
  5
43
100
AcDbSymbolTableRecord
100
AcDbLinetypeTableRecord
  2
PHANTOM2
 70
        64
  3
Phantom (.5x) ___ _ _ ___ _ _ ___ _ _ ___ _ _
 72
        65
 73
         6
 40
1.25
 49
0.625
 74
         0
 49
-0.125
 74
         0
 49
0.125
 74
         0
 49
-0.125
 74
         0
 49
0.125
 74
         0
 49
-0.125
 74
         0
  0
LTYPE
  5
44
100
AcDbSymbolTableRecord
100
AcDbLinetypeTableRecord
  2
PHANTOMX2
 70
        64
  3
Phantom (2x) ____________    ____    ____   _
 72
        65
 73
         6
 40
5.0
 49
2.5
 74
         0
 49
-0.5
 74
         0
 49
0.5
 74
         0
 49
-0.5
 74
         0
 49
0.5
 74
         0
 49
-0.5
 74
         0
  0
ENDTAB
  0
TABLE
  2
LAYER
  5
2
100
AcDbSymbolTable
 70
         3
  0
LAYER
  5
10
100
AcDbSymbolTableRecord
100
AcDbLayerTableRecord
  2
0
 70
        64
 62
         7
  6
Continuous
290
         1
370
        -3
390
F
  0
LAYER
  5
56
100
AcDbSymbolTableRecord
100
AcDbLayerTableRecord
  2
EBENE_1
 70
         0
 62
         7
  6
Continuous
290
         1
370
        -3
390
F
  0
LAYER
  5
57
100
AcDbSymbolTableRecord
100
AcDbLayerTableRecord
  2
EBENE_2
 70
         0
 62
         7
  6
Continuous
290
         1
370
        -3
390
F
  0
ENDTAB
  0
TABLE
  2
STYLE
  5
3
100
AcDbSymbolTable
 70
         4
  0
STYLE
  5
11
100
AcDbSymbolTableRecord
100
AcDbTextStyleTableRecord
  2
Standard
 70
        64
 40
0.0
 41
1.0
 50
0.0
 71
         0
 42
0.2
  3
txt
  4

  0
STYLE
  5
2C
100
AcDbSymbolTableRecord
100
AcDbTextStyleTableRecord
  2

 70
        65
 40
0.0
 41
1.0
 50
0.0
 71
         0
 42
0.2
  3
ltypeshp.shx
  4

  0
STYLE
  5
4A
100
AcDbSymbolTableRecord
100
AcDbTextStyleTableRecord
  2
Simplex
 70
        64
 40
0.0
 41
1.0
 50
0.0
 71
         0
 42
0.2
  3
simplex.shx
  4

  0
STYLE
  5
4B
100
AcDbSymbolTableRecord
100
AcDbTextStyleTableRecord
  2
BigFont
 70
        64
 40
0.0
 41
1.0
 50
0.0
 71
         0
 42
0.2
  3
simplex.shx
  4
bigfont.shx
  0
ENDTAB
  0
TABLE
  2
VIEW
  5
6
100
AcDbSymbolTable
 70
         0
  0
ENDTAB
  0
TABLE
  2
UCS
  5
7
100
AcDbSymbolTable
 70
         0
  0
ENDTAB
  0
TABLE
  2
APPID
  5
9
100
AcDbSymbolTable
 70
         1
  0
APPID
  5
12
100
AcDbSymbolTableRecord
100
AcDbRegAppTableRecord
  2
ACAD
 70
        64
  0
ENDTAB
  0
TABLE
  2
DIMSTYLE
  5
A
100
AcDbSymbolTable
 70
         1
100
AcDbDimStyleTable
 71
         0
  0
DIMSTYLE
105
27
100
AcDbSymbolTableRecord
100
AcDbDimStyleTableRecord
  2
Standard
 70
        64
  3

  4

 40
1.0
 41
0.18
 42
0.0625
 43
0.38
 44
0.18
 45
0.0
 46
0.0
 47
0.0
 48
0.0
 71
         0
 72
         0
 73
         1
 74
         1
 75
         0
 76
         0
 77
         0
 78
         0
 79
         0
140
0.18
141
0.09
142
0.0
143
25.4
144
1.0
145
0.0
146
1.0
147
0.09
148
0.0
170
         0
171
         2
172
         0
173
         0
174
         0
175
         0
176
         0
177
         0
178
         0
179
         0
271
         4
272
         4
273
         2
274
         2
275
         0
276
         0
277
         2
278
        46
279
         0
280
         0
281
         0
282
         0
283
         1
284
         0
285
         0
286
         0
288
         0
289
         3
340
11
341
0
342
0
343
0
344
0
371
        -2
372
        -2
  0
ENDTAB
  0
TABLE
  2
BLOCK_RECORD
  5
1
100
AcDbSymbolTable
 70
         1
  0
BLOCK_RECORD
  5
1F
100
AcDbSymbolTableRecord
100
AcDbBlockTableRecord
  2
*Model_Space
340
22
  0
BLOCK_RECORD
  5
1B
100
AcDbSymbolTableRecord
100
AcDbBlockTableRecord
  2
*Paper_Space
340
1E
  0
BLOCK_RECORD
  5
23
100
AcDbSymbolTableRecord
100
AcDbBlockTableRecord
  2
*Paper_Space0
340
26
  0
ENDTAB
  0
ENDSEC
  0
SECTION
  2
BLOCKS
  0
BLOCK
  5
20
100
AcDbEntity
  8
0
390
0
100
AcDbBlockBegin
  2
*Model_Space
 70
        64
 10
0.0
 20
0.0
 30
0.0
  3
*Model_Space
  1

  0
ENDBLK
  5
21
100
AcDbEntity
  8
0
390
0
100
AcDbBlockEnd
  0
BLOCK
  5
1C
100
AcDbEntity
 67
         1
  8
0
390
0
100
AcDbBlockBegin
  2
*Paper_Space
 70
        64
 10
0.0
 20
0.0
 30
0.0
  3
*Paper_Space
  1

  0
ENDBLK
  5
1D
100
AcDbEntity
 67
         1
  8
0
390
0
100
AcDbBlockEnd
  0
BLOCK
  5
24
100
AcDbEntity
  8
0
100
AcDbBlockBegin
  2
*Paper_Space0
 70
        64
 10
0.0
 20
0.0
 30
0.0
  3
*Paper_Space0
  1

  0
ENDBLK
  5
25
100
AcDbEntity
  8
0
100
AcDbBlockEnd
  0
ENDSEC
  0
SECTION
  2
ENTITIES
  0
POLYLINE
  5
58
100
AcDbEntity
  8
EBENE_1
390
0
  6
Continuous
 62
       250
 48
0.0503534939
100
AcDb2dPolyline
 66
         1
 10
0.0
 20
0.0
 30
0.0
 70
       129
  0
VERTEX
  5
59
100
AcDbEntity
  8
EBENE_1
390
0
  6
Continuous
 62
       250
 48
0.0503534939
100
AcDbVertex
100
AcDb2dVertex
 10
78.2715617281
 20
-18.8866013119
 30
0.0
 40
0.0
 41
0.0
  0
VERTEX
  5
5A
100
AcDbEntity
  8
EBENE_1
390
0
  6
Continuous
 62
       250
 48
0.0503534939
100
AcDbVertex
100
AcDb2dVertex
 10
78.2715583641
 20
-18.8866010332
 30
0.0
 40
0.0
 41
0.0
  0
VERTEX
  5
5B
100
AcDbEntity
  8
EBENE_1
390
0
  6
Continuous
 62
       250
 48
0.0503534939
100
AcDbVertex
100
AcDb2dVertex
 10
78.271555036
 20
-18.8866007735
 30
0.0
 40
0.0
 41
0.0
  0
VERTEX
  5
5C
100
AcDbEntity
  8
EBENE_1
390
0
  6
Continuous
 62
       250
 48
0.0503534939
100
AcDbVertex
100
AcDb2dVertex
 10
78.2714245266
 20
-18.8866944599
 30
0.0
 40
0.0
 41
0.0
  0
VERTEX
  5
5D
100
AcDbEntity
  8
EBENE_1
390
0
  6
Continuous
 62
       250
 48
0.0503534939
100
AcDbVertex
100
AcDb2dVertex
 10
78.2716273746
 20
-18.886970677
 30
0.0
 40
0.0
 41
0.0
  0
VERTEX
  5
5E
100
AcDbEntity
  8
EBENE_1
390
0
  6
Continuous
 62
       250
 48
0.0503534939
100
AcDbVertex
100
AcDb2dVertex
 10
78.2722109862
 20
-18.887536993
 30
0.0
 40
0.0
 41
0.0
  0
VERTEX
  5
5F
100
AcDbEntity
  8
EBENE_1
390
0
  6
Continuous
 62
       250
 48
0.0503534939
100
AcDbVertex
100
AcDb2dVertex
 10
78.2727202512
 20
-18.8880618312
 30
0.0
 40
0.0
 41
0.0
  0
VERTEX
  5
60
100
AcDbEntity
  8
EBENE_1
390
0
  6
Continuous
 62
       250
 48
0.0503534939
100
AcDbVertex
100
AcDb2dVertex
 10
78.2729363949
 20
-18.8883457786
 30
0.0
 40
0.0
 41
0.0
  0
VERTEX
  5
61
100
AcDbEntity
  8
EBENE_1
390
0
  6
Continuous
 62
       250
 48
0.0503534939
100
AcDbVertex
100
AcDb2dVertex
 10
78.2732720921
 20
-18.8888792431
 30
0.0
 40
0.0
 41
0.0
  0
VERTEX
  5
62
100
AcDbEntity
  8
EBENE_1
390
0
  6
Continuous
 62
       250
 48
0.0503534939
100
AcDbVertex
100
AcDb2dVertex
 10
78.2736597332
 20
-18.8894565631
 30
0.0
 40
0.0
 41
0.0
  0
VERTEX
  5
63
100
AcDbEntity
  8
EBENE_1
390
0
  6
Continuous
 62
       250
 48
0.0503534939
100
AcDbVertex
100
AcDb2dVertex
 10
78.2738843455
 20
-18.8897484221
 30
0.0
 40
0.0
 41
0.0
  0
VERTEX
  5
64
100
AcDbEntity
  8
EBENE_1
390
0
  6
Continuous
 62
       250
 48
0.0503534939
100
AcDbVertex
100
AcDb2dVertex
 10
78.2741130257
 20
-18.8900166246
 30
0.0
 40
0.0
 41
0.0
  0
VERTEX
  5
65
100
AcDbEntity
  8
EBENE_1
390
0
  6
Continuous
 62
       250
 48
0.0503534939
100
AcDbVertex
100
AcDb2dVertex
 10
78.2743362127
 20
-18.8902529127
 30
0.0
 40
0.0
 41
0.0
  0
VERTEX
  5
66
100
AcDbEntity
  8
EBENE_1
390
0
  6
Continuous
 62
       250
 48
0.0503534939
100
AcDbVertex
100
AcDb2dVertex
 10
78.2745527422
 20
-18.8904919913
 30
0.0
 40
0.0
 41
0.0
  0
VERTEX
  5
67
100
AcDbEntity
  8
EBENE_1
390
0
  6
Continuous
 62
       250
 48
0.0503534939
100
AcDbVertex
100
AcDb2dVertex
 10
78.2747620044
 20
-18.8907774503
 30
0.0
 40
0.0
 41
0.0
  0
VERTEX
  5
68
100
AcDbEntity
  8
EBENE_1
390
0
  6
Continuous
 62
       250
 48
0.0503534939
100
AcDbVertex
100
AcDb2dVertex
 10
78.2749633898
 20
-18.8911528798
 30
0.0
 40
0.0
 41
0.0
  0
VERTEX
  5
69
100
AcDbEntity
  8
EBENE_1
390
0
  6
Continuous
 62
       250
 48
0.0503534939
100
AcDbVertex
100
AcDb2dVertex
 10
78.2750612227
 20
-18.891376308
 30
0.0
 40
0.0
 41
0.0
  0
VERTEX
  5
6A
100
AcDbEntity
  8
EBENE_1
390
0
  6
Continuous
 62
       250
 48
0.0503534939
100
AcDbVertex
100
AcDb2dVertex
 10
78.2751626958
 20
-18.8915788732
 30
0.0
 40
0.0
 41
0.0
  0
VERTEX
  5
6B
100
AcDbEntity
  8
EBENE_1
390
0
  6
Continuous
 62
       250
 48
0.0503534939
100
AcDbVertex
100
AcDb2dVertex
 10
78.275273541
 20
-18.8917067934
 30
0.0
 40
0.0
 41
0.0
  0
VERTEX
  5
6C
100
AcDbEntity
  8
EBENE_1
390
0
  6
Continuous
 62
       250
 48
0.0503534939
100
AcDbVertex
100
AcDb2dVertex
 10
78.2753994901
 20
-18.8917062867
 30
0.0
 40
0.0
 41
0.0
  0
VERTEX
  5
6D
100
AcDbEntity
  8
EBENE_1
390
0
  6
Continuous
 62
       250
 48
0.0503534939
100
AcDbVertex
100
AcDb2dVertex
 10
78.2754161313
 20
-18.8916949997
 30
0.0
 40
0.0
 41
0.0
  0
VERTEX
  5
6E
100
AcDbEntity
  8
EBENE_1
390
0
  6
Continuous
 62
       250
 48
0.0503534939
100
AcDbVertex
100
AcDb2dVertex
 10
78.2754329871
 20
-18.8916818345
 30
0.0
 40
0.0
 41
0.0
  0
VERTEX
  5
6F
100
AcDbEntity
  8
EBENE_1
390
0
  6
Continuous
 62
       250
 48
0.0503534939
100
AcDbVertex
100
AcDb2dVertex
 10
78.2755778978
 20
-18.891565827
 30
0.0
 40
0.0
 41
0.0
  0
VERTEX
  5
70
100
AcDbEntity
  8
EBENE_1
390
0
  6
Continuous
 62
       250
 48
0.0503534939
100
AcDbVertex
100
AcDb2dVertex
 10
78.2756891361
 20
-18.8914783242
 30
0.0
 40
0.0
 41
0.0
  0
VERTEX
  5
71
100
AcDbEntity
  8
EBENE_1
390
0
  6
Continuous
 62
       250
 48
0.0503534939
100
AcDbVertex
100
AcDb2dVertex
 10
78.2938905792
 20
-18.8890281319
 30
0.0
 40
0.0
 41
0.0
  0
VERTEX
  5
72
100
AcDbEntity
  8
EBENE_1
390
0
  6
Continuous
 62
       250
 48
0.0503534939
100
AcDbVertex
100
AcDb2dVertex
 10
78.3114026326
 20
-18.904996612
 30
0.0
 40
0.0
 41
0.0
  0
VERTEX
  5
73
100
AcDbEntity
  8
EBENE_1
390
0
  6
Continuous
 62
       250
 48
0.0503534939
100
AcDbVertex
100
AcDb2dVertex
 10
78.3291155046
 20
-18.9299902807
 30
0.0
 40
0.0
 41
0.0
  0
VERTEX
  5
74
100
AcDbEntity
  8
EBENE_1
390
0
  6
Continuous
 62
       250
 48
0.0503534939
100
AcDbVertex
100
AcDb2dVertex
 10
78.3479194034
 20
-18.9546156547
 30
0.0
 40
0.0
 41
0.0
  0
VERTEX
  5
75
100
AcDbEntity
  8
EBENE_1
390
0
  6
Continuous
 62
       250
 48
0.0503534939
100
AcDbVertex
100
AcDb2dVertex
 10
78.3677846079
 20
-18.9710476969
 30
0.0
 40
0.0
 41
0.0
  0
VERTEX
  5
76
100
AcDbEntity
  8
EBENE_1
390
0
  6
Continuous
 62
       250
 48
0.0503534939
100
AcDbVertex
100
AcDb2dVertex
 10
78.3890859554
 20
-18.9806421381
 30
0.0
 40
0.0
 41
0.0
  0
VERTEX
  5
77
100
AcDbEntity
  8
EBENE_1
390
0
  6
Continuous
 62
       250
 48
0.0503534939
100
AcDbVertex
100
AcDb2dVertex
 10
78.4114050385
 20
-18.9856989658
 30
0.0
 40
0.0
 41
0.0
  0
VERTEX
  5
78
100
AcDbEntity
  8
EBENE_1
390
0
  6
Continuous
 62
       250
 48
0.0503534939
100
AcDbVertex
100
AcDb2dVertex
 10
78.4458416813
 20
-18.989707851
 30
0.0
 40
0.0
 41
0.0
  0
VERTEX
  5
79
100
AcDbEntity
  8
EBENE_1
390
0
  6
Continuous
 62
       250
 48
0.0503534939
100
AcDbVertex
100
AcDb2dVertex
 10
78.4804817659
 20
-18.9927017711
 30
0.0
 40
0.0
 41
0.0
  0
VERTEX
  5
7A
100
AcDbEntity
  8
EBENE_1
390
0
  6
Continuous
 62
       250
 48
0.0503534939
100
AcDbVertex
100
AcDb2dVertex
 10
78.5035952924
 20
-18.993294012
 30
0.0
 40
0.0
 41
0.0
  0
VERTEX
  5
7B
100
AcDbEntity
  8
EBENE_1
390
0
  6
Continuous
 62
       250
 48
0.0503534939
100
AcDbVertex
100
AcDb2dVertex
 10
78.5266067766
 20
-18.9920373912
 30
0.0
 40
0.0
 41
0.0
  0
VERTEX
  5
7C
100
AcDbEntity
  8
EBENE_1
390
0
  6
Continuous
 62
       250
 48
0.0503534939
100
AcDbVertex
100
AcDb2dVertex
 10
78.5498457208
 20
-18.9883441582
 30
0.0
 40
0.0
 41
0.0
  0
VERTEX
  5
7D
100
AcDbEntity
  8
EBENE_1
390
0
  6
Continuous
 62
       250
 48
0.0503534939
100
AcDbVertex
100
AcDb2dVertex
 10
78.5726945434
 20
-18.9822939234
 30
0.0
 40
0.0
 41
0.0
  0
VERTEX
  5
7E
100
AcDbEntity
  8
EBENE_1
390
0
  6
Continuous
 62
       250
 48
0.0503534939
100
AcDbVertex
100
AcDb2dVertex
 10
78.5949665099
 20
-18.9741122882
 30
0.0
 40
0.0
 41
0.0
  0
VERTEX
  5
7F
100
AcDbEntity
  8
EBENE_1
390
0
  6
Continuous
 62
       250
 48
0.0503534939
100
AcDbVertex
100
AcDb2dVertex
 10
78.6164748862
 20
-18.9640248537
 30
0.0
 40
0.0
 41
0.0
  0
VERTEX
  5
80
100
AcDbEntity
  8
EBENE_1
390
0
  6
Continuous
 62
       250
 48
0.0503534939
100
AcDbVertex
100
AcDb2dVertex
 10
78.6379647973
 20
-18.9516468967
 30
0.0
 40
0.0
 41
0.0
  0
VERTEX
  5
81
100
AcDbEntity
  8
EBENE_1
390
0
  6
Continuous
 62
       250
 48
0.0503534939
100
AcDbVertex
100
AcDb2dVertex
 10
78.6582635001
 20
-18.9375012453
 30
0.0
 40
0.0
 41
0.0
  0
VERTEX
  5
82
100
AcDbEntity
  8
EBENE_1
390
0
  6
Continuous
 62
       250
 48
0.0503534939
100
AcDbVertex
100
AcDb2dVertex
 10
78.677219721
 20
-18.9216588363
 30
0.0
 40
0.0
 41
0.0
  0
VERTEX
  5
83
100
AcDbEntity
  8
EBENE_1
390
0
  6
Continuous
 62
       250
 48
0.0503534939
100
AcDbVertex
100
AcDb2dVertex
 10
78.6946821867
 20
-18.9041906064
 30
0.0
 40
0.0
 41
0.0
  0
VERTEX
  5
84
100
AcDbEntity
  8
EBENE_1
390
0
  6
Continuous
 62
       250
 48
0.0503534939
100
AcDbVertex
100
AcDb2dVertex
 10
78.7100846072
 20
-18.8857398339
 30
0.0
 40
0.0
 41
0.0
  0
VERTEX
  5
85
100
AcDbEntity
  8
EBENE_1
390
0
  6
Continuous
 62
       250
 48
0.0503534939
100
AcDbVertex
100
AcDb2dVertex
 10
78.7238231435
 20
-18.86599472
 30
0.0
 40
0.0
 41
0.0
  0
VERTEX
  5
86
100
AcDbEntity
  8
EBENE_1
390
0
  6
Continuous
 62
       250
 48
0.0503534939
100
AcDbVertex
100
AcDb2dVertex
 10
78.7357879569
 20
-18.8451298097
 30
0.0
 40
0.0
 41
0.0
  0
VERTEX
  5
87
100
AcDbEntity
  8
EBENE_1
390
0
  6
Continuous
 62
       250
 48
0.0503534939
100
AcDbVertex
100
AcDb2dVertex
 10
78.7458692087
 20
-18.823319648
 30
0.0
 40
0.0
 41
0.0
  0
VERTEX
  5
88
100
AcDbEntity
  8
EBENE_1
390
0
  6
Continuous
 62
       250
 48
0.0503534939
100
AcDbVertex
100
AcDb2dVertex
 10
78.7538435338
 20
-18.8011594838
 30
0.0
 40
0.0
 41
0.0
  0
VERTEX
  5
89
100
AcDbEntity
  8
EBENE_1
390
0
  6
Continuous
 62
       250
 48
0.0503534939
100
AcDbVertex
100
AcDb2dVertex
 10
78.759900032
 20
-18.7783972436
 30
0.0
 40
0.0
 41
0.0
  0
VERTEX
  5
8A
100
AcDbEntity
  8
EBENE_1
390
0
  6
Continuous
 62
       250
 48
0.0503534939
100
AcDbVertex
100
AcDb2dVertex
 10
78.7640410109
 20
-18.7551732314
 30
0.0
 40
0.0
 41
0.0
  0
VERTEX
  5
8B
100
AcDbEntity
  8
EBENE_1
390
0
  6
Continuous
 62
       250
 48
0.0503534939
100
AcDbVertex
100
AcDb2dVertex
 10
78.7662687781
 20
-18.7316277508
 30
0.0
 40
0.0
 41
0.0
  0
VERTEX
  5
8C
100
AcDbEntity
  8
EBENE_1
390
0
  6
Continuous
 62
       250
 48
0.0503534939
100
AcDbVertex
100
AcDb2dVertex
 10
78.7665625036
 20
-18.7077846903
 30
0.0
 40
0.0
 41
0.0
  0
VERTEX
  5
8D
100
AcDbEntity
  8
EBENE_1
390
0
  6
Continuous
 62
       250
 48
0.0503534939
100
AcDbVertex
100
AcDb2dVertex
 10
78.7648090044
 20
-18.6840288085
 30
0.0
 40
0.0
 41
0.0
  0
VERTEX
  5
8E
100
AcDbEntity
  8
EBENE_1
390
0
  6
Continuous
 62
       250
 48
0.0503534939
100
AcDbVertex
100
AcDb2dVertex
 10
78.7608941631
 20
-18.6606305539
 30
0.0
 40
0.0
 41
0.0
  0
VERTEX
  5
8F
100
AcDbEntity
  8
EBENE_1
390
0
  6
Continuous
 62
       250
 48
0.0503534939
100
AcDbVertex
100
AcDb2dVertex
 10
78.7547038621
 20
-18.6378603748
 30
0.0
 40
0.0
 41
0.0
  0
VERTEX
  5
90
100
AcDbEntity
  8
EBENE_1
390
0
  6
Continuous
 62
       250
 48
0.0503534939
100
AcDbVertex
100
AcDb2dVertex
 10
78.745887216
 20
-18.6151334304
 30
0.0
 40
0.0
 41
0.0
  0
VERTEX
  5
91
100
AcDbEntity
  8
EBENE_1
390
0
  6
Continuous
 62
       250
 48
0.0503534939
100
AcDbVertex
100
AcDb2dVertex
 10
78.7351002341
 20
-18.5931734506
 30
0.0
 40
0.0
 41
0.0
  0
VERTEX
  5
92
100
AcDbEntity
  8
EBENE_1
390
0
  6
Continuous
 62
       250
 48
0.0503534939
100
AcDbVertex
100
AcDb2dVertex
 10
78.7229384575
 20
-18.5717825842
 30
0.0
 40
0.0
 41
0.0
  0
VERTEX
  5
93
100
AcDbEntity
  8
EBENE_1
390
0
  6
Continuous
 62
       250
 48
0.0503534939
100
AcDbVertex
100
AcDb2dVertex
 10
78.4683730518
 20
-18.1794514848
 30
0.0
 40
0.0
 41
0.0
  0
VERTEX
  5
94
100
AcDbEntity
  8
EBENE_1
390
0
  6
Continuous
 62
       250
 48
0.0503534939
100
AcDbVertex
100
AcDb2dVertex
 10
78.1941929916
 20
-17.7123504326
 30
0.0
 40
0.0
 41
0.0
  0
VERTEX
  5
95
100
AcDbEntity
  8
EBENE_1
390
0
  6
Continuous
 62
       250
 48
0.0503534939
100
AcDbVertex
100
AcDb2dVertex
 10
78.0850327405
 20
-17.4911043009
 30
0.0
 40
0.0
 41
0.0
  0
VERTEX
  5
96
100
AcDbEntity
  8
EBENE_1
390
0
  6
Continuous
 62
       250
 48
0.0503534939
100
AcDbVertex
100
AcDb2dVertex
 10
77.9824013976
 20
-17.2663492306
 30
0.0
 40
0.0
 41
0.0
  0
VERTEX
  5
97
100
AcDbEntity
  8
EBENE_1
390
0
  6
Continuous
 62
       250
 48
0.0503534939
100
AcDbVertex
100
AcDb2dVertex
 10
77.8899372957
 20
-17.0379238857
 30
0.0
 40
0.0
 41
0.0
  0
VERTEX
  5
98
100
AcDbEntity
  8
EBENE_1
390
0
  6
Continuous
 62
       250
 48
0.0503534939
100
AcDbVertex
100
AcDb2dVertex
 10
77.8042762564
 20
-16.8074078212
 30
0.0
 40
0.0
 41
0.0
  0
VERTEX
  5
99
100
AcDbEntity
  8
EBENE_1
390
0
  6
Continuous
 62
       250
 48
0.0503534939
100
AcDbVertex
100
AcDb2dVertex
 10
77.7293314866
 20
-16.5748436441
 30
0.0
 40
0.0
 41
0.0
  0
VERTEX
  5
9A
100
AcDbEntity
  8
EBENE_1
390
0
  6
Continuous
 62
       250
 48
0.0503534939
100
AcDbVertex
100
AcDb2dVertex
 10
77.6611914947
 20
-16.3400693931
 30
0.0
 40
0.0
 41
0.0
  0
VERTEX
  5
9B
100
AcDbEntity
  8
EBENE_1
390
0
  6
Continuous
 62
       250
 48
0.0503534939
100
AcDbVertex
100
AcDb2dVertex
 10
77.6033161898
 20
-16.1023336637
 30
0.0
 40
0.0
 41
0.0
  0
VERTEX
  5
9C
100
AcDbEntity
  8
EBENE_1
390
0
  6
Continuous
 62
       250
 48
0.0503534939
100
AcDbVertex
100
AcDb2dVertex
 10
77.552323121
 20
-15.8627536672
 30
0.0
 40
0.0
 41
0.0
  0
VERTEX
  5
9D
100
AcDbEntity
  8
EBENE_1
390
0
  6
Continuous
 62
       250
 48
0.0503534939
100
AcDbVertex
100
AcDb2dVertex
 10
77.5117375203
 20
-15.6208730595
 30
0.0
 40
0.0
 41
0.0
  0
VERTEX
  5
9E
100
AcDbEntity
  8
EBENE_1
390
0
  6
Continuous
 62
       250
 48
0.0503534939
100
AcDbVertex
100
AcDb2dVertex
 10
77.4781248967
 20
-15.3775634813
 30
0.0
 40
0.0
 41
0.0
  0
VERTEX
  5
9F
100
AcDbEntity
  8
EBENE_1
390
0
  6
Continuous
 62
       250
 48
0.0503534939
100
AcDbVertex
100
AcDb2dVertex
 10
77.4553295837
 20
-15.1348748919
 30
0.0
 40
0.0
 41
0.0
  0
VERTEX
  5
A0
100
AcDbEntity
  8
EBENE_1
390
0
  6
Continuous
 62
       250
 48
0.0503534939
100
AcDbVertex
100
AcDb2dVertex
 10
77.4397169652
 20
-14.8929034881
 30
0.0
 40
0.0
 41
0.0
  0
VERTEX
  5
A1
100
AcDbEntity
  8
EBENE_1
390
0
  6
Continuous
 62
       250
 48
0.0503534939
100
AcDbVertex
100
AcDb2dVertex
 10
77.434730831
 20
-14.6502669029
 30
0.0
 40
0.0
 41
0.0
  0
VERTEX
  5
A2
100
AcDbEntity
  8
EBENE_1
390
0
  6
Continuous
 62
       250
 48
0.0503534939
100
AcDbVertex
100
AcDb2dVertex
 10
77.4368269577
 20
-14.4074418677
 30
0.0
 40
0.0
 41
0.0
  0
VERTEX
  5
A3
100
AcDbEntity
  8
EBENE_1
390
0
  6
Continuous
 62
       250
 48
0.0503534939
100
AcDbVertex
100
AcDb2dVertex
 10
77.4495196662
 20
-14.1646708688
 30
0.0
 40
0.0
 41
0.0
  0
VERTEX
  5
A4
100
AcDbEntity
  8
EBENE_1
390
0
  6
Continuous
 62
       250
 48
0.0503534939
100
AcDbVertex
100
AcDb2dVertex
 10
77.469281616
 20
-13.9220670102
 30
0.0
 40
0.0
 41
0.0
  0
VERTEX
  5
A5
100
AcDbEntity
  8
EBENE_1
390
0
  6
Continuous
 62
       250
 48
0.0503534939
100
AcDbVertex
100
AcDb2dVertex
 10
77.4995233198
 20
-13.6807547774
 30
0.0
 40
0.0
 41
0.0
  0
VERTEX
  5
A6
100
AcDbEntity
  8
EBENE_1
390
0
  6
Continuous
 62
       250
 48
0.0503534939
100
AcDbVertex
100
AcDb2dVertex
 10
77.5366265242
 20
-13.441135099
 30
0.0
 40
0.0
 41
0.0
  0
VERTEX
  5
A7
100
AcDbEntity
  8
EBENE_1
390
0
  6
Continuous
 62
       250
 48
0.0503534939
100
AcDbVertex
100
AcDb2dVertex
 10
77.5839971223
 20
-13.2044164914
 30
0.0
 40
0.0
 41
0.0
  0
VERTEX
  5
A8
100
AcDbEntity
  8
EBENE_1
390
0
  6
Continuous
 62
       250
 48
0.0503534939
100
AcDbVertex
100
AcDb2dVertex
 10
77.6381517583
 20
-12.9697993135
 30
0.0
 40
0.0
 41
0.0
  0
VERTEX
  5
A9
100
AcDbEntity
  8
EBENE_1
390
0
  6
Continuous
 62
       250
 48
0.0503534939
100
AcDbVertex
100
AcDb2dVertex
 10
77.702589113
 20
-12.737506812
 30
0.0
 40
0.0
 41
0.0
  0
VERTEX
  5
AA
100
AcDbEntity
  8
EBENE_1
390
0
  6
Continuous
 62
       250
 48
0.0503534939
100
AcDbVertex
100
AcDb2dVertex
 10
77.7738110189
 20
-12.5070252829
 30
0.0
 40
0.0
 41
0.0
  0
VERTEX
  5
AB
100
AcDbEntity
  8
EBENE_1
390
0
  6
Continuous
 62
       250
 48
0.0503534939
100
AcDbVertex
100
AcDb2dVertex
 10
77.8551020996
 20
-12.279564718
 30
0.0
 40
0.0
 41
0.0
  0
VERTEX
  5
AC
100
AcDbEntity
  8
EBENE_1
390
0
  6
Continuous
 62
       250
 48
0.0503534939
100
AcDbVertex
100
AcDb2dVertex
 10
77.9430680847
 20
-12.0542300369
 30
0.0
 40
0.0
 41
0.0
  0
VERTEX
  5
AD
100
AcDbEntity
  8
EBENE_1
390
0
  6
Continuous
 62
       250
 48
0.0503534939
100
AcDbVertex
100
AcDb2dVertex
 10
78.0404471375
 20
-11.8336572514
 30
0.0
 40
0.0
 41
0.0
  0
VERTEX
  5
AE
100
AcDbEntity
  8
EBENE_1
390
0
  6
Continuous
 62
       250
 48
0.0503534939
100
AcDbVertex
100
AcDb2dVertex
 10
78.1433999784
 20
-11.6177461247
 30
0.0
 40
0.0
 41
0.0
  0
VERTEX
  5
AF
100
AcDbEntity
  8
EBENE_1
390
0
  6
Continuous
 62
       250
 48
0.0503534939
100
AcDbVertex
100
AcDb2dVertex
 10
78.2556363884
 20
-11.4067258507
 30
0.0
 40
0.0
 41
0.0
  0
VERTEX
  5
B0
100
AcDbEntity
  8
EBENE_1
390
0
  6
Continuous
 62
       250
 48
0.0503534939
100
AcDbVertex
100
AcDb2dVertex
 10
78.3740351826
 20
-11.1989995026
 30
0.0
 40
0.0
 41
0.0
  0
VERTEX
  5
B1
100
AcDbEntity
  8
EBENE_1
390
0
  6
Continuous
 62
       250
 48
0.0503534939
100
AcDbVertex
100
AcDb2dVertex
 10
78.5015840283
 20
-10.9963204281
 30
0.0
 40
0.0
 41
0.0
  0
VERTEX
  5
B2
100
AcDbEntity
  8
EBENE_1
390
0
  6
Continuous
 62
       250
 48
0.0503534939
100
AcDbVertex
100
AcDb2dVertex
 10
78.6350837228
 20
-10.7972582421
 30
0.0
 40
0.0
 41
0.0
  0
VERTEX
  5
B3
100
AcDbEntity
  8
EBENE_1
390
0
  6
Continuous
 62
       250
 48
0.0503534939
100
AcDbVertex
100
AcDb2dVertex
 10
78.7772193427
 20
-10.6040297993
 30
0.0
 40
0.0
 41
0.0
  0
VERTEX
  5
B4
100
AcDbEntity
  8
EBENE_1
390
0
  6
Continuous
 62
       250
 48
0.0503534939
100
AcDbVertex
100
AcDb2dVertex
 10
78.9244144694
 20
-10.4155748069
 30
0.0
 40
0.0
 41
0.0
  0
VERTEX
  5
B5
100
AcDbEntity
  8
EBENE_1
390
0
  6
Continuous
 62
       250
 48
0.0503534939
100
AcDbVertex
100
AcDb2dVertex
 10
79.0791370955
 20
-10.234376676
 30
0.0
 40
0.0
 41
0.0
  0
VERTEX
  5
B6
100
AcDbEntity
  8
EBENE_1
390
0
  6
Continuous
 62
       250
 48
0.0503534939
100
AcDbVertex
100
AcDb2dVertex
 10
79.2384612271
 20
-10.0585083038
 30
0.0
 40
0.0
 41
0.0
  0
VERTEX
  5
B7
100
AcDbEntity
  8
EBENE_1
390
0
  6
Continuous
 62
       250
 48
0.0503534939
100
AcDbVertex
100
AcDb2dVertex
 10
79.4053534614
 20
-9.8897693274
 30
0.0
 40
0.0
 41
0.0
  0
VERTEX
  5
B8
100
AcDbEntity
  8
EBENE_1
390
0
  6
Continuous
 62
       250
 48
0.0503534939
100
AcDbVertex
100
AcDb2dVertex
 10
79.5771772365
 20
-9.7258765773
 30
0.0
 40
0.0
 41
0.0
  0
VERTEX
  5
B9
100
AcDbEntity
  8
EBENE_1
390
0
  6
Continuous
 62
       250
 48
0.0503534939
100
AcDbVertex
100
AcDb2dVertex
 10
79.7563453862
 20
-9.569331423
 30
0.0
 40
0.0
 41
0.0
  0
VERTEX
  5
BA
100
AcDbEntity
  8
EBENE_1
390
0
  6
Continuous
 62
       250
 48
0.0503534939
100
AcDbVertex
100
AcDb2dVertex
 10
79.9401876797
 20
-9.4179041723
 30
0.0
 40
0.0
 41
0.0
  0
VERTEX
  5
BB
100
AcDbEntity
  8
EBENE_1
390
0
  6
Continuous
 62
       250
 48
0.0503534939
100
AcDbVertex
100
AcDb2dVertex
 10
80.1304995208
 20
-9.2745997089
 30
0.0
 40
0.0
 41
0.0
  0
VERTEX
  5
BC
100
AcDbEntity
  8
EBENE_1
390
0
  6
Continuous
 62
       250
 48
0.0503534939
100
AcDbVertex
100
AcDb2dVertex
 10
80.3233004106
 20
-9.1379990205
 30
0.0
 40
0.0
 41
0.0
  0
VERTEX
  5
BD
100
AcDbEntity
  8
EBENE_1
390
0
  6
Continuous
 62
       250
 48
0.0503534939
100
AcDbVertex
100
AcDb2dVertex
 10
80.5211247538
 20
-9.0104545571
 30
0.0
 40
0.0
 41
0.0
  0
VERTEX
  5
BE
100
AcDbEntity
  8
EBENE_1
390
0
  6
Continuous
 62
       250
 48
0.0503534939
100
AcDbVertex
100
AcDb2dVertex
 10
80.7227097641
 20
-8.8886954043
 30
0.0
 40
0.0
 41
0.0
  0
VERTEX
  5
BF
100
AcDbEntity
  8
EBENE_1
390
0
  6
Continuous
 62
       250
 48
0.0503534939
100
AcDbVertex
100
AcDb2dVertex
 10
80.9296358827
 20
-8.7757516749
 30
0.0
 40
0.0
 41
0.0
  0
VERTEX
  5
C0
100
AcDbEntity
  8
EBENE_1
390
0
  6
Continuous
 62
       250
 48
0.0503534939
100
AcDbVertex
100
AcDb2dVertex
 10
81.1398824985
 20
-8.6687983152
 30
0.0
 40
0.0
 41
0.0
  0
VERTEX
  5
C1
100
AcDbEntity
  8
EBENE_1
390
0
  6
Continuous
 62
       250
 48
0.0503534939
100
AcDbVertex
100
AcDb2dVertex
 10
81.3550477516
 20
-8.5708845003
 30
0.0
 40
0.0
 41
0.0
  0
VERTEX
  5
C2
100
AcDbEntity
  8
EBENE_1
390
0
  6
Continuous
 62
       250
 48
0.0503534939
100
AcDbVertex
100
AcDb2dVertex
 10
81.5725037979
 20
-8.4794173865
 30
0.0
 40
0.0
 41
0.0
  0
VERTEX
  5
C3
100
AcDbEntity
  8
EBENE_1
390
0
  6
Continuous
 62
       250
 48
0.0503534939
100
AcDbVertex
100
AcDb2dVertex
 10
81.7928986086
 20
-8.3978098553
 30
0.0
 40
0.0
 41
0.0
  0
VERTEX
  5
C4
100
AcDbEntity
  8
EBENE_1
390
0
  6
Continuous
 62
       250
 48
0.0503534939
100
AcDbVertex
100
AcDb2dVertex
 10
82.0146981048
 20
-8.3230035089
 30
0.0
 40
0.0
 41
0.0
  0
VERTEX
  5
C5
100
AcDbEntity
  8
EBENE_1
390
0
  6
Continuous
 62
       250
 48
0.0503534939
100
AcDbVertex
100
AcDb2dVertex
 10
82.2392026614
 20
-8.258120885
 30
0.0
 40
0.0
 41
0.0
  0
VERTEX
  5
C6
100
AcDbEntity
  8
EBENE_1
390
0
  6
Continuous
 62
       250
 48
0.0503534939
100
AcDbVertex
100
AcDb2dVertex
 10
82.4656702063
 20
-8.1997627099
 30
0.0
 40
0.0
 41
0.0
  0
VERTEX
  5
C7
100
AcDbEntity
  8
EBENE_1
390
0
  6
Continuous
 62
       250
 48
0.0503534939
100
AcDbVertex
100
AcDb2dVertex
 10
82.6947523535
 20
-8.1512795701
 30
0.0
 40
0.0
 41
0.0
  0
VERTEX
  5
C8
100
AcDbEntity
  8
EBENE_1
390
0
  6
Continuous
 62
       250
 48
0.0503534939
100
AcDbVertex
100
AcDb2dVertex
 10
82.9253167204
 20
-8.1094279082
 30
0.0
 40
0.0
 41
0.0
  0
VERTEX
  5
C9
100
AcDbEntity
  8
EBENE_1
390
0
  6
Continuous
 62
       250
 48
0.0503534939
100
AcDbVertex
100
AcDb2dVertex
 10
83.1580581713
 20
-8.0775564181
 30
0.0
 40
0.0
 41
0.0
  0
VERTEX
  5
CA
100
AcDbEntity
  8
EBENE_1
390
0
  6
Continuous
 62
       250
 48
0.0503534939
100
AcDbVertex
100
AcDb2dVertex
 10
83.3903599057
 20
-8.0525972106
 30
0.0
 40
0.0
 41
0.0
  0
VERTEX
  5
CB
100
AcDbEntity
  8
EBENE_1
390
0
  6
Continuous
 62
       250
 48
0.0503534939
100
AcDbVertex
100
AcDb2dVertex
 10
83.6216449296
 20
-8.0379483014
 30
0.0
 40
0.0
 41
0.0
  0
VERTEX
  5
CC
100
AcDbEntity
  8
EBENE_1
390
0
  6
Continuous
 62
       250
 48
0.0503534939
100
AcDbVertex
100
AcDb2dVertex
 10
83.8533895287
 20
-8.0300687286
 30
0.0
 40
0.0
 41
0.0
  0
VERTEX
  5
CD
100
AcDbEntity
  8
EBENE_1
390
0
  6
Continuous
 62
       250
 48
0.0503534939
100
AcDbVertex
100
AcDb2dVertex
 10
84.085432411
 20
-8.0323467704
 30
0.0
 40
0.0
 41
0.0
  0
VERTEX
  5
CE
100
AcDbEntity
  8
EBENE_1
390
0
  6
Continuous
 62
       250
 48
0.0503534939
100
AcDbVertex
100
AcDb2dVertex
 10
84.3175287836
 20
-8.0413763635
 30
0.0
 40
0.0
 41
0.0
  0
VERTEX
  5
CF
100
AcDbEntity
  8
EBENE_1
390
0
  6
Continuous
 62
       250
 48
0.0503534939
100
AcDbVertex
100
AcDb2dVertex
 10
84.5493492911
 20
-8.0605298285
 30
0.0
 40
0.0
 41
0.0
  0
VERTEX
  5
D0
100
AcDbEntity
  8
EBENE_1
390
0
  6
Continuous
 62
       250
 48
0.0503534939
100
AcDbVertex
100
AcDb2dVertex
 10
84.7807193785
 20
-8.0864120306
 30
0.0
 40
0.0
 41
0.0
  0
VERTEX
  5
D1
100
AcDbEntity
  8
EBENE_1
390
0
  6
Continuous
 62
       250
 48
0.0503534939
100
AcDbVertex
100
AcDb2dVertex
 10
85.0095413966
 20
-8.1221219641
 30
0.0
 40
0.0
 41
0.0
  0
VERTEX
  5
D2
100
AcDbEntity
  8
EBENE_1
390
0
  6
Continuous
 62
       250
 48
0.0503534939
100
AcDbVertex
100
AcDb2dVertex
 10
85.2366049846
 20
-8.164384817
 30
0.0
 40
0.0
 41
0.0
  0
VERTEX
  5
D3
100
AcDbEntity
  8
EBENE_1
390
0
  6
Continuous
 62
       250
 48
0.0503534939
100
AcDbVertex
100
AcDb2dVertex
 10
85.460701961
 20
-8.216397622
 30
0.0
 40
0.0
 41
0.0
  0
VERTEX
  5
D4
100
AcDbEntity
  8
EBENE_1
390
0
  6
Continuous
 62
       250
 48
0.0503534939
100
AcDbVertex
100
AcDb2dVertex
 10
85.6833535906
 20
-8.274970509
 30
0.0
 40
0.0
 41
0.0
  0
VERTEX
  5
D5
100
AcDbEntity
  8
EBENE_1
390
0
  6
Continuous
 62
       250
 48
0.0503534939
100
AcDbVertex
100
AcDb2dVertex
 10
85.9034428114
 20
-8.3432702314
 30
0.0
 40
0.0
 41
0.0
  0
VERTEX
  5
D6
100
AcDbEntity
  8
EBENE_1
390
0
  6
Continuous
 62
       250
 48
0.0503534939
100
AcDbVertex
100
AcDb2dVertex
 10
86.1217023171
 20
-8.4180189735
 30
0.0
 40
0.0
 41
0.0
  0
VERTEX
  5
D7
100
AcDbEntity
  8
EBENE_1
390
0
  6
Continuous
 62
       250
 48
0.0503534939
100
AcDbVertex
100
AcDb2dVertex
 10
86.3368726081
 20
-8.5023238574
 30
0.0
 40
0.0
 41
0.0
  0
VERTEX
  5
D8
100
AcDbEntity
  8
EBENE_1
390
0
  6
Continuous
 62
       250
 48
0.0503534939
100
AcDbVertex
100
AcDb2dVertex
 10
86.5497150837
 20
-8.5929358637
 30
0.0
 40
0.0
 41
0.0
  0
VERTEX
  5
D9
100
AcDbEntity
  8
EBENE_1
390
0
  6
Continuous
 62
       250
 48
0.0503534939
100
AcDbVertex
100
AcDb2dVertex
 10
86.7555226708
 20
-8.6913834826
 30
0.0
 40
0.0
 41
0.0
  0
VERTEX
  5
DA
100
AcDbEntity
  8
EBENE_1
390
0
  6
Continuous
 62
       250
 48
0.0503534939
100
AcDbVertex
100
AcDb2dVertex
 10
86.9584442111
 20
-8.7958372163
 30
0.0
 40
0.0
 41
0.0
  0
VERTEX
  5
DB
100
AcDbEntity
  8
EBENE_1
390
0
  6
Continuous
 62
       250
 48
0.0503534939
100
AcDbVertex
100
AcDb2dVertex
 10
87.1567323572
 20
-8.9091766054
 30
0.0
 40
0.0
 41
0.0
  0
VERTEX
  5
DC
100
AcDbEntity
  8
EBENE_1
390
0
  6
Continuous
 62
       250
 48
0.0503534939
100
AcDbVertex
100
AcDb2dVertex
 10
87.3518225637
 20
-9.0283561263
 30
0.0
 40
0.0
 41
0.0
  0
VERTEX
  5
DD
100
AcDbEntity
  8
EBENE_1
390
0
  6
Continuous
 62
       250
 48
0.0503534939
100
AcDbVertex
100
AcDb2dVertex
 10
87.5417509618
 20
-9.1560676706
 30
0.0
 40
0.0
 41
0.0
  0
VERTEX
  5
DE
100
AcDbEntity
  8
EBENE_1
390
0
  6
Continuous
 62
       250
 48
0.0503534939
100
AcDbVertex
100
AcDb2dVertex
 10
87.7281425836
 20
-9.2894115082
 30
0.0
 40
0.0
 41
0.0
  0
VERTEX
  5
DF
100
AcDbEntity
  8
EBENE_1
390
0
  6
Continuous
 62
       250
 48
0.0503534939
100
AcDbVertex
100
AcDb2dVertex
 10
87.9080532482
 20
-9.4302908046
 30
0.0
 40
0.0
 41
0.0
  0
VERTEX
  5
E0
100
AcDbEntity
  8
EBENE_1
390
0
  6
Continuous
 62
       250
 48
0.0503534939
100
AcDbVertex
100
AcDb2dVertex
 10
88.0834174599
 20
-9.5760333976
 30
0.0
 40
0.0
 41
0.0
  0
VERTEX
  5
E1
100
AcDbEntity
  8
EBENE_1
390
0
  6
Continuous
 62
       250
 48
0.0503534939
100
AcDbVertex
100
AcDb2dVertex
 10
88.2510421422
 20
-9.7283036455
 30
0.0
 40
0.0
 41
0.0
  0
VERTEX
  5
E2
100
AcDbEntity
  8
EBENE_1
390
0
  6
Continuous
 62
       250
 48
0.0503534939
100
AcDbVertex
100
AcDb2dVertex
 10
88.4142229797
 20
-9.8854886077
 30
0.0
 40
0.0
 41
0.0
  0
VERTEX
  5
E3
100
AcDbEntity
  8
EBENE_1
390
0
  6
Continuous
 62
       250
 48
0.0503534939
100
AcDbVertex
100
AcDb2dVertex
 10
88.5705237015
 20
-10.0498038987
 30
0.0
 40
0.0
 41
0.0
  0
VERTEX
  5
E4
100
AcDbEntity
  8
EBENE_1
390
0
  6
Continuous
 62
       250
 48
0.0503534939
100
AcDbVertex
100
AcDb2dVertex
 10
88.7221471505
 20
-10.2187833274
 30
0.0
 40
0.0
 41
0.0
  0
VERTEX
  5
E5
100
AcDbEntity
  8
EBENE_1
390
0
  6
Continuous
 62
       250
 48
0.0503534939
100
AcDbVertex
100
AcDb2dVertex
 10
88.8664719256
 20
-10.3944198639
 30
0.0
 40
0.0
 41
0.0
  0
VERTEX
  5
E6
100
AcDbEntity
  8
EBENE_1
390
0
  6
Continuous
 62
       250
 48
0.0503534939
100
AcDbVertex
100
AcDb2dVertex
 10
89.005854114
 20
-10.5744282619
 30
0.0
 40
0.0
 41
0.0
  0
VERTEX
  5
E7
100
AcDbEntity
  8
EBENE_1
390
0
  6
Continuous
 62
       250
 48
0.0503534939
100
AcDbVertex
100
AcDb2dVertex
 10
89.136186041
 20
-10.7588453881
 30
0.0
 40
0.0
 41
0.0
  0
VERTEX
  5
E8
100
AcDbEntity
  8
EBENE_1
390
0
  6
Continuous
 62
       250
 48
0.0503534939
100
AcDbVertex
100
AcDb2dVertex
 10
89.2603723152
 20
-10.9459407714
 30
0.0
 40
0.0
 41
0.0
  0
VERTEX
  5
E9
100
AcDbEntity
  8
EBENE_1
390
0
  6
Continuous
 62
       250
 48
0.0503534939
100
AcDbVertex
100
AcDb2dVertex
 10
89.3763436933
 20
-11.1384915029
 30
0.0
 40
0.0
 41
0.0
  0
VERTEX
  5
EA
100
AcDbEntity
  8
EBENE_1
390
0
  6
Continuous
 62
       250
 48
0.0503534939
100
AcDbVertex
100
AcDb2dVertex
 10
89.4867196151
 20
-11.3344700625
 30
0.0
 40
0.0
 41
0.0
  0
VERTEX
  5
EB
100
AcDbEntity
  8
EBENE_1
390
0
  6
Continuous
 62
       250
 48
0.0503534939
100
AcDbVertex
100
AcDb2dVertex
 10
89.5885694109
 20
-11.5353103578
 30
0.0
 40
0.0
 41
0.0
  0
VERTEX
  5
EC
100
AcDbEntity
  8
EBENE_1
390
0
  6
Continuous
 62
       250
 48
0.0503534939
100
AcDbVertex
100
AcDb2dVertex
 10
89.6846727944
 20
-11.7392933127
 30
0.0
 40
0.0
 41
0.0
  0
VERTEX
  5
ED
100
AcDbEntity
  8
EBENE_1
390
0
  6
Continuous
 62
       250
 48
0.0503534939
100
AcDbVertex
100
AcDb2dVertex
 10
89.771756541
 20
-11.9470544174
 30
0.0
 40
0.0
 41
0.0
  0
VERTEX
  5
EE
100
AcDbEntity
  8
EBENE_1
390
0
  6
Continuous
 62
       250
 48
0.0503534939
100
AcDbVertex
100
AcDb2dVertex
 10
89.8525264157
 20
-12.1565661434
 30
0.0
 40
0.0
 41
0.0
  0
VERTEX
  5
EF
100
AcDbEntity
  8
EBENE_1
390
0
  6
Continuous
 62
       250
 48
0.0503534939
100
AcDbVertex
100
AcDb2dVertex
 10
89.9236845033
 20
-12.3684207586
 30
0.0
 40
0.0
 41
0.0
  0
VERTEX
  5
F0
100
AcDbEntity
  8
EBENE_1
390
0
  6
Continuous
 62
       250
 48
0.0503534939
100
AcDbVertex
100
AcDb2dVertex
 10
89.988411716
 20
-12.5816800896
 30
0.0
 40
0.0
 41
0.0
  0
VERTEX
  5
F1
100
AcDbEntity
  8
EBENE_1
390
0
  6
Continuous
 62
       250
 48
0.0503534939
100
AcDbVertex
100
AcDb2dVertex
 10
90.0438218264
 20
-12.7978450321
 30
0.0
 40
0.0
 41
0.0
  0
VERTEX
  5
F2
100
AcDbEntity
  8
EBENE_1
390
0
  6
Continuous
 62
       250
 48
0.0503534939
100
AcDbVertex
100
AcDb2dVertex
 10
90.0929538791
 20
-13.0156969184
 30
0.0
 40
0.0
 41
0.0
  0
VERTEX
  5
F3
100
AcDbEntity
  8
EBENE_1
390
0
  6
Continuous
 62
       250
 48
0.0503534939
100
AcDbVertex
100
AcDb2dVertex
 10
90.1326158813
 20
-13.2357881649
 30
0.0
 40
0.0
 41
0.0
  0
VERTEX
  5
F4
100
AcDbEntity
  8
EBENE_1
390
0
  6
Continuous
 62
       250
 48
0.0503534939
100
AcDbVertex
100
AcDb2dVertex
 10
90.1659445403
 20
-13.4572685829
 30
0.0
 40
0.0
 41
0.0
  0
VERTEX
  5
F5
100
AcDbEntity
  8
EBENE_1
390
0
  6
Continuous
 62
       250
 48
0.0503534939
100
AcDbVertex
100
AcDb2dVertex
 10
90.1895145884
 20
-13.6792085303
 30
0.0
 40
0.0
 41
0.0
  0
VERTEX
  5
F6
100
AcDbEntity
  8
EBENE_1
390
0
  6
Continuous
 62
       250
 48
0.0503534939
100
AcDbVertex
100
AcDb2dVertex
 10
90.2064490541
 20
-13.8998403216
 30
0.0
 40
0.0
 41
0.0
  0
VERTEX
  5
F7
100
AcDbEntity
  8
EBENE_1
390
0
  6
Continuous
 62
       250
 48
0.0503534939
100
AcDbVertex
100
AcDb2dVertex
 10
90.2136805045
 20
-14.1208203458
 30
0.0
 40
0.0
 41
0.0
  0
VERTEX
  5
F8
100
AcDbEntity
  8
EBENE_1
390
0
  6
Continuous
 62
       250
 48
0.0503534939
100
AcDbVertex
100
AcDb2dVertex
 10
90.2144498528
 20
-14.342008835
 30
0.0
 40
0.0
 41
0.0
  0
VERTEX
  5
F9
100
AcDbEntity
  8
EBENE_1
390
0
  6
Continuous
 62
       250
 48
0.0503534939
100
AcDbVertex
100
AcDb2dVertex
 10
90.2055512901
 20
-14.5633911133
 30
0.0
 40
0.0
 41
0.0
  0
VERTEX
  5
FA
100
AcDbEntity
  8
EBENE_1
390
0
  6
Continuous
 62
       250
 48
0.0503534939
100
AcDbVertex
100
AcDb2dVertex
 10
90.1902102747
 20
-14.7846245839
 30
0.0
 40
0.0
 41
0.0
  0
VERTEX
  5
FB
100
AcDbEntity
  8
EBENE_1
390
0
  6
Continuous
 62
       250
 48
0.0503534939
100
AcDbVertex
100
AcDb2dVertex
 10
90.1652507283
 20
-15.0051653097
 30
0.0
 40
0.0
 41
0.0
  0
VERTEX
  5
FC
100
AcDbEntity
  8
EBENE_1
390
0
  6
Continuous
 62
       250
 48
0.0503534939
100
AcDbVertex
100
AcDb2dVertex
 10
90.1340377412
 20
-15.2241601852
 30
0.0
 40
0.0
 41
0.0
  0
VERTEX
  5
FD
100
AcDbEntity
  8
EBENE_1
390
0
  6
Continuous
 62
       250
 48
0.0503534939
100
AcDbVertex
100
AcDb2dVertex
 10
90.0934360785
 20
-15.4407513026
 30
0.0
 40
0.0
 41
0.0
  0
VERTEX
  5
FE
100
AcDbEntity
  8
EBENE_1
390
0
  6
Continuous
 62
       250
 48
0.0503534939
100
AcDbVertex
100
AcDb2dVertex
 10
90.0466833116
 20
-15.6551354464
 30
0.0
 40
0.0
 41
0.0
  0
VERTEX
  5
FF
100
AcDbEntity
  8
EBENE_1
390
0
  6
Continuous
 62
       250
 48
0.0503534939
100
AcDbVertex
100
AcDb2dVertex
 10
89.9905713105
 20
-15.8672890528
 30
0.0
 40
0.0
 41
0.0
  0
VERTEX
  5
100
100
AcDbEntity
  8
EBENE_1
390
0
  6
Continuous
 62
       250
 48
0.0503534939
100
AcDbVertex
100
AcDb2dVertex
 10
89.928274617
 20
-16.0778352041
 30
0.0
 40
0.0
 41
0.0
  0
VERTEX
  5
101
100
AcDbEntity
  8
EBENE_1
390
0
  6
Continuous
 62
       250
 48
0.0503534939
100
AcDbVertex
100
AcDb2dVertex
 10
89.8567183803
 20
-16.2858850533
 30
0.0
 40
0.0
 41
0.0
  0
VERTEX
  5
102
100
AcDbEntity
  8
EBENE_1
390
0
  6
Continuous
 62
       250
 48
0.0503534939
100
AcDbVertex
100
AcDb2dVertex
 10
89.7790872433
 20
-16.4919940439
 30
0.0
 40
0.0
 41
0.0
  0
VERTEX
  5
103
100
AcDbEntity
  8
EBENE_1
390
0
  6
Continuous
 62
       250
 48
0.0503534939
100
AcDbVertex
100
AcDb2dVertex
 10
89.6925597566
 20
-16.6945579943
 30
0.0
 40
0.0
 41
0.0
  0
VERTEX
  5
104
100
AcDbEntity
  8
EBENE_1
390
0
  6
Continuous
 62
       250
 48
0.0503534939
100
AcDbVertex
100
AcDb2dVertex
 10
89.6009742217
 20
-16.892770286
 30
0.0
 40
0.0
 41
0.0
  0
VERTEX
  5
105
100
AcDbEntity
  8
EBENE_1
390
0
  6
Continuous
 62
       250
 48
0.0503534939
100
AcDbVertex
100
AcDb2dVertex
 10
89.5011924316
 20
-17.0859806582
 30
0.0
 40
0.0
 41
0.0
  0
VERTEX
  5
106
100
AcDbEntity
  8
EBENE_1
390
0
  6
Continuous
 62
       250
 48
0.0503534939
100
AcDbVertex
100
AcDb2dVertex
 10
89.3957297705
 20
-17.2763060663
 30
0.0
 40
0.0
 41
0.0
  0
VERTEX
  5
107
100
AcDbEntity
  8
EBENE_1
390
0
  6
Continuous
 62
       250
 48
0.0503534939
100
AcDbVertex
100
AcDb2dVertex
 10
89.2819191838
 20
-17.4620463667
 30
0.0
 40
0.0
 41
0.0
  0
VERTEX
  5
108
100
AcDbEntity
  8
EBENE_1
390
0
  6
Continuous
 62
       250
 48
0.0503534939
100
AcDbVertex
100
AcDb2dVertex
 10
89.1626811468
 20
-17.6445247843
 30
0.0
 40
0.0
 41
0.0
  0
VERTEX
  5
109
100
AcDbEntity
  8
EBENE_1
390
0
  6
Continuous
 62
       250
 48
0.0503534939
100
AcDbVertex
100
AcDb2dVertex
 10
89.0353209362
 20
-17.8220487158
 30
0.0
 40
0.0
 41
0.0
  0
VERTEX
  5
10A
100
AcDbEntity
  8
EBENE_1
390
0
  6
Continuous
 62
       250
 48
0.0503534939
100
AcDbVertex
100
AcDb2dVertex
 10
88.9031879251
 20
-17.9954244488
 30
0.0
 40
0.0
 41
0.0
  0
VERTEX
  5
10B
100
AcDbEntity
  8
EBENE_1
390
0
  6
Continuous
 62
       250
 48
0.0503534939
100
AcDbVertex
100
AcDb2dVertex
 10
88.7642253125
 20
-18.1621943566
 30
0.0
 40
0.0
 41
0.0
  0
VERTEX
  5
10C
100
AcDbEntity
  8
EBENE_1
390
0
  6
Continuous
 62
       250
 48
0.0503534939
100
AcDbVertex
100
AcDb2dVertex
 10
88.6210730933
 20
-18.3241078266
 30
0.0
 40
0.0
 41
0.0
  0
VERTEX
  5
10D
100
AcDbEntity
  8
EBENE_1
390
0
  6
Continuous
 62
       250
 48
0.0503534939
100
AcDbVertex
100
AcDb2dVertex
 10
88.4712176111
 20
-18.4793020937
 30
0.0
 40
0.0
 41
0.0
  0
VERTEX
  5
10E
100
AcDbEntity
  8
EBENE_1
390
0
  6
Continuous
 62
       250
 48
0.0503534939
100
AcDbVertex
100
AcDb2dVertex
 10
88.3167717603
 20
-18.6301879107
 30
0.0
 40
0.0
 41
0.0
  0
VERTEX
  5
10F
100
AcDbEntity
  8
EBENE_1
390
0
  6
Continuous
 62
       250
 48
0.0503534939
100
AcDbVertex
100
AcDb2dVertex
 10
88.1556449691
 20
-18.7743938489
 30
0.0
 40
0.0
 41
0.0
  0
VERTEX
  5
110
100
AcDbEntity
  8
EBENE_1
390
0
  6
Continuous
 62
       250
 48
0.0503534939
100
AcDbVertex
100
AcDb2dVertex
 10
87.9902470823
 20
-18.913978218
 30
0.0
 40
0.0
 41
0.0
  0
VERTEX
  5
111
100
AcDbEntity
  8
EBENE_1
390
0
  6
Continuous
 62
       250
 48
0.0503534939
100
AcDbVertex
100
AcDb2dVertex
 10
87.8184013905
 20
-19.0466210156
 30
0.0
 40
0.0
 41
0.0
  0
VERTEX
  5
112
100
AcDbEntity
  8
EBENE_1
390
0
  6
Continuous
 62
       250
 48
0.0503534939
100
AcDbVertex
100
AcDb2dVertex
 10
87.6438423336
 20
-19.1734473199
 30
0.0
 40
0.0
 41
0.0
  0
VERTEX
  5
113
100
AcDbEntity
  8
EBENE_1
390
0
  6
Continuous
 62
       250
 48
0.0503534939
100
AcDbVertex
100
AcDb2dVertex
 10
87.4655393606
 20
-19.2914549162
 30
0.0
 40
0.0
 41
0.0
  0
VERTEX
  5
114
100
AcDbEntity
  8
EBENE_1
390
0
  6
Continuous
 62
       250
 48
0.0503534939
100
AcDbVertex
100
AcDb2dVertex
 10
87.2837386003
 20
-19.4042656087
 30
0.0
 40
0.0
 41
0.0
  0
VERTEX
  5
115
100
AcDbEntity
  8
EBENE_1
390
0
  6
Continuous
 62
       250
 48
0.0503534939
100
AcDbVertex
100
AcDb2dVertex
 10
87.0970085438
 20
-19.5090890931
 30
0.0
 40
0.0
 41
0.0
  0
VERTEX
  5
116
100
AcDbEntity
  8
EBENE_1
390
0
  6
Continuous
 62
       250
 48
0.0503534939
100
AcDbVertex
100
AcDb2dVertex
 10
86.9071149485
 20
-19.6085440214
 30
0.0
 40
0.0
 41
0.0
  0
VERTEX
  5
117
100
AcDbEntity
  8
EBENE_1
390
0
  6
Continuous
 62
       250
 48
0.0503534939
100
AcDbVertex
100
AcDb2dVertex
 10
86.7127672625
 20
-19.6997790935
 30
0.0
 40
0.0
 41
0.0
  0
VERTEX
  5
118
100
AcDbEntity
  8
EBENE_1
390
0
  6
Continuous
 62
       250
 48
0.0503534939
100
AcDbVertex
100
AcDb2dVertex
 10
86.5156752423
 20
-19.7854286374
 30
0.0
 40
0.0
 41
0.0
  0
VERTEX
  5
119
100
AcDbEntity
  8
EBENE_1
390
0
  6
Continuous
 62
       250
 48
0.0503534939
100
AcDbVertex
100
AcDb2dVertex
 10
86.3162086781
 20
-19.8620098519
 30
0.0
 40
0.0
 41
0.0
  0
VERTEX
  5
11A
100
AcDbEntity
  8
EBENE_1
390
0
  6
Continuous
 62
       250
 48
0.0503534939
100
AcDbVertex
100
AcDb2dVertex
 10
86.1151787914
 20
-19.9325267671
 30
0.0
 40
0.0
 41
0.0
  0
VERTEX
  5
11B
100
AcDbEntity
  8
EBENE_1
390
0
  6
Continuous
 62
       250
 48
0.0503534939
100
AcDbVertex
100
AcDb2dVertex
 10
85.9120992095
 20
-19.9938577479
 30
0.0
 40
0.0
 41
0.0
  0
VERTEX
  5
11C
100
AcDbEntity
  8
EBENE_1
390
0
  6
Continuous
 62
       250
 48
0.0503534939
100
AcDbVertex
100
AcDb2dVertex
 10
85.7071420422
 20
-20.0492806415
 30
0.0
 40
0.0
 41
0.0
  0
VERTEX
  5
11D
100
AcDbEntity
  8
EBENE_1
390
0
  6
Continuous
 62
       250
 48
0.0503534939
100
AcDbVertex
100
AcDb2dVertex
 10
85.4997466256
 20
-20.0957487863
 30
0.0
 40
0.0
 41
0.0
  0
VERTEX
  5
11E
100
AcDbEntity
  8
EBENE_1
390
0
  6
Continuous
 62
       250
 48
0.0503534939
100
AcDbVertex
100
AcDb2dVertex
 10
85.2908336482
 20
-20.1362225822
 30
0.0
 40
0.0
 41
0.0
  0
VERTEX
  5
11F
100
AcDbEntity
  8
EBENE_1
390
0
  6
Continuous
 62
       250
 48
0.0503534939
100
AcDbVertex
100
AcDb2dVertex
 10
85.0799817824
 20
-20.167641531
 30
0.0
 40
0.0
 41
0.0
  0
VERTEX
  5
120
100
AcDbEntity
  8
EBENE_1
390
0
  6
Continuous
 62
       250
 48
0.0503534939
100
AcDbVertex
100
AcDb2dVertex
 10
84.868082894
 20
-20.1929491343
 30
0.0
 40
0.0
 41
0.0
  0
VERTEX
  5
121
100
AcDbEntity
  8
EBENE_1
390
0
  6
Continuous
 62
       250
 48
0.0503534939
100
AcDbVertex
100
AcDb2dVertex
 10
84.658481602
 20
-20.2087358278
 30
0.0
 40
0.0
 41
0.0
  0
VERTEX
  5
122
100
AcDbEntity
  8
EBENE_1
390
0
  6
Continuous
 62
       250
 48
0.0503534939
100
AcDbVertex
100
AcDb2dVertex
 10
84.4484122453
 20
-20.2183973901
 30
0.0
 40
0.0
 41
0.0
  0
VERTEX
  5
123
100
AcDbEntity
  8
EBENE_1
390
0
  6
Continuous
 62
       250
 48
0.0503534939
100
AcDbVertex
100
AcDb2dVertex
 10
84.2379361
 20
-20.2188254117
 30
0.0
 40
0.0
 41
0.0
  0
VERTEX
  5
124
100
AcDbEntity
  8
EBENE_1
390
0
  6
Continuous
 62
       250
 48
0.0503534939
100
AcDbVertex
100
AcDb2dVertex
 10
84.0273081011
 20
-20.2131157149
 30
0.0
 40
0.0
 41
0.0
  0
VERTEX
  5
125
100
AcDbEntity
  8
EBENE_1
390
0
  6
Continuous
 62
       250
 48
0.0503534939
100
AcDbVertex
100
AcDb2dVertex
 10
83.8168624053
 20
-20.1982147813
 30
0.0
 40
0.0
 41
0.0
  0
VERTEX
  5
126
100
AcDbEntity
  8
EBENE_1
390
0
  6
Continuous
 62
       250
 48
0.0503534939
100
AcDbVertex
100
AcDb2dVertex
 10
83.6066308346
 20
-20.1771864053
 30
0.0
 40
0.0
 41
0.0
  0
VERTEX
  5
127
100
AcDbEntity
  8
EBENE_1
390
0
  6
Continuous
 62
       250
 48
0.0503534939
100
AcDbVertex
100
AcDb2dVertex
 10
83.3981928515
 20
-20.1471765543
 30
0.0
 40
0.0
 41
0.0
  0
VERTEX
  5
128
100
AcDbEntity
  8
EBENE_1
390
0
  6
Continuous
 62
       250
 48
0.0503534939
100
AcDbVertex
100
AcDb2dVertex
 10
83.1912077523
 20
-20.1112039498
 30
0.0
 40
0.0
 41
0.0
  0
VERTEX
  5
129
100
AcDbEntity
  8
EBENE_1
390
0
  6
Continuous
 62
       250
 48
0.0503534939
100
AcDbVertex
100
AcDb2dVertex
 10
82.9875399663
 20
-20.0664853314
 30
0.0
 40
0.0
 41
0.0
  0
VERTEX
  5
12A
100
AcDbEntity
  8
EBENE_1
390
0
  6
Continuous
 62
       250
 48
0.0503534939
100
AcDbVertex
100
AcDb2dVertex
 10
82.7851488881
 20
-20.0157959946
 30
0.0
 40
0.0
 41
0.0
  0
VERTEX
  5
12B
100
AcDbEntity
  8
EBENE_1
390
0
  6
Continuous
 62
       250
 48
0.0503534939
100
AcDbVertex
100
AcDb2dVertex
 10
82.5849505271
 20
-19.95624474
 30
0.0
 40
0.0
 41
0.0
  0
VERTEX
  5
12C
100
AcDbEntity
  8
EBENE_1
390
0
  6
Continuous
 62
       250
 48
0.0503534939
100
AcDbVertex
100
AcDb2dVertex
 10
82.3863211427
 20
-19.8908128196
 30
0.0
 40
0.0
 41
0.0
  0
VERTEX
  5
12D
100
AcDbEntity
  8
EBENE_1
390
0
  6
Continuous
 62
       250
 48
0.0503534939
100
AcDbVertex
100
AcDb2dVertex
 10
82.190440339
 20
-19.8167060739
 30
0.0
 40
0.0
 41
0.0
  0
VERTEX
  5
12E
100
AcDbEntity
  8
EBENE_1
390
0
  6
Continuous
 62
       250
 48
0.0503534939
100
AcDbVertex
100
AcDb2dVertex
 10
81.9964745534
 20
-19.7368298406
 30
0.0
 40
0.0
 41
0.0
  0
VERTEX
  5
12F
100
AcDbEntity
  8
EBENE_1
390
0
  6
Continuous
 62
       250
 48
0.0503534939
100
AcDbVertex
100
AcDb2dVertex
 10
81.8078594606
 20
-19.6493493296
 30
0.0
 40
0.0
 41
0.0
  0
VERTEX
  5
130
100
AcDbEntity
  8
EBENE_1
390
0
  6
Continuous
 62
       250
 48
0.0503534939
100
AcDbVertex
100
AcDb2dVertex
 10
81.6230220752
 20
-19.5569612296
 30
0.0
 40
0.0
 41
0.0
  0
VERTEX
  5
131
100
AcDbEntity
  8
EBENE_1
390
0
  6
Continuous
 62
       250
 48
0.0503534939
100
AcDbVertex
100
AcDb2dVertex
 10
81.4422208154
 20
-19.4564342399
 30
0.0
 40
0.0
 41
0.0
  0
VERTEX
  5
132
100
AcDbEntity
  8
EBENE_1
390
0
  6
Continuous
 62
       250
 48
0.0503534939
100
AcDbVertex
100
AcDb2dVertex
 10
81.2643064231
 20
-19.3505967579
 30
0.0
 40
0.0
 41
0.0
  0
VERTEX
  5
133
100
AcDbEntity
  8
EBENE_1
390
0
  6
Continuous
 62
       250
 48
0.0503534939
100
AcDbVertex
100
AcDb2dVertex
 10
81.0909526953
 20
-19.2369576919
 30
0.0
 40
0.0
 41
0.0
  0
VERTEX
  5
134
100
AcDbEntity
  8
EBENE_1
390
0
  6
Continuous
 62
       250
 48
0.0503534939
100
AcDbVertex
100
AcDb2dVertex
 10
80.9207298813
 20
-19.118164743
 30
0.0
 40
0.0
 41
0.0
  0
VERTEX
  5
135
100
AcDbEntity
  8
EBENE_1
390
0
  6
Continuous
 62
       250
 48
0.0503534939
100
AcDbVertex
100
AcDb2dVertex
 10
80.7559951741
 20
-18.9922396248
 30
0.0
 40
0.0
 41
0.0
  0
VERTEX
  5
136
100
AcDbEntity
  8
EBENE_1
390
0
  6
Continuous
 62
       250
 48
0.0503534939
100
AcDbVertex
100
AcDb2dVertex
 10
80.5955538079
 20
-18.8620703301
 30
0.0
 40
0.0
 41
0.0
  0
VERTEX
  5
137
100
AcDbEntity
  8
EBENE_1
390
0
  6
Continuous
 62
       250
 48
0.0503534939
100
AcDbVertex
100
AcDb2dVertex
 10
80.4417747666
 20
-18.7256761669
 30
0.0
 40
0.0
 41
0.0
  0
VERTEX
  5
138
100
AcDbEntity
  8
EBENE_1
390
0
  6
Continuous
 62
       250
 48
0.0503534939
100
AcDbVertex
100
AcDb2dVertex
 10
80.2925199647
 20
-18.585243583
 30
0.0
 40
0.0
 41
0.0
  0
VERTEX
  5
139
100
AcDbEntity
  8
EBENE_1
390
0
  6
Continuous
 62
       250
 48
0.0503534939
100
AcDbVertex
100
AcDb2dVertex
 10
80.1493358822
 20
-18.4381943617
 30
0.0
 40
0.0
 41
0.0
  0
VERTEX
  5
13A
100
AcDbEntity
  8
EBENE_1
390
0
  6
Continuous
 62
       250
 48
0.0503534939
100
AcDbVertex
100
AcDb2dVertex
 10
80.0103748713
 20
-18.286910779
 30
0.0
 40
0.0
 41
0.0
  0
VERTEX
  5
13B
100
AcDbEntity
  8
EBENE_1
390
0
  6
Continuous
 62
       250
 48
0.0503534939
100
AcDbVertex
100
AcDb2dVertex
 10
79.8779211192
 20
-18.1294797976
 30
0.0
 40
0.0
 41
0.0
  0
VERTEX
  5
13C
100
AcDbEntity
  8
EBENE_1
390
0
  6
Continuous
 62
       250
 48
0.0503534939
100
AcDbVertex
100
AcDb2dVertex
 10
79.7498650631
 20
-17.9680185573
 30
0.0
 40
0.0
 41
0.0
  0
VERTEX
  5
13D
100
AcDbEntity
  8
EBENE_1
390
0
  6
Continuous
 62
       250
 48
0.0503534939
100
AcDbVertex
100
AcDb2dVertex
 10
79.6294149755
 20
-17.8017778305
 30
0.0
 40
0.0
 41
0.0
  0
VERTEX
  5
13E
100
AcDbEntity
  8
EBENE_1
390
0
  6
Continuous
 62
       250
 48
0.0503534939
100
AcDbVertex
100
AcDb2dVertex
 10
79.5149403433
 20
-17.6336754504
 30
0.0
 40
0.0
 41
0.0
  0
VERTEX
  5
13F
100
AcDbEntity
  8
EBENE_1
390
0
  6
Continuous
 62
       250
 48
0.0503534939
100
AcDbVertex
100
AcDb2dVertex
 10
79.4080544702
 20
-17.4608603194
 30
0.0
 40
0.0
 41
0.0
  0
VERTEX
  5
140
100
AcDbEntity
  8
EBENE_1
390
0
  6
Continuous
 62
       250
 48
0.0503534939
100
AcDbVertex
100
AcDb2dVertex
 10
79.3062273425
 20
-17.2849083195
 30
0.0
 40
0.0
 41
0.0
  0
VERTEX
  5
141
100
AcDbEntity
  8
EBENE_1
390
0
  6
Continuous
 62
       250
 48
0.0503534939
100
AcDbVertex
100
AcDb2dVertex
 10
79.2120117571
 20
-17.1043547814
 30
0.0
 40
0.0
 41
0.0
  0
VERTEX
  5
142
100
AcDbEntity
  8
EBENE_1
390
0
  6
Continuous
 62
       250
 48
0.0503534939
100
AcDbVertex
100
AcDb2dVertex
 10
79.1229981936
 20
-16.9209632823
 30
0.0
 40
0.0
 41
0.0
  0
VERTEX
  5
143
100
AcDbEntity
  8
EBENE_1
390
0
  6
Continuous
 62
       250
 48
0.0503534939
100
AcDbVertex
100
AcDb2dVertex
 10
79.0419671291
 20
-16.7337219896
 30
0.0
 40
0.0
 41
0.0
  0
VERTEX
  5
144
100
AcDbEntity
  8
EBENE_1
390
0
  6
Continuous
 62
       250
 48
0.0503534939
100
AcDbVertex
100
AcDb2dVertex
 10
78.9666478092
 20
-16.5449185077
 30
0.0
 40
0.0
 41
0.0
  0
VERTEX
  5
145
100
AcDbEntity
  8
EBENE_1
390
0
  6
Continuous
 62
       250
 48
0.0503534939
100
AcDbVertex
100
AcDb2dVertex
 10
78.8999284666
 20
-16.3537997985
 30
0.0
 40
0.0
 41
0.0
  0
VERTEX
  5
146
100
AcDbEntity
  8
EBENE_1
390
0
  6
Continuous
 62
       250
 48
0.0503534939
100
AcDbVertex
100
AcDb2dVertex
 10
78.8391417258
 20
-16.1616856752
 30
0.0
 40
0.0
 41
0.0
  0
VERTEX
  5
147
100
AcDbEntity
  8
EBENE_1
390
0
  6
Continuous
 62
       250
 48
0.0503534939
100
AcDbVertex
100
AcDb2dVertex
 10
78.7868332038
 20
-15.9670594852
 30
0.0
 40
0.0
 41
0.0
  0
VERTEX
  5
148
100
AcDbEntity
  8
EBENE_1
390
0
  6
Continuous
 62
       250
 48
0.0503534939
100
AcDbVertex
100
AcDb2dVertex
 10
78.7401862811
 20
-15.7708729769
 30
0.0
 40
0.0
 41
0.0
  0
VERTEX
  5
149
100
AcDbEntity
  8
EBENE_1
390
0
  6
Continuous
 62
       250
 48
0.0503534939
100
AcDbVertex
100
AcDb2dVertex
 10
78.7020557956
 20
-15.5724124366
 30
0.0
 40
0.0
 41
0.0
  0
VERTEX
  5
14A
100
AcDbEntity
  8
EBENE_1
390
0
  6
Continuous
 62
       250
 48
0.0503534939
100
AcDbVertex
100
AcDb2dVertex
 10
78.6696564017
 20
-15.3727093133
 30
0.0
 40
0.0
 41
0.0
  0
VERTEX
  5
14B
100
AcDbEntity
  8
EBENE_1
390
0
  6
Continuous
 62
       250
 48
0.0503534939
100
AcDbVertex
100
AcDb2dVertex
 10
78.6459673691
 20
-15.1717699216
 30
0.0
 40
0.0
 41
0.0
  0
VERTEX
  5
14C
100
AcDbEntity
  8
EBENE_1
390
0
  6
Continuous
 62
       250
 48
0.0503534939
100
AcDbVertex
100
AcDb2dVertex
 10
78.6282987688
 20
-14.9721244367
 30
0.0
 40
0.0
 41
0.0
  0
VERTEX
  5
14D
100
AcDbEntity
  8
EBENE_1
390
0
  6
Continuous
 62
       250
 48
0.0503534939
100
AcDbVertex
100
AcDb2dVertex
 10
78.6194380795
 20
-14.7727788255
 30
0.0
 40
0.0
 41
0.0
  0
VERTEX
  5
14E
100
AcDbEntity
  8
EBENE_1
390
0
  6
Continuous
 62
       250
 48
0.0503534939
100
AcDbVertex
100
AcDb2dVertex
 10
78.616422369
 20
-14.5731182093
 30
0.0
 40
0.0
 41
0.0
  0
VERTEX
  5
14F
100
AcDbEntity
  8
EBENE_1
390
0
  6
Continuous
 62
       250
 48
0.0503534939
100
AcDbVertex
100
AcDb2dVertex
 10
78.6221492047
 20
-14.3732754118
 30
0.0
 40
0.0
 41
0.0
  0
VERTEX
  5
150
100
AcDbEntity
  8
EBENE_1
390
0
  6
Continuous
 62
       250
 48
0.0503534939
100
AcDbVertex
100
AcDb2dVertex
 10
78.633684866
 20
-14.1735392772
 30
0.0
 40
0.0
 41
0.0
  0
VERTEX
  5
151
100
AcDbEntity
  8
EBENE_1
390
0
  6
Continuous
 62
       250
 48
0.0503534939
100
AcDbVertex
100
AcDb2dVertex
 10
78.6539480227
 20
-13.9740118482
 30
0.0
 40
0.0
 41
0.0
  0
VERTEX
  5
152
100
AcDbEntity
  8
EBENE_1
390
0
  6
Continuous
 62
       250
 48
0.0503534939
100
AcDbVertex
100
AcDb2dVertex
 10
78.6799004795
 20
-13.7756403196
 30
0.0
 40
0.0
 41
0.0
  0
VERTEX
  5
153
100
AcDbEntity
  8
EBENE_1
390
0
  6
Continuous
 62
       250
 48
0.0503534939
100
AcDbVertex
100
AcDb2dVertex
 10
78.7143092835
 20
-13.5794678244
 30
0.0
 40
0.0
 41
0.0
  0
VERTEX
  5
154
100
AcDbEntity
  8
EBENE_1
390
0
  6
Continuous
 62
       250
 48
0.0503534939
100
AcDbVertex
100
AcDb2dVertex
 10
78.7542827836
 20
-13.3852918745
 30
0.0
 40
0.0
 41
0.0
  0
VERTEX
  5
155
100
AcDbEntity
  8
EBENE_1
390
0
  6
Continuous
 62
       250
 48
0.0503534939
100
AcDbVertex
100
AcDb2dVertex
 10
78.8026701829
 20
-13.1934194535
 30
0.0
 40
0.0
 41
0.0
  0
VERTEX
  5
156
100
AcDbEntity
  8
EBENE_1
390
0
  6
Continuous
 62
       250
 48
0.0503534939
100
AcDbVertex
100
AcDb2dVertex
 10
78.8566755228
 20
-13.0028665926
 30
0.0
 40
0.0
 41
0.0
  0
VERTEX
  5
157
100
AcDbEntity
  8
EBENE_1
390
0
  6
Continuous
 62
       250
 48
0.0503534939
100
AcDbVertex
100
AcDb2dVertex
 10
78.9190308302
 20
-12.8145816541
 30
0.0
 40
0.0
 41
0.0
  0
VERTEX
  5
158
100
AcDbEntity
  8
EBENE_1
390
0
  6
Continuous
 62
       250
 48
0.0503534939
100
AcDbVertex
100
AcDb2dVertex
 10
78.9868722562
 20
-12.6280216389
 30
0.0
 40
0.0
 41
0.0
  0
VERTEX
  5
159
100
AcDbEntity
  8
EBENE_1
390
0
  6
Continuous
 62
       250
 48
0.0503534939
100
AcDbVertex
100
AcDb2dVertex
 10
79.0629551783
 20
-12.4440753773
 30
0.0
 40
0.0
 41
0.0
  0
VERTEX
  5
15A
100
AcDbEntity
  8
EBENE_1
390
0
  6
Continuous
 62
       250
 48
0.0503534939
100
AcDbVertex
100
AcDb2dVertex
 10
79.1438344255
 20
-12.2635795175
 30
0.0
 40
0.0
 41
0.0
  0
VERTEX
  5
15B
100
AcDbEntity
  8
EBENE_1
390
0
  6
Continuous
 62
       250
 48
0.0503534939
100
AcDbVertex
100
AcDb2dVertex
 10
79.2317056269
 20
-12.0884860198
 30
0.0
 40
0.0
 41
0.0
  0
VERTEX
  5
15C
100
AcDbEntity
  8
EBENE_1
390
0
  6
Continuous
 62
       250
 48
0.0503534939
100
AcDbVertex
100
AcDb2dVertex
 10
79.3247357835
 20
-11.9159146983
 30
0.0
 40
0.0
 41
0.0
  0
VERTEX
  5
15D
100
AcDbEntity
  8
EBENE_1
390
0
  6
Continuous
 62
       250
 48
0.0503534939
100
AcDbVertex
100
AcDb2dVertex
 10
79.4253332793
 20
-11.7474285991
 30
0.0
 40
0.0
 41
0.0
  0
VERTEX
  5
15E
100
AcDbEntity
  8
EBENE_1
390
0
  6
Continuous
 62
       250
 48
0.0503534939
100
AcDbVertex
100
AcDb2dVertex
 10
79.5309059039
 20
-11.5817531036
 30
0.0
 40
0.0
 41
0.0
  0
VERTEX
  5
15F
100
AcDbEntity
  8
EBENE_1
390
0
  6
Continuous
 62
       250
 48
0.0503534939
100
AcDbVertex
100
AcDb2dVertex
 10
79.6437828267
 20
-11.4205617953
 30
0.0
 40
0.0
 41
0.0
  0
VERTEX
  5
160
100
AcDbEntity
  8
EBENE_1
390
0
  6
Continuous
 62
       250
 48
0.0503534939
100
AcDbVertex
100
AcDb2dVertex
 10
79.7613980727
 20
-11.2625488593
 30
0.0
 40
0.0
 41
0.0
  0
VERTEX
  5
161
100
AcDbEntity
  8
EBENE_1
390
0
  6
Continuous
 62
       250
 48
0.0503534939
100
AcDbVertex
100
AcDb2dVertex
 10
79.8849714271
 20
-11.1107520974
 30
0.0
 40
0.0
 41
0.0
  0
VERTEX
  5
162
100
AcDbEntity
  8
EBENE_1
390
0
  6
Continuous
 62
       250
 48
0.0503534939
100
AcDbVertex
100
AcDb2dVertex
 10
80.0125289816
 20
-10.9630982191
 30
0.0
 40
0.0
 41
0.0
  0
VERTEX
  5
163
100
AcDbEntity
  8
EBENE_1
390
0
  6
Continuous
 62
       250
 48
0.0503534939
100
AcDbVertex
100
AcDb2dVertex
 10
80.1458662138
 20
-10.8218579193
 30
0.0
 40
0.0
 41
0.0
  0
VERTEX
  5
164
100
AcDbEntity
  8
EBENE_1
390
0
  6
Continuous
 62
       250
 48
0.0503534939
100
AcDbVertex
100
AcDb2dVertex
 10
80.2833995112
 20
-10.684438966
 30
0.0
 40
0.0
 41
0.0
  0
VERTEX
  5
165
100
AcDbEntity
  8
EBENE_1
390
0
  6
Continuous
 62
       250
 48
0.0503534939
100
AcDbVertex
100
AcDb2dVertex
 10
80.4269587129
 20
-10.5530071168
 30
0.0
 40
0.0
 41
0.0
  0
VERTEX
  5
166
100
AcDbEntity
  8
EBENE_1
390
0
  6
Continuous
 62
       250
 48
0.0503534939
100
AcDbVertex
100
AcDb2dVertex
 10
80.5744621201
 20
-10.4256338582
 30
0.0
 40
0.0
 41
0.0
  0
VERTEX
  5
167
100
AcDbEntity
  8
EBENE_1
390
0
  6
Continuous
 62
       250
 48
0.0503534939
100
AcDbVertex
100
AcDb2dVertex
 10
80.7276315598
 20
-10.3045564311
 30
0.0
 40
0.0
 41
0.0
  0
VERTEX
  5
168
100
AcDbEntity
  8
EBENE_1
390
0
  6
Continuous
 62
       250
 48
0.0503534939
100
AcDbVertex
100
AcDb2dVertex
 10
80.8844209446
 20
-10.1878545446
 30
0.0
 40
0.0
 41
0.0
  0
VERTEX
  5
169
100
AcDbEntity
  8
EBENE_1
390
0
  6
Continuous
 62
       250
 48
0.0503534939
100
AcDbVertex
100
AcDb2dVertex
 10
81.0435518987
 20
-10.0798975718
 30
0.0
 40
0.0
 41
0.0
  0
VERTEX
  5
16A
100
AcDbEntity
  8
EBENE_1
390
0
  6
Continuous
 62
       250
 48
0.0503534939
100
AcDbVertex
100
AcDb2dVertex
 10
81.2058528049
 20
-9.9765852278
 30
0.0
 40
0.0
 41
0.0
  0
VERTEX
  5
16B
100
AcDbEntity
  8
EBENE_1
390
0
  6
Continuous
 62
       250
 48
0.0503534939
100
AcDbVertex
100
AcDb2dVertex
 10
81.372694294
 20
-9.8804059752
 30
0.0
 40
0.0
 41
0.0
  0
VERTEX
  5
16C
100
AcDbEntity
  8
EBENE_1
390
0
  6
Continuous
 62
       250
 48
0.0503534939
100
AcDbVertex
100
AcDb2dVertex
 10
81.5424636719
 20
-9.7890229262
 30
0.0
 40
0.0
 41
0.0
  0
VERTEX
  5
16D
100
AcDbEntity
  8
EBENE_1
390
0
  6
Continuous
 62
       250
 48
0.0503534939
100
AcDbVertex
100
AcDb2dVertex
 10
81.7162876464
 20
-9.7050150362
 30
0.0
 40
0.0
 41
0.0
  0
VERTEX
  5
16E
100
AcDbEntity
  8
EBENE_1
390
0
  6
Continuous
 62
       250
 48
0.0503534939
100
AcDbVertex
100
AcDb2dVertex
 10
81.8927451985
 20
-9.6259645387
 30
0.0
 40
0.0
 41
0.0
  0
VERTEX
  5
16F
100
AcDbEntity
  8
EBENE_1
390
0
  6
Continuous
 62
       250
 48
0.0503534939
100
AcDbVertex
100
AcDb2dVertex
 10
82.0718042469
 20
-9.554882456
 30
0.0
 40
0.0
 41
0.0
  0
VERTEX
  5
170
100
AcDbEntity
  8
EBENE_1
390
0
  6
Continuous
 62
       250
 48
0.0503534939
100
AcDbVertex
100
AcDb2dVertex
 10
82.2523796222
 20
-9.4892074972
 30
0.0
 40
0.0
 41
0.0
  0
VERTEX
  5
171
100
AcDbEntity
  8
EBENE_1
390
0
  6
Continuous
 62
       250
 48
0.0503534939
100
AcDbVertex
100
AcDb2dVertex
 10
82.4341986945
 20
-9.4320146058
 30
0.0
 40
0.0
 41
0.0
  0
VERTEX
  5
172
100
AcDbEntity
  8
EBENE_1
390
0
  6
Continuous
 62
       250
 48
0.0503534939
100
AcDbVertex
100
AcDb2dVertex
 10
82.6177352382
 20
-9.3801351034
 30
0.0
 40
0.0
 41
0.0
  0
VERTEX
  5
173
100
AcDbEntity
  8
EBENE_1
390
0
  6
Continuous
 62
       250
 48
0.0503534939
100
AcDbVertex
100
AcDb2dVertex
 10
82.8035887109
 20
-9.3362793124
 30
0.0
 40
0.0
 41
0.0
  0
VERTEX
  5
174
100
AcDbEntity
  8
EBENE_1
390
0
  6
Continuous
 62
       250
 48
0.0503534939
100
AcDbVertex
100
AcDb2dVertex
 10
82.9908934277
 20
-9.2977992899
 30
0.0
 40
0.0
 41
0.0
  0
VERTEX
  5
175
100
AcDbEntity
  8
EBENE_1
390
0
  6
Continuous
 62
       250
 48
0.0503534939
100
AcDbVertex
100
AcDb2dVertex
 10
83.179985259
 20
-9.2674505594
 30
0.0
 40
0.0
 41
0.0
  0
VERTEX
  5
176
100
AcDbEntity
  8
EBENE_1
390
0
  6
Continuous
 62
       250
 48
0.0503534939
100
AcDbVertex
100
AcDb2dVertex
 10
83.3702031171
 20
-9.2425490048
 30
0.0
 40
0.0
 41
0.0
  0
VERTEX
  5
177
100
AcDbEntity
  8
EBENE_1
390
0
  6
Continuous
 62
       250
 48
0.0503534939
100
AcDbVertex
100
AcDb2dVertex
 10
83.5594688866
 20
-9.2261244793
 30
0.0
 40
0.0
 41
0.0
  0
VERTEX
  5
178
100
AcDbEntity
  8
EBENE_1
390
0
  6
Continuous
 62
       250
 48
0.0503534939
100
AcDbVertex
100
AcDb2dVertex
 10
83.7478564624
 20
-9.2153121722
 30
0.0
 40
0.0
 41
0.0
  0
VERTEX
  5
179
100
AcDbEntity
  8
EBENE_1
390
0
  6
Continuous
 62
       250
 48
0.0503534939
100
AcDbVertex
100
AcDb2dVertex
 10
83.9367957165
 20
-9.212785849
 30
0.0
 40
0.0
 41
0.0
  0
VERTEX
  5
17A
100
AcDbEntity
  8
EBENE_1
390
0
  6
Continuous
 62
       250
 48
0.0503534939
100
AcDbVertex
100
AcDb2dVertex
 10
84.1258810767
 20
-9.2157827055
 30
0.0
 40
0.0
 41
0.0
  0
VERTEX
  5
17B
100
AcDbEntity
  8
EBENE_1
390
0
  6
Continuous
 62
       250
 48
0.0503534939
100
AcDbVertex
100
AcDb2dVertex
 10
84.3149326784
 20
-9.2270381793
 30
0.0
 40
0.0
 41
0.0
  0
VERTEX
  5
17C
100
AcDbEntity
  8
EBENE_1
390
0
  6
Continuous
 62
       250
 48
0.0503534939
100
AcDbVertex
100
AcDb2dVertex
 10
84.5038744324
 20
-9.2438057921
 30
0.0
 40
0.0
 41
0.0
  0
VERTEX
  5
17D
100
AcDbEntity
  8
EBENE_1
390
0
  6
Continuous
 62
       250
 48
0.0503534939
100
AcDbVertex
100
AcDb2dVertex
 10
84.6916858947
 20
-9.2687134497
 30
0.0
 40
0.0
 41
0.0
  0
VERTEX
  5
17E
100
AcDbEntity
  8
EBENE_1
390
0
  6
Continuous
 62
       250
 48
0.0503534939
100
AcDbVertex
100
AcDb2dVertex
 10
84.877949121
 20
-9.2989182591
 30
0.0
 40
0.0
 41
0.0
  0
VERTEX
  5
17F
100
AcDbEntity
  8
EBENE_1
390
0
  6
Continuous
 62
       250
 48
0.0503534939
100
AcDbVertex
100
AcDb2dVertex
 10
85.0616675828
 20
-9.3370645946
 30
0.0
 40
0.0
 41
0.0
  0
VERTEX
  5
180
100
AcDbEntity
  8
EBENE_1
390
0
  6
Continuous
 62
       250
 48
0.0503534939
100
AcDbVertex
100
AcDb2dVertex
 10
85.2435818743
 20
-9.3804561904
 30
0.0
 40
0.0
 41
0.0
  0
VERTEX
  5
181
100
AcDbEntity
  8
EBENE_1
390
0
  6
Continuous
 62
       250
 48
0.0503534939
100
AcDbVertex
100
AcDb2dVertex
 10
85.4237239884
 20
-9.4318572435
 30
0.0
 40
0.0
 41
0.0
  0
VERTEX
  5
182
100
AcDbEntity
  8
EBENE_1
390
0
  6
Continuous
 62
       250
 48
0.0503534939
100
AcDbVertex
100
AcDb2dVertex
 10
85.6024560511
 20
-9.4885356678
 30
0.0
 40
0.0
 41
0.0
  0
VERTEX
  5
183
100
AcDbEntity
  8
EBENE_1
390
0
  6
Continuous
 62
       250
 48
0.0503534939
100
AcDbVertex
100
AcDb2dVertex
 10
85.7788480655
 20
-9.5530431622
 30
0.0
 40
0.0
 41
0.0
  0
VERTEX
  5
184
100
AcDbEntity
  8
EBENE_1
390
0
  6
Continuous
 62
       250
 48
0.0503534939
100
AcDbVertex
100
AcDb2dVertex
 10
85.9536062441
 20
-9.6227414919
 30
0.0
 40
0.0
 41
0.0
  0
VERTEX
  5
185
100
AcDbEntity
  8
EBENE_1
390
0
  6
Continuous
 62
       250
 48
0.0503534939
100
AcDbVertex
100
AcDb2dVertex
 10
86.1244414469
 20
-9.6996543236
 30
0.0
 40
0.0
 41
0.0
  0
VERTEX
  5
186
100
AcDbEntity
  8
EBENE_1
390
0
  6
Continuous
 62
       250
 48
0.0503534939
100
AcDbVertex
100
AcDb2dVertex
 10
86.2912369785
 20
-9.7806903449
 30
0.0
 40
0.0
 41
0.0
  0
VERTEX
  5
187
100
AcDbEntity
  8
EBENE_1
390
0
  6
Continuous
 62
       250
 48
0.0503534939
100
AcDbVertex
100
AcDb2dVertex
 10
86.4541672269
 20
-9.8688963841
 30
0.0
 40
0.0
 41
0.0
  0
VERTEX
  5
188
100
AcDbEntity
  8
EBENE_1
390
0
  6
Continuous
 62
       250
 48
0.0503534939
100
AcDbVertex
100
AcDb2dVertex
 10
86.6145368231
 20
-9.9618838127
 30
0.0
 40
0.0
 41
0.0
  0
VERTEX
  5
189
100
AcDbEntity
  8
EBENE_1
390
0
  6
Continuous
 62
       250
 48
0.0503534939
100
AcDbVertex
100
AcDb2dVertex
 10
86.7710125387
 20
-10.061986338
 30
0.0
 40
0.0
 41
0.0
  0
VERTEX
  5
18A
100
AcDbEntity
  8
EBENE_1
390
0
  6
Continuous
 62
       250
 48
0.0503534939
100
AcDbVertex
100
AcDb2dVertex
 10
86.9246756474
 20
-10.1667041264
 30
0.0
 40
0.0
 41
0.0
  0
VERTEX
  5
18B
100
AcDbEntity
  8
EBENE_1
390
0
  6
Continuous
 62
       250
 48
0.0503534939
100
AcDbVertex
100
AcDb2dVertex
 10
87.0737828146
 20
-10.2780965557
 30
0.0
 40
0.0
 41
0.0
  0
VERTEX
  5
18C
100
AcDbEntity
  8
EBENE_1
390
0
  6
Continuous
 62
       250
 48
0.0503534939
100
AcDbVertex
100
AcDb2dVertex
 10
87.2190202858
 20
-10.3932667908
 30
0.0
 40
0.0
 41
0.0
  0
VERTEX
  5
18D
100
AcDbEntity
  8
EBENE_1
390
0
  6
Continuous
 62
       250
 48
0.0503534939
100
AcDbVertex
100
AcDb2dVertex
 10
87.3584408171
 20
-10.5141232862
 30
0.0
 40
0.0
 41
0.0
  0
VERTEX
  5
18E
100
AcDbEntity
  8
EBENE_1
390
0
  6
Continuous
 62
       250
 48
0.0503534939
100
AcDbVertex
100
AcDb2dVertex
 10
87.493554747
 20
-10.6384106071
 30
0.0
 40
0.0
 41
0.0
  0
VERTEX
  5
18F
100
AcDbEntity
  8
EBENE_1
390
0
  6
Continuous
 62
       250
 48
0.0503534939
100
AcDbVertex
100
AcDb2dVertex
 10
87.6231080224
 20
-10.768540846
 30
0.0
 40
0.0
 41
0.0
  0
VERTEX
  5
190
100
AcDbEntity
  8
EBENE_1
390
0
  6
Continuous
 62
       250
 48
0.0503534939
100
AcDbVertex
100
AcDb2dVertex
 10
87.7489033011
 20
-10.9024838634
 30
0.0
 40
0.0
 41
0.0
  0
VERTEX
  5
191
100
AcDbEntity
  8
EBENE_1
390
0
  6
Continuous
 62
       250
 48
0.0503534939
100
AcDbVertex
100
AcDb2dVertex
 10
87.8690260774
 20
-11.0421163849
 30
0.0
 40
0.0
 41
0.0
  0
VERTEX
  5
192
100
AcDbEntity
  8
EBENE_1
390
0
  6
Continuous
 62
       250
 48
0.0503534939
100
AcDbVertex
100
AcDb2dVertex
 10
87.9851966432
 20
-11.1853389078
 30
0.0
 40
0.0
 41
0.0
  0
VERTEX
  5
193
100
AcDbEntity
  8
EBENE_1
390
0
  6
Continuous
 62
       250
 48
0.0503534939
100
AcDbVertex
100
AcDb2dVertex
 10
88.0950458559
 20
-11.3334801588
 30
0.0
 40
0.0
 41
0.0
  0
VERTEX
  5
194
100
AcDbEntity
  8
EBENE_1
390
0
  6
Continuous
 62
       250
 48
0.0503534939
100
AcDbVertex
100
AcDb2dVertex
 10
88.1994495056
 20
-11.4831863541
 30
0.0
 40
0.0
 41
0.0
  0
VERTEX
  5
195
100
AcDbEntity
  8
EBENE_1
390
0
  6
Continuous
 62
       250
 48
0.0503534939
100
AcDbVertex
100
AcDb2dVertex
 10
88.2967102901
 20
-11.6365836842
 30
0.0
 40
0.0
 41
0.0
  0
VERTEX
  5
196
100
AcDbEntity
  8
EBENE_1
390
0
  6
Continuous
 62
       250
 48
0.0503534939
100
AcDbVertex
100
AcDb2dVertex
 10
88.3894997111
 20
-11.7928951954
 30
0.0
 40
0.0
 41
0.0
  0
VERTEX
  5
197
100
AcDbEntity
  8
EBENE_1
390
0
  6
Continuous
 62
       250
 48
0.0503534939
100
AcDbVertex
100
AcDb2dVertex
 10
88.4754701151
 20
-11.9533321664
 30
0.0
 40
0.0
 41
0.0
  0
VERTEX
  5
198
100
AcDbEntity
  8
EBENE_1
390
0
  6
Continuous
 62
       250
 48
0.0503534939
100
AcDbVertex
100
AcDb2dVertex
 10
88.5568056925
 20
-12.1163281349
 30
0.0
 40
0.0
 41
0.0
  0
VERTEX
  5
199
100
AcDbEntity
  8
EBENE_1
390
0
  6
Continuous
 62
       250
 48
0.0503534939
100
AcDbVertex
100
AcDb2dVertex
 10
88.6311617746
 20
-12.2831436224
 30
0.0
 40
0.0
 41
0.0
  0
VERTEX
  5
19A
100
AcDbEntity
  8
EBENE_1
390
0
  6
Continuous
 62
       250
 48
0.0503534939
100
AcDbVertex
100
AcDb2dVertex
 10
88.700485418
 20
-12.4515698649
 30
0.0
 40
0.0
 41
0.0
  0
VERTEX
  5
19B
100
AcDbEntity
  8
EBENE_1
390
0
  6
Continuous
 62
       250
 48
0.0503534939
100
AcDbVertex
100
AcDb2dVertex
 10
88.7621156668
 20
-12.6219944586
 30
0.0
 40
0.0
 41
0.0
  0
VERTEX
  5
19C
100
AcDbEntity
  8
EBENE_1
390
0
  6
Continuous
 62
       250
 48
0.0503534939
100
AcDbVertex
100
AcDb2dVertex
 10
88.8184273934
 20
-12.7932880418
 30
0.0
 40
0.0
 41
0.0
  0
VERTEX
  5
19D
100
AcDbEntity
  8
EBENE_1
390
0
  6
Continuous
 62
       250
 48
0.0503534939
100
AcDbVertex
100
AcDb2dVertex
 10
88.8670450997
 20
-12.9665489505
 30
0.0
 40
0.0
 41
0.0
  0
VERTEX
  5
19E
100
AcDbEntity
  8
EBENE_1
390
0
  6
Continuous
 62
       250
 48
0.0503534939
100
AcDbVertex
100
AcDb2dVertex
 10
88.9106339576
 20
-13.1413389622
 30
0.0
 40
0.0
 41
0.0
  0
VERTEX
  5
19F
100
AcDbEntity
  8
EBENE_1
390
0
  6
Continuous
 62
       250
 48
0.0503534939
100
AcDbVertex
100
AcDb2dVertex
 10
88.9466080737
 20
-13.318149889
 30
0.0
 40
0.0
 41
0.0
  0
VERTEX
  5
1A0
100
AcDbEntity
  8
EBENE_1
390
0
  6
Continuous
 62
       250
 48
0.0503534939
100
AcDbVertex
100
AcDb2dVertex
 10
88.9774739715
 20
-13.4960999534
 30
0.0
 40
0.0
 41
0.0
  0
VERTEX
  5
1A1
100
AcDbEntity
  8
EBENE_1
390
0
  6
Continuous
 62
       250
 48
0.0503534939
100
AcDbVertex
100
AcDb2dVertex
 10
89.0006575316
 20
-13.6757606914
 30
0.0
 40
0.0
 41
0.0
  0
VERTEX
  5
1A2
100
AcDbEntity
  8
EBENE_1
390
0
  6
Continuous
 62
       250
 48
0.0503534939
100
AcDbVertex
100
AcDb2dVertex
 10
89.0184815884
 20
-13.8547551321
 30
0.0
 40
0.0
 41
0.0
  0
VERTEX
  5
1A3
100
AcDbEntity
  8
EBENE_1
390
0
  6
Continuous
 62
       250
 48
0.0503534939
100
AcDbVertex
100
AcDb2dVertex
 10
89.0283344667
 20
-14.0324809669
 30
0.0
 40
0.0
 41
0.0
  0
VERTEX
  5
1A4
100
AcDbEntity
  8
EBENE_1
390
0
  6
Continuous
 62
       250
 48
0.0503534939
100
AcDbVertex
100
AcDb2dVertex
 10
89.0329790932
 20
-14.2105646226
 30
0.0
 40
0.0
 41
0.0
  0
VERTEX
  5
1A5
100
AcDbEntity
  8
EBENE_1
390
0
  6
Continuous
 62
       250
 48
0.0503534939
100
AcDbVertex
100
AcDb2dVertex
 10
89.0298089922
 20
-14.388862578
 30
0.0
 40
0.0
 41
0.0
  0
VERTEX
  5
1A6
100
AcDbEntity
  8
EBENE_1
390
0
  6
Continuous
 62
       250
 48
0.0503534939
100
AcDbVertex
100
AcDb2dVertex
 10
89.0214453951
 20
-14.5672084136
 30
0.0
 40
0.0
 41
0.0
  0
VERTEX
  5
1A7
100
AcDbEntity
  8
EBENE_1
390
0
  6
Continuous
 62
       250
 48
0.0503534939
100
AcDbVertex
100
AcDb2dVertex
 10
89.005293862
 20
-14.7453382255
 30
0.0
 40
0.0
 41
0.0
  0
VERTEX
  5
1A8
100
AcDbEntity
  8
EBENE_1
390
0
  6
Continuous
 62
       250
 48
0.0503534939
100
AcDbVertex
100
AcDb2dVertex
 10
88.9839706423
 20
-14.9231144864
 30
0.0
 40
0.0
 41
0.0
  0
VERTEX
  5
1A9
100
AcDbEntity
  8
EBENE_1
390
0
  6
Continuous
 62
       250
 48
0.0503534939
100
AcDbVertex
100
AcDb2dVertex
 10
88.9551663892
 20
-15.098571736
 30
0.0
 40
0.0
 41
0.0
  0
VERTEX
  5
1AA
100
AcDbEntity
  8
EBENE_1
390
0
  6
Continuous
 62
       250
 48
0.0503534939
100
AcDbVertex
100
AcDb2dVertex
 10
88.9213606722
 20
-15.2725164634
 30
0.0
 40
0.0
 41
0.0
  0
VERTEX
  5
1AB
100
AcDbEntity
  8
EBENE_1
390
0
  6
Continuous
 62
       250
 48
0.0503534939
100
AcDbVertex
100
AcDb2dVertex
 10
88.8801137133
 20
-15.4439486983
 30
0.0
 40
0.0
 41
0.0
  0
VERTEX
  5
1AC
100
AcDbEntity
  8
EBENE_1
390
0
  6
Continuous
 62
       250
 48
0.0503534939
100
AcDbVertex
100
AcDb2dVertex
 10
88.8338272139
 20
-15.6142801596
 30
0.0
 40
0.0
 41
0.0
  0
VERTEX
  5
1AD
100
AcDbEntity
  8
EBENE_1
390
0
  6
Continuous
 62
       250
 48
0.0503534939
100
AcDbVertex
100
AcDb2dVertex
 10
88.7800784104
 20
-15.7826329345
 30
0.0
 40
0.0
 41
0.0
  0
VERTEX
  5
1AE
100
AcDbEntity
  8
EBENE_1
390
0
  6
Continuous
 62
       250
 48
0.0503534939
100
AcDbVertex
100
AcDb2dVertex
 10
88.7213798707
 20
-15.9495900213
 30
0.0
 40
0.0
 41
0.0
  0
VERTEX
  5
1AF
100
AcDbEntity
  8
EBENE_1
390
0
  6
Continuous
 62
       250
 48
0.0503534939
100
AcDbVertex
100
AcDb2dVertex
 10
88.6553620073
 20
-16.1141758332
 30
0.0
 40
0.0
 41
0.0
  0
VERTEX
  5
1B0
100
AcDbEntity
  8
EBENE_1
390
0
  6
Continuous
 62
       250
 48
0.0503534939
100
AcDbVertex
100
AcDb2dVertex
 10
88.584506979
 20
-16.2769658693
 30
0.0
 40
0.0
 41
0.0
  0
VERTEX
  5
1B1
100
AcDbEntity
  8
EBENE_1
390
0
  6
Continuous
 62
       250
 48
0.0503534939
100
AcDbVertex
100
AcDb2dVertex
 10
88.5079817692
 20
-16.4336609874
 30
0.0
 40
0.0
 41
0.0
  0
VERTEX
  5
1B2
100
AcDbEntity
  8
EBENE_1
390
0
  6
Continuous
 62
       250
 48
0.0503534939
100
AcDbVertex
100
AcDb2dVertex
 10
88.4268609066
 20
-16.5881404224
 30
0.0
 40
0.0
 41
0.0
  0
VERTEX
  5
1B3
100
AcDbEntity
  8
EBENE_1
390
0
  6
Continuous
 62
       250
 48
0.0503534939
100
AcDbVertex
100
AcDb2dVertex
 10
88.338936032
 20
-16.7390701823
 30
0.0
 40
0.0
 41
0.0
  0
VERTEX
  5
1B4
100
AcDbEntity
  8
EBENE_1
390
0
  6
Continuous
 62
       250
 48
0.0503534939
100
AcDbVertex
100
AcDb2dVertex
 10
88.2465330991
 20
-16.8875618497
 30
0.0
 40
0.0
 41
0.0
  0
VERTEX
  5
1B5
100
AcDbEntity
  8
EBENE_1
390
0
  6
Continuous
 62
       250
 48
0.0503534939
100
AcDbVertex
100
AcDb2dVertex
 10
88.1476029254
 20
-17.0320951408
 30
0.0
 40
0.0
 41
0.0
  0
VERTEX
  5
1B6
100
AcDbEntity
  8
EBENE_1
390
0
  6
Continuous
 62
       250
 48
0.0503534939
100
AcDbVertex
100
AcDb2dVertex
 10
88.0443535099
 20
-17.1739325945
 30
0.0
 40
0.0
 41
0.0
  0
VERTEX
  5
1B7
100
AcDbEntity
  8
EBENE_1
390
0
  6
Continuous
 62
       250
 48
0.0503534939
100
AcDbVertex
100
AcDb2dVertex
 10
87.9355119373
 20
-17.3106157637
 30
0.0
 40
0.0
 41
0.0
  0
VERTEX
  5
1B8
100
AcDbEntity
  8
EBENE_1
390
0
  6
Continuous
 62
       250
 48
0.0503534939
100
AcDbVertex
100
AcDb2dVertex
 10
87.8230711192
 20
-17.4436866605
 30
0.0
 40
0.0
 41
0.0
  0
VERTEX
  5
1B9
100
AcDbEntity
  8
EBENE_1
390
0
  6
Continuous
 62
       250
 48
0.0503534939
100
AcDbVertex
100
AcDb2dVertex
 10
87.7059090806
 20
-17.5705411491
 30
0.0
 40
0.0
 41
0.0
  0
VERTEX
  5
1BA
100
AcDbEntity
  8
EBENE_1
390
0
  6
Continuous
 62
       250
 48
0.0503534939
100
AcDbVertex
100
AcDb2dVertex
 10
87.5849886537
 20
-17.6940015205
 30
0.0
 40
0.0
 41
0.0
  0
VERTEX
  5
1BB
100
AcDbEntity
  8
EBENE_1
390
0
  6
Continuous
 62
       250
 48
0.0503534939
100
AcDbVertex
100
AcDb2dVertex
 10
87.4586086219
 20
-17.8122162231
 30
0.0
 40
0.0
 41
0.0
  0
VERTEX
  5
1BC
100
AcDbEntity
  8
EBENE_1
390
0
  6
Continuous
 62
       250
 48
0.0503534939
100
AcDbVertex
100
AcDb2dVertex
 10
87.3286419453
 20
-17.926876151
 30
0.0
 40
0.0
 41
0.0
  0
VERTEX
  5
1BD
100
AcDbEntity
  8
EBENE_1
390
0
  6
Continuous
 62
       250
 48
0.0503534939
100
AcDbVertex
100
AcDb2dVertex
 10
87.1935813235
 20
-18.0359675458
 30
0.0
 40
0.0
 41
0.0
  0
VERTEX
  5
1BE
100
AcDbEntity
  8
EBENE_1
390
0
  6
Continuous
 62
       250
 48
0.0503534939
100
AcDbVertex
100
AcDb2dVertex
 10
87.0551536182
 20
-18.1413038889
 30
0.0
 40
0.0
 41
0.0
  0
VERTEX
  5
1BF
100
AcDbEntity
  8
EBENE_1
390
0
  6
Continuous
 62
       250
 48
0.0503534939
100
AcDbVertex
100
AcDb2dVertex
 10
86.9138049608
 20
-18.2394370051
 30
0.0
 40
0.0
 41
0.0
  0
VERTEX
  5
1C0
100
AcDbEntity
  8
EBENE_1
390
0
  6
Continuous
 62
       250
 48
0.0503534939
100
AcDbVertex
100
AcDb2dVertex
 10
86.7707251825
 20
-18.3326924873
 30
0.0
 40
0.0
 41
0.0
  0
VERTEX
  5
1C1
100
AcDbEntity
  8
EBENE_1
390
0
  6
Continuous
 62
       250
 48
0.0503534939
100
AcDbVertex
100
AcDb2dVertex
 10
86.6234559143
 20
-18.419700339
 30
0.0
 40
0.0
 41
0.0
  0
VERTEX
  5
1C2
100
AcDbEntity
  8
EBENE_1
390
0
  6
Continuous
 62
       250
 48
0.0503534939
100
AcDbVertex
100
AcDb2dVertex
 10
86.4735752315
 20
-18.5024393784
 30
0.0
 40
0.0
 41
0.0
  0
VERTEX
  5
1C3
100
AcDbEntity
  8
EBENE_1
390
0
  6
Continuous
 62
       250
 48
0.0503534939
100
AcDbVertex
100
AcDb2dVertex
 10
86.3199865402
 20
-18.5786847709
 30
0.0
 40
0.0
 41
0.0
  0
VERTEX
  5
1C4
100
AcDbEntity
  8
EBENE_1
390
0
  6
Continuous
 62
       250
 48
0.0503534939
100
AcDbVertex
100
AcDb2dVertex
 10
86.1639886305
 20
-18.6505579889
 30
0.0
 40
0.0
 41
0.0
  0
VERTEX
  5
1C5
100
AcDbEntity
  8
EBENE_1
390
0
  6
Continuous
 62
       250
 48
0.0503534939
100
AcDbVertex
100
AcDb2dVertex
 10
86.0052442672
 20
-18.7155181181
 30
0.0
 40
0.0
 41
0.0
  0
VERTEX
  5
1C6
100
AcDbEntity
  8
EBENE_1
390
0
  6
Continuous
 62
       250
 48
0.0503534939
100
AcDbVertex
100
AcDb2dVertex
 10
85.8454055193
 20
-18.7755936506
 30
0.0
 40
0.0
 41
0.0
  0
VERTEX
  5
1C7
100
AcDbEntity
  8
EBENE_1
390
0
  6
Continuous
 62
       250
 48
0.0503534939
100
AcDbVertex
100
AcDb2dVertex
 10
85.6840717603
 20
-18.8282566293
 30
0.0
 40
0.0
 41
0.0
  0
VERTEX
  5
1C8
100
AcDbEntity
  8
EBENE_1
390
0
  6
Continuous
 62
       250
 48
0.0503534939
100
AcDbVertex
100
AcDb2dVertex
 10
85.5218406648
 20
-18.8759735555
 30
0.0
 40
0.0
 41
0.0
  0
VERTEX
  5
1C9
100
AcDbEntity
  8
EBENE_1
390
0
  6
Continuous
 62
       250
 48
0.0503534939
100
AcDbVertex
100
AcDb2dVertex
 10
85.3573596079
 20
-18.9166171483
 30
0.0
 40
0.0
 41
0.0
  0
VERTEX
  5
1CA
100
AcDbEntity
  8
EBENE_1
390
0
  6
Continuous
 62
       250
 48
0.0503534939
100
AcDbVertex
100
AcDb2dVertex
 10
85.1915956444
 20
-18.9524871943
 30
0.0
 40
0.0
 41
0.0
  0
VERTEX
  5
1CB
100
AcDbEntity
  8
EBENE_1
390
0
  6
Continuous
 62
       250
 48
0.0503534939
100
AcDbVertex
100
AcDb2dVertex
 10
85.0241182994
 20
-18.9811622035
 30
0.0
 40
0.0
 41
0.0
  0
VERTEX
  5
1CC
100
AcDbEntity
  8
EBENE_1
390
0
  6
Continuous
 62
       250
 48
0.0503534939
100
AcDbVertex
100
AcDb2dVertex
 10
84.8555626458
 20
-19.005028657
 30
0.0
 40
0.0
 41
0.0
  0
VERTEX
  5
1CD
100
AcDbEntity
  8
EBENE_1
390
0
  6
Continuous
 62
       250
 48
0.0503534939
100
AcDbVertex
100
AcDb2dVertex
 10
84.686913957
 20
-19.021463222
 30
0.0
 40
0.0
 41
0.0
  0
VERTEX
  5
1CE
100
AcDbEntity
  8
EBENE_1
390
0
  6
Continuous
 62
       250
 48
0.0503534939
100
AcDbVertex
100
AcDb2dVertex
 10
84.5197525361
 20
-19.0328389482
 30
0.0
 40
0.0
 41
0.0
  0
VERTEX
  5
1CF
100
AcDbEntity
  8
EBENE_1
390
0
  6
Continuous
 62
       250
 48
0.0503534939
100
AcDbVertex
100
AcDb2dVertex
 10
84.3524195177
 20
-19.0368501136
 30
0.0
 40
0.0
 41
0.0
  0
VERTEX
  5
1D0
100
AcDbEntity
  8
EBENE_1
390
0
  6
Continuous
 62
       250
 48
0.0503534939
100
AcDbVertex
100
AcDb2dVertex
 10
84.1849396434
 20
-19.0359554088
 30
0.0
 40
0.0
 41
0.0
  0
VERTEX
  5
1D1
100
AcDbEntity
  8
EBENE_1
390
0
  6
Continuous
 62
       250
 48
0.0503534939
100
AcDbVertex
100
AcDb2dVertex
 10
84.0172978392
 20
-19.0277292579
 30
0.0
 40
0.0
 41
0.0
  0
VERTEX
  5
1D2
100
AcDbEntity
  8
EBENE_1
390
0
  6
Continuous
 62
       250
 48
0.0503534939
100
AcDbVertex
100
AcDb2dVertex
 10
83.8497803596
 20
-19.0146205633
 30
0.0
 40
0.0
 41
0.0
  0
VERTEX
  5
1D3
100
AcDbEntity
  8
EBENE_1
390
0
  6
Continuous
 62
       250
 48
0.0503534939
100
AcDbVertex
100
AcDb2dVertex
 10
83.6828370676
 20
-18.9942336295
 30
0.0
 40
0.0
 41
0.0
  0
VERTEX
  5
1D4
100
AcDbEntity
  8
EBENE_1
390
0
  6
Continuous
 62
       250
 48
0.0503534939
100
AcDbVertex
100
AcDb2dVertex
 10
83.5173043619
 20
-18.9691591593
 30
0.0
 40
0.0
 41
0.0
  0
VERTEX
  5
1D5
100
AcDbEntity
  8
EBENE_1
390
0
  6
Continuous
 62
       250
 48
0.0503534939
100
AcDbVertex
100
AcDb2dVertex
 10
83.3538495564
 20
-18.9370263687
 30
0.0
 40
0.0
 41
0.0
  0
VERTEX
  5
1D6
100
AcDbEntity
  8
EBENE_1
390
0
  6
Continuous
 62
       250
 48
0.0503534939
100
AcDbVertex
100
AcDb2dVertex
 10
83.1922979445
 20
-18.9002834764
 30
0.0
 40
0.0
 41
0.0
  0
VERTEX
  5
1D7
100
AcDbEntity
  8
EBENE_1
390
0
  6
Continuous
 62
       250
 48
0.0503534939
100
AcDbVertex
100
AcDb2dVertex
 10
83.0324716138
 20
-18.8564688419
 30
0.0
 40
0.0
 41
0.0
  0
VERTEX
  5
1D8
100
AcDbEntity
  8
EBENE_1
390
0
  6
Continuous
 62
       250
 48
0.0503534939
100
AcDbVertex
100
AcDb2dVertex
 10
82.8738647869
 20
-18.8079807861
 30
0.0
 40
0.0
 41
0.0
  0
VERTEX
  5
1D9
100
AcDbEntity
  8
EBENE_1
390
0
  6
Continuous
 62
       250
 48
0.0503534939
100
AcDbVertex
100
AcDb2dVertex
 10
82.7171151183
 20
-18.7524835817
 30
0.0
 40
0.0
 41
0.0
  0
VERTEX
  5
1DA
100
AcDbEntity
  8
EBENE_1
390
0
  6
Continuous
 62
       250
 48
0.0503534939
100
AcDbVertex
100
AcDb2dVertex
 10
82.5618343903
 20
-18.6924038853
 30
0.0
 40
0.0
 41
0.0
  0
VERTEX
  5
1DB
100
AcDbEntity
  8
EBENE_1
390
0
  6
Continuous
 62
       250
 48
0.0503534939
100
AcDbVertex
100
AcDb2dVertex
 10
82.4093115089
 20
-18.6256395241
 30
0.0
 40
0.0
 41
0.0
  0
VERTEX
  5
1DC
100
AcDbEntity
  8
EBENE_1
390
0
  6
Continuous
 62
       250
 48
0.0503534939
100
AcDbVertex
100
AcDb2dVertex
 10
82.2605461098
 20
-18.5552748512
 30
0.0
 40
0.0
 41
0.0
  0
VERTEX
  5
1DD
100
AcDbEntity
  8
EBENE_1
390
0
  6
Continuous
 62
       250
 48
0.0503534939
100
AcDbVertex
100
AcDb2dVertex
 10
82.1157988394
 20
-18.4788464777
 30
0.0
 40
0.0
 41
0.0
  0
VERTEX
  5
1DE
100
AcDbEntity
  8
EBENE_1
390
0
  6
Continuous
 62
       250
 48
0.0503534939
100
AcDbVertex
100
AcDb2dVertex
 10
81.9732109391
 20
-18.3981231092
 30
0.0
 40
0.0
 41
0.0
  0
VERTEX
  5
1DF
100
AcDbEntity
  8
EBENE_1
390
0
  6
Continuous
 62
       250
 48
0.0503534939
100
AcDbVertex
100
AcDb2dVertex
 10
81.8340730519
 20
-18.3111010975
 30
0.0
 40
0.0
 41
0.0
  0
VERTEX
  5
1E0
100
AcDbEntity
  8
EBENE_1
390
0
  6
Continuous
 62
       250
 48
0.0503534939
100
AcDbVertex
100
AcDb2dVertex
 10
81.6973939697
 20
-18.2199906713
 30
0.0
 40
0.0
 41
0.0
  0
VERTEX
  5
1E1
100
AcDbEntity
  8
EBENE_1
390
0
  6
Continuous
 62
       250
 48
0.0503534939
100
AcDbVertex
100
AcDb2dVertex
 10
81.5644155066
 20
-18.1227377696
 30
0.0
 40
0.0
 41
0.0
  0
VERTEX
  5
1E2
100
AcDbEntity
  8
EBENE_1
390
0
  6
Continuous
 62
       250
 48
0.0503534939
100
AcDbVertex
100
AcDb2dVertex
 10
81.4346935419
 20
-18.022004467
 30
0.0
 40
0.0
 41
0.0
  0
VERTEX
  5
1E3
100
AcDbEntity
  8
EBENE_1
390
0
  6
Continuous
 62
       250
 48
0.0503534939
100
AcDbVertex
100
AcDb2dVertex
 10
81.3101716543
 20
-17.9163183121
 30
0.0
 40
0.0
 41
0.0
  0
VERTEX
  5
1E4
100
AcDbEntity
  8
EBENE_1
390
0
  6
Continuous
 62
       250
 48
0.0503534939
100
AcDbVertex
100
AcDb2dVertex
 10
81.1894955772
 20
-17.8076221324
 30
0.0
 40
0.0
 41
0.0
  0
VERTEX
  5
1E5
100
AcDbEntity
  8
EBENE_1
390
0
  6
Continuous
 62
       250
 48
0.0503534939
100
AcDbVertex
100
AcDb2dVertex
 10
81.0739873068
 20
-17.6939608789
 30
0.0
 40
0.0
 41
0.0
  0
VERTEX
  5
1E6
100
AcDbEntity
  8
EBENE_1
390
0
  6
Continuous
 62
       250
 48
0.0503534939
100
AcDbVertex
100
AcDb2dVertex
 10
80.961712465
 20
-17.5768403275
 30
0.0
 40
0.0
 41
0.0
  0
VERTEX
  5
1E7
100
AcDbEntity
  8
EBENE_1
390
0
  6
Continuous
 62
       250
 48
0.0503534939
100
AcDbVertex
100
AcDb2dVertex
 10
80.8544712305
 20
-17.454715869
 30
0.0
 40
0.0
 41
0.0
  0
VERTEX
  5
1E8
100
AcDbEntity
  8
EBENE_1
390
0
  6
Continuous
 62
       250
 48
0.0503534939
100
AcDbVertex
100
AcDb2dVertex
 10
80.7507046685
 20
-17.3294057874
 30
0.0
 40
0.0
 41
0.0
  0
VERTEX
  5
1E9
100
AcDbEntity
  8
EBENE_1
390
0
  6
Continuous
 62
       250
 48
0.0503534939
100
AcDbVertex
100
AcDb2dVertex
 10
80.6521568187
 20
-17.1992977974
 30
0.0
 40
0.0
 41
0.0
  0
VERTEX
  5
1EA
100
AcDbEntity
  8
EBENE_1
390
0
  6
Continuous
 62
       250
 48
0.0503534939
100
AcDbVertex
100
AcDb2dVertex
 10
80.5581633349
 20
-17.0674092937
 30
0.0
 40
0.0
 41
0.0
  0
VERTEX
  5
1EB
100
AcDbEntity
  8
EBENE_1
390
0
  6
Continuous
 62
       250
 48
0.0503534939
100
AcDbVertex
100
AcDb2dVertex
 10
80.4710609566
 20
-16.9330916546
 30
0.0
 40
0.0
 41
0.0
  0
VERTEX
  5
1EC
100
AcDbEntity
  8
EBENE_1
390
0
  6
Continuous
 62
       250
 48
0.0503534939
100
AcDbVertex
100
AcDb2dVertex
 10
80.3878581954
 20
-16.7961448324
 30
0.0
 40
0.0
 41
0.0
  0
VERTEX
  5
1ED
100
AcDbEntity
  8
EBENE_1
390
0
  6
Continuous
 62
       250
 48
0.0503534939
100
AcDbVertex
100
AcDb2dVertex
 10
80.3106571784
 20
-16.6555150706
 30
0.0
 40
0.0
 41
0.0
  0
VERTEX
  5
1EE
100
AcDbEntity
  8
EBENE_1
390
0
  6
Continuous
 62
       250
 48
0.0503534939
100
AcDbVertex
100
AcDb2dVertex
 10
80.2374808195
 20
-16.5125075242
 30
0.0
 40
0.0
 41
0.0
  0
VERTEX
  5
1EF
100
AcDbEntity
  8
EBENE_1
390
0
  6
Continuous
 62
       250
 48
0.0503534939
100
AcDbVertex
100
AcDb2dVertex
 10
80.1704712489
 20
-16.3661672168
 30
0.0
 40
0.0
 41
0.0
  0
VERTEX
  5
1F0
100
AcDbEntity
  8
EBENE_1
390
0
  6
Continuous
 62
       250
 48
0.0503534939
100
AcDbVertex
100
AcDb2dVertex
 10
80.107651111
 20
-16.2177799022
 30
0.0
 40
0.0
 41
0.0
  0
VERTEX
  5
1F1
100
AcDbEntity
  8
EBENE_1
390
0
  6
Continuous
 62
       250
 48
0.0503534939
100
AcDbVertex
100
AcDb2dVertex
 10
80.051763875
 20
-16.0680113866
 30
0.0
 40
0.0
 41
0.0
  0
VERTEX
  5
1F2
100
AcDbEntity
  8
EBENE_1
390
0
  6
Continuous
 62
       250
 48
0.0503534939
100
AcDbVertex
100
AcDb2dVertex
 10
80.0004785135
 20
-15.9172400125
 30
0.0
 40
0.0
 41
0.0
  0
VERTEX
  5
1F3
100
AcDbEntity
  8
EBENE_1
390
0
  6
Continuous
 62
       250
 48
0.0503534939
100
AcDbVertex
100
AcDb2dVertex
 10
79.9561539378
 20
-15.7651765791
 30
0.0
 40
0.0
 41
0.0
  0
VERTEX
  5
1F4
100
AcDbEntity
  8
EBENE_1
390
0
  6
Continuous
 62
       250
 48
0.0503534939
100
AcDbVertex
100
AcDb2dVertex
 10
79.9162421241
 20
-15.6116872598
 30
0.0
 40
0.0
 41
0.0
  0
VERTEX
  5
1F5
100
AcDbEntity
  8
EBENE_1
390
0
  6
Continuous
 62
       250
 48
0.0503534939
100
AcDbVertex
100
AcDb2dVertex
 10
79.8830247303
 20
-15.4563766461
 30
0.0
 40
0.0
 41
0.0
  0
VERTEX
  5
1F6
100
AcDbEntity
  8
EBENE_1
390
0
  6
Continuous
 62
       250
 48
0.0503534939
100
AcDbVertex
100
AcDb2dVertex
 10
79.8542821179
 20
-15.2999117628
 30
0.0
 40
0.0
 41
0.0
  0
VERTEX
  5
1F7
100
AcDbEntity
  8
EBENE_1
390
0
  6
Continuous
 62
       250
 48
0.0503534939
100
AcDbVertex
100
AcDb2dVertex
 10
79.8322905874
 20
-15.1419926788
 30
0.0
 40
0.0
 41
0.0
  0
VERTEX
  5
1F8
100
AcDbEntity
  8
EBENE_1
390
0
  6
Continuous
 62
       250
 48
0.0503534939
100
AcDbVertex
100
AcDb2dVertex
 10
79.814872624
 20
-14.9832933949
 30
0.0
 40
0.0
 41
0.0
  0
VERTEX
  5
1F9
100
AcDbEntity
  8
EBENE_1
390
0
  6
Continuous
 62
       250
 48
0.0503534939
100
AcDbVertex
100
AcDb2dVertex
 10
79.8046424823
 20
-14.8271971741
 30
0.0
 40
0.0
 41
0.0
  0
VERTEX
  5
1FA
100
AcDbEntity
  8
EBENE_1
390
0
  6
Continuous
 62
       250
 48
0.0503534939
100
AcDbVertex
100
AcDb2dVertex
 10
79.7989842887
 20
-14.6707538324
 30
0.0
 40
0.0
 41
0.0
  0
VERTEX
  5
1FB
100
AcDbEntity
  8
EBENE_1
390
0
  6
Continuous
 62
       250
 48
0.0503534939
100
AcDbVertex
100
AcDb2dVertex
 10
79.8002135256
 20
-14.5140011216
 30
0.0
 40
0.0
 41
0.0
  0
VERTEX
  5
1FC
100
AcDbEntity
  8
EBENE_1
390
0
  6
Continuous
 62
       250
 48
0.0503534939
100
AcDbVertex
100
AcDb2dVertex
 10
79.8060202306
 20
-14.3571187707
 30
0.0
 40
0.0
 41
0.0
  0
VERTEX
  5
1FD
100
AcDbEntity
  8
EBENE_1
390
0
  6
Continuous
 62
       250
 48
0.0503534939
100
AcDbVertex
100
AcDb2dVertex
 10
79.8186759051
 20
-14.2003796525
 30
0.0
 40
0.0
 41
0.0
  0
VERTEX
  5
1FE
100
AcDbEntity
  8
EBENE_1
390
0
  6
Continuous
 62
       250
 48
0.0503534939
100
AcDbVertex
100
AcDb2dVertex
 10
79.8358978551
 20
-14.0437861001
 30
0.0
 40
0.0
 41
0.0
  0
VERTEX
  5
1FF
100
AcDbEntity
  8
EBENE_1
390
0
  6
Continuous
 62
       250
 48
0.0503534939
100
AcDbVertex
100
AcDb2dVertex
 10
79.8597599978
 20
-13.8887877064
 30
0.0
 40
0.0
 41
0.0
  0
VERTEX
  5
200
100
AcDbEntity
  8
EBENE_1
390
0
  6
Continuous
 62
       250
 48
0.0503534939
100
AcDbVertex
100
AcDb2dVertex
 10
79.8880309565
 20
-13.73505154
 30
0.0
 40
0.0
 41
0.0
  0
VERTEX
  5
201
100
AcDbEntity
  8
EBENE_1
390
0
  6
Continuous
 62
       250
 48
0.0503534939
100
AcDbVertex
100
AcDb2dVertex
 10
79.9227324444
 20
-13.5841977123
 30
0.0
 40
0.0
 41
0.0
  0
VERTEX
  5
202
100
AcDbEntity
  8
EBENE_1
390
0
  6
Continuous
 62
       250
 48
0.0503534939
100
AcDbVertex
100
AcDb2dVertex
 10
79.9618760459
 20
-13.4343042019
 30
0.0
 40
0.0
 41
0.0
  0
VERTEX
  5
203
100
AcDbEntity
  8
EBENE_1
390
0
  6
Continuous
 62
       250
 48
0.0503534939
100
AcDbVertex
100
AcDb2dVertex
 10
80.0076075375
 20
-13.2860477611
 30
0.0
 40
0.0
 41
0.0
  0
VERTEX
  5
204
100
AcDbEntity
  8
EBENE_1
390
0
  6
Continuous
 62
       250
 48
0.0503534939
100
AcDbVertex
100
AcDb2dVertex
 10
80.0577165177
 20
-13.1389499418
 30
0.0
 40
0.0
 41
0.0
  0
VERTEX
  5
205
100
AcDbEntity
  8
EBENE_1
390
0
  6
Continuous
 62
       250
 48
0.0503534939
100
AcDbVertex
100
AcDb2dVertex
 10
80.1142698399
 20
-12.9939068316
 30
0.0
 40
0.0
 41
0.0
  0
VERTEX
  5
206
100
AcDbEntity
  8
EBENE_1
390
0
  6
Continuous
 62
       250
 48
0.0503534939
100
AcDbVertex
100
AcDb2dVertex
 10
80.1751167123
 20
-12.8502770958
 30
0.0
 40
0.0
 41
0.0
  0
VERTEX
  5
207
100
AcDbEntity
  8
EBENE_1
390
0
  6
Continuous
 62
       250
 48
0.0503534939
100
AcDbVertex
100
AcDb2dVertex
 10
80.2413747536
 20
-12.7110999275
 30
0.0
 40
0.0
 41
0.0
  0
VERTEX
  5
208
100
AcDbEntity
  8
EBENE_1
390
0
  6
Continuous
 62
       250
 48
0.0503534939
100
AcDbVertex
100
AcDb2dVertex
 10
80.311101153
 20
-12.5750452249
 30
0.0
 40
0.0
 41
0.0
  0
VERTEX
  5
209
100
AcDbEntity
  8
EBENE_1
390
0
  6
Continuous
 62
       250
 48
0.0503534939
100
AcDbVertex
100
AcDb2dVertex
 10
80.3868820203
 20
-12.4419586501
 30
0.0
 40
0.0
 41
0.0
  0
VERTEX
  5
20A
100
AcDbEntity
  8
EBENE_1
390
0
  6
Continuous
 62
       250
 48
0.0503534939
100
AcDbVertex
100
AcDb2dVertex
 10
80.4666007981
 20
-12.311018367
 30
0.0
 40
0.0
 41
0.0
  0
VERTEX
  5
20B
100
AcDbEntity
  8
EBENE_1
390
0
  6
Continuous
 62
       250
 48
0.0503534939
100
AcDbVertex
100
AcDb2dVertex
 10
80.5521042462
 20
-12.1834566715
 30
0.0
 40
0.0
 41
0.0
  0
VERTEX
  5
20C
100
AcDbEntity
  8
EBENE_1
390
0
  6
Continuous
 62
       250
 48
0.0503534939
100
AcDbVertex
100
AcDb2dVertex
 10
80.6414384869
 20
-12.0582033147
 30
0.0
 40
0.0
 41
0.0
  0
VERTEX
  5
20D
100
AcDbEntity
  8
EBENE_1
390
0
  6
Continuous
 62
       250
 48
0.0503534939
100
AcDbVertex
100
AcDb2dVertex
 10
80.7359604269
 20
-11.9371232645
 30
0.0
 40
0.0
 41
0.0
  0
VERTEX
  5
20E
100
AcDbEntity
  8
EBENE_1
390
0
  6
Continuous
 62
       250
 48
0.0503534939
100
AcDbVertex
100
AcDb2dVertex
 10
80.833451159
 20
-11.8194160952
 30
0.0
 40
0.0
 41
0.0
  0
VERTEX
  5
20F
100
AcDbEntity
  8
EBENE_1
390
0
  6
Continuous
 62
       250
 48
0.0503534939
100
AcDbVertex
100
AcDb2dVertex
 10
80.9353469493
 20
-11.7068854746
 30
0.0
 40
0.0
 41
0.0
  0
VERTEX
  5
210
100
AcDbEntity
  8
EBENE_1
390
0
  6
Continuous
 62
       250
 48
0.0503534939
100
AcDbVertex
100
AcDb2dVertex
 10
81.0401077866
 20
-11.5978446124
 30
0.0
 40
0.0
 41
0.0
  0
VERTEX
  5
211
100
AcDbEntity
  8
EBENE_1
390
0
  6
Continuous
 62
       250
 48
0.0503534939
100
AcDbVertex
100
AcDb2dVertex
 10
81.1497861556
 20
-11.4932699698
 30
0.0
 40
0.0
 41
0.0
  0
VERTEX
  5
212
100
AcDbEntity
  8
EBENE_1
390
0
  6
Continuous
 62
       250
 48
0.0503534939
100
AcDbVertex
100
AcDb2dVertex
 10
81.2625868435
 20
-11.391823394
 30
0.0
 40
0.0
 41
0.0
  0
VERTEX
  5
213
100
AcDbEntity
  8
EBENE_1
390
0
  6
Continuous
 62
       250
 48
0.0503534939
100
AcDbVertex
100
AcDb2dVertex
 10
81.3799149232
 20
-11.2951758405
 30
0.0
 40
0.0
 41
0.0
  0
VERTEX
  5
214
100
AcDbEntity
  8
EBENE_1
390
0
  6
Continuous
 62
       250
 48
0.0503534939
100
AcDbVertex
100
AcDb2dVertex
 10
81.5002072539
 20
-11.2017573837
 30
0.0
 40
0.0
 41
0.0
  0
VERTEX
  5
215
100
AcDbEntity
  8
EBENE_1
390
0
  6
Continuous
 62
       250
 48
0.0503534939
100
AcDbVertex
100
AcDb2dVertex
 10
81.6237933037
 20
-11.1141305953
 30
0.0
 40
0.0
 41
0.0
  0
VERTEX
  5
216
100
AcDbEntity
  8
EBENE_1
390
0
  6
Continuous
 62
       250
 48
0.0503534939
100
AcDbVertex
100
AcDb2dVertex
 10
81.7483124568
 20
-11.0312298807
 30
0.0
 40
0.0
 41
0.0
  0
VERTEX
  5
217
100
AcDbEntity
  8
EBENE_1
390
0
  6
Continuous
 62
       250
 48
0.0503534939
100
AcDbVertex
100
AcDb2dVertex
 10
81.8762370568
 20
-10.9539730656
 30
0.0
 40
0.0
 41
0.0
  0
VERTEX
  5
218
100
AcDbEntity
  8
EBENE_1
390
0
  6
Continuous
 62
       250
 48
0.0503534939
100
AcDbVertex
100
AcDb2dVertex
 10
82.0064697211
 20
-10.8804416856
 30
0.0
 40
0.0
 41
0.0
  0
VERTEX
  5
219
100
AcDbEntity
  8
EBENE_1
390
0
  6
Continuous
 62
       250
 48
0.0503534939
100
AcDbVertex
100
AcDb2dVertex
 10
82.1401327509
 20
-10.812497645
 30
0.0
 40
0.0
 41
0.0
  0
VERTEX
  5
21A
100
AcDbEntity
  8
EBENE_1
390
0
  6
Continuous
 62
       250
 48
0.0503534939
100
AcDbVertex
100
AcDb2dVertex
 10
82.2758869577
 20
-10.7483871677
 30
0.0
 40
0.0
 41
0.0
  0
VERTEX
  5
21B
100
AcDbEntity
  8
EBENE_1
390
0
  6
Continuous
 62
       250
 48
0.0503534939
100
AcDbVertex
100
AcDb2dVertex
 10
82.4144430983
 20
-10.6901639851
 30
0.0
 40
0.0
 41
0.0
  0
VERTEX
  5
21C
100
AcDbEntity
  8
EBENE_1
390
0
  6
Continuous
 62
       250
 48
0.0503534939
100
AcDbVertex
100
AcDb2dVertex
 10
82.5539084104
 20
-10.6362221978
 30
0.0
 40
0.0
 41
0.0
  0
VERTEX
  5
21D
100
AcDbEntity
  8
EBENE_1
390
0
  6
Continuous
 62
       250
 48
0.0503534939
100
AcDbVertex
100
AcDb2dVertex
 10
82.6948075736
 20
-10.5886996425
 30
0.0
 40
0.0
 41
0.0
  0
VERTEX
  5
21E
100
AcDbEntity
  8
EBENE_1
390
0
  6
Continuous
 62
       250
 48
0.0503534939
100
AcDbVertex
100
AcDb2dVertex
 10
82.8361834653
 20
-10.5456285793
 30
0.0
 40
0.0
 41
0.0
  0
VERTEX
  5
21F
100
AcDbEntity
  8
EBENE_1
390
0
  6
Continuous
 62
       250
 48
0.0503534939
100
AcDbVertex
100
AcDb2dVertex
 10
82.9793537116
 20
-10.5088116244
 30
0.0
 40
0.0
 41
0.0
  0
VERTEX
  5
220
100
AcDbEntity
  8
EBENE_1
390
0
  6
Continuous
 62
       250
 48
0.0503534939
100
AcDbVertex
100
AcDb2dVertex
 10
83.1236580087
 20
-10.4761588493
 30
0.0
 40
0.0
 41
0.0
  0
VERTEX
  5
221
100
AcDbEntity
  8
EBENE_1
390
0
  6
Continuous
 62
       250
 48
0.0503534939
100
AcDbVertex
100
AcDb2dVertex
 10
83.2696509615
 20
-10.4497602216
 30
0.0
 40
0.0
 41
0.0
  0
VERTEX
  5
222
100
AcDbEntity
  8
EBENE_1
390
0
  6
Continuous
 62
       250
 48
0.0503534939
100
AcDbVertex
100
AcDb2dVertex
 10
83.4165453225
 20
-10.4275674759
 30
0.0
 40
0.0
 41
0.0
  0
VERTEX
  5
223
100
AcDbEntity
  8
EBENE_1
390
0
  6
Continuous
 62
       250
 48
0.0503534939
100
AcDbVertex
100
AcDb2dVertex
 10
83.5642490628
 20
-10.4117729203
 30
0.0
 40
0.0
 41
0.0
  0
VERTEX
  5
224
100
AcDbEntity
  8
EBENE_1
390
0
  6
Continuous
 62
       250
 48
0.0503534939
100
AcDbVertex
100
AcDb2dVertex
 10
83.7104642151
 20
-10.4004238516
 30
0.0
 40
0.0
 41
0.0
  0
VERTEX
  5
225
100
AcDbEntity
  8
EBENE_1
390
0
  6
Continuous
 62
       250
 48
0.0503534939
100
AcDbVertex
100
AcDb2dVertex
 10
83.8561736591
 20
-10.3955366599
 30
0.0
 40
0.0
 41
0.0
  0
VERTEX
  5
226
100
AcDbEntity
  8
EBENE_1
390
0
  6
Continuous
 62
       250
 48
0.0503534939
100
AcDbVertex
100
AcDb2dVertex
 10
84.0021301421
 20
-10.3949367421
 30
0.0
 40
0.0
 41
0.0
  0
VERTEX
  5
227
100
AcDbEntity
  8
EBENE_1
390
0
  6
Continuous
 62
       250
 48
0.0503534939
100
AcDbVertex
100
AcDb2dVertex
 10
84.1482246408
 20
-10.4007439516
 30
0.0
 40
0.0
 41
0.0
  0
VERTEX
  5
228
100
AcDbEntity
  8
EBENE_1
390
0
  6
Continuous
 62
       250
 48
0.0503534939
100
AcDbVertex
100
AcDb2dVertex
 10
84.2942367911
 20
-10.4108038993
 30
0.0
 40
0.0
 41
0.0
  0
VERTEX
  5
229
100
AcDbEntity
  8
EBENE_1
390
0
  6
Continuous
 62
       250
 48
0.0503534939
100
AcDbVertex
100
AcDb2dVertex
 10
84.4401345104
 20
-10.4272598227
 30
0.0
 40
0.0
 41
0.0
  0
VERTEX
  5
22A
100
AcDbEntity
  8
EBENE_1
390
0
  6
Continuous
 62
       250
 48
0.0503534939
100
AcDbVertex
100
AcDb2dVertex
 10
84.5849907731
 20
-10.4478401099
 30
0.0
 40
0.0
 41
0.0
  0
VERTEX
  5
22B
100
AcDbEntity
  8
EBENE_1
390
0
  6
Continuous
 62
       250
 48
0.0503534939
100
AcDbVertex
100
AcDb2dVertex
 10
84.7279086735
 20
-10.4745310356
 30
0.0
 40
0.0
 41
0.0
  0
VERTEX
  5
22C
100
AcDbEntity
  8
EBENE_1
390
0
  6
Continuous
 62
       250
 48
0.0503534939
100
AcDbVertex
100
AcDb2dVertex
 10
84.8690963079
 20
-10.5052324502
 30
0.0
 40
0.0
 41
0.0
  0
VERTEX
  5
22D
100
AcDbEntity
  8
EBENE_1
390
0
  6
Continuous
 62
       250
 48
0.0503534939
100
AcDbVertex
100
AcDb2dVertex
 10
85.008453123
 20
-10.5420465
 30
0.0
 40
0.0
 41
0.0
  0
VERTEX
  5
22E
100
AcDbEntity
  8
EBENE_1
390
0
  6
Continuous
 62
       250
 48
0.0503534939
100
AcDbVertex
100
AcDb2dVertex
 10
85.1468660221
 20
-10.5829665796
 30
0.0
 40
0.0
 41
0.0
  0
VERTEX
  5
22F
100
AcDbEntity
  8
EBENE_1
390
0
  6
Continuous
 62
       250
 48
0.0503534939
100
AcDbVertex
100
AcDb2dVertex
 10
85.2836307614
 20
-10.6299837131
 30
0.0
 40
0.0
 41
0.0
  0
VERTEX
  5
230
100
AcDbEntity
  8
EBENE_1
390
0
  6
Continuous
 62
       250
 48
0.0503534939
100
AcDbVertex
100
AcDb2dVertex
 10
85.4191367062
 20
-10.6809988719
 30
0.0
 40
0.0
 41
0.0
  0
VERTEX
  5
231
100
AcDbEntity
  8
EBENE_1
390
0
  6
Continuous
 62
       250
 48
0.0503534939
100
AcDbVertex
100
AcDb2dVertex
 10
85.5527765129
 20
-10.738038048
 30
0.0
 40
0.0
 41
0.0
  0
VERTEX
  5
232
100
AcDbEntity
  8
EBENE_1
390
0
  6
Continuous
 62
       250
 48
0.0503534939
100
AcDbVertex
100
AcDb2dVertex
 10
85.6835462961
 20
-10.7984085894
 30
0.0
 40
0.0
 41
0.0
  0
VERTEX
  5
233
100
AcDbEntity
  8
EBENE_1
390
0
  6
Continuous
 62
       250
 48
0.0503534939
100
AcDbVertex
100
AcDb2dVertex
 10
85.809866959
 20
-10.8636100559
 30
0.0
 40
0.0
 41
0.0
  0
VERTEX
  5
234
100
AcDbEntity
  8
EBENE_1
390
0
  6
Continuous
 62
       250
 48
0.0503534939
100
AcDbVertex
100
AcDb2dVertex
 10
85.9343655553
 20
-10.9325768923
 30
0.0
 40
0.0
 41
0.0
  0
VERTEX
  5
235
100
AcDbEntity
  8
EBENE_1
390
0
  6
Continuous
 62
       250
 48
0.0503534939
100
AcDbVertex
100
AcDb2dVertex
 10
86.0558840432
 20
-11.0070499274
 30
0.0
 40
0.0
 41
0.0
  0
VERTEX
  5
236
100
AcDbEntity
  8
EBENE_1
390
0
  6
Continuous
 62
       250
 48
0.0503534939
100
AcDbVertex
100
AcDb2dVertex
 10
86.1753730699
 20
-11.0851510582
 30
0.0
 40
0.0
 41
0.0
  0
VERTEX
  5
237
100
AcDbEntity
  8
EBENE_1
390
0
  6
Continuous
 62
       250
 48
0.0503534939
100
AcDbVertex
100
AcDb2dVertex
 10
86.2916047351
 20
-11.1685665783
 30
0.0
 40
0.0
 41
0.0
  0
VERTEX
  5
238
100
AcDbEntity
  8
EBENE_1
390
0
  6
Continuous
 62
       250
 48
0.0503534939
100
AcDbVertex
100
AcDb2dVertex
 10
86.4055249539
 20
-11.2554216534
 30
0.0
 40
0.0
 41
0.0
  0
VERTEX
  5
239
100
AcDbEntity
  8
EBENE_1
390
0
  6
Continuous
 62
       250
 48
0.0503534939
100
AcDbVertex
100
AcDb2dVertex
 10
86.5145915932
 20
-11.3462994769
 30
0.0
 40
0.0
 41
0.0
  0
VERTEX
  5
23A
100
AcDbEntity
  8
EBENE_1
390
0
  6
Continuous
 62
       250
 48
0.0503534939
100
AcDbVertex
100
AcDb2dVertex
 10
86.6204973253
 20
-11.439931674
 30
0.0
 40
0.0
 41
0.0
  0
VERTEX
  5
23B
100
AcDbEntity
  8
EBENE_1
390
0
  6
Continuous
 62
       250
 48
0.0503534939
100
AcDbVertex
100
AcDb2dVertex
 10
86.7215262124
 20
-11.5375587067
 30
0.0
 40
0.0
 41
0.0
  0
VERTEX
  5
23C
100
AcDbEntity
  8
EBENE_1
390
0
  6
Continuous
 62
       250
 48
0.0503534939
100
AcDbVertex
100
AcDb2dVertex
 10
86.8197926897
 20
-11.6382402477
 30
0.0
 40
0.0
 41
0.0
  0
VERTEX
  5
23D
100
AcDbEntity
  8
EBENE_1
390
0
  6
Continuous
 62
       250
 48
0.0503534939
100
AcDbVertex
100
AcDb2dVertex
 10
86.9137122252
 20
-11.7432867874
 30
0.0
 40
0.0
 41
0.0
  0
VERTEX
  5
23E
100
AcDbEntity
  8
EBENE_1
390
0
  6
Continuous
 62
       250
 48
0.0503534939
100
AcDbVertex
100
AcDb2dVertex
 10
87.0047027075
 20
-11.8512082257
 30
0.0
 40
0.0
 41
0.0
  0
VERTEX
  5
23F
100
AcDbEntity
  8
EBENE_1
390
0
  6
Continuous
 62
       250
 48
0.0503534939
100
AcDbVertex
100
AcDb2dVertex
 10
87.0911433429
 20
-11.9632433439
 30
0.0
 40
0.0
 41
0.0
  0
VERTEX
  5
240
100
AcDbEntity
  8
EBENE_1
390
0
  6
Continuous
 62
       250
 48
0.0503534939
100
AcDbVertex
100
AcDb2dVertex
 10
87.1744115012
 20
-12.0779042856
 30
0.0
 40
0.0
 41
0.0
  0
VERTEX
  5
241
100
AcDbEntity
  8
EBENE_1
390
0
  6
Continuous
 62
       250
 48
0.0503534939
100
AcDbVertex
100
AcDb2dVertex
 10
87.2508335015
 20
-12.1934645627
 30
0.0
 40
0.0
 41
0.0
  0
VERTEX
  5
242
100
AcDbEntity
  8
EBENE_1
390
0
  6
Continuous
 62
       250
 48
0.0503534939
100
AcDbVertex
100
AcDb2dVertex
 10
87.3238967735
 20
-12.3113098677
 30
0.0
 40
0.0
 41
0.0
  0
VERTEX
  5
243
100
AcDbEntity
  8
EBENE_1
390
0
  6
Continuous
 62
       250
 48
0.0503534939
100
AcDbVertex
100
AcDb2dVertex
 10
87.3917994905
 20
-12.4324411082
 30
0.0
 40
0.0
 41
0.0
  0
VERTEX
  5
244
100
AcDbEntity
  8
EBENE_1
390
0
  6
Continuous
 62
       250
 48
0.0503534939
100
AcDbVertex
100
AcDb2dVertex
 10
87.456243058
 20
-12.5557001588
 30
0.0
 40
0.0
 41
0.0
  0
VERTEX
  5
245
100
AcDbEntity
  8
EBENE_1
390
0
  6
Continuous
 62
       250
 48
0.0503534939
100
AcDbVertex
100
AcDb2dVertex
 10
87.5153587372
 20
-12.6818752229
 30
0.0
 40
0.0
 41
0.0
  0
VERTEX
  5
246
100
AcDbEntity
  8
EBENE_1
390
0
  6
Continuous
 62
       250
 48
0.0503534939
100
AcDbVertex
100
AcDb2dVertex
 10
87.5709027564
 20
-12.8099617652
 30
0.0
 40
0.0
 41
0.0
  0
VERTEX
  5
247
100
AcDbEntity
  8
EBENE_1
390
0
  6
Continuous
 62
       250
 48
0.0503534939
100
AcDbVertex
100
AcDb2dVertex
 10
87.6206082047
 20
-12.9396536452
 30
0.0
 40
0.0
 41
0.0
  0
VERTEX
  5
248
100
AcDbEntity
  8
EBENE_1
390
0
  6
Continuous
 62
       250
 48
0.0503534939
100
AcDbVertex
100
AcDb2dVertex
 10
87.6663484724
 20
-13.0702522832
 30
0.0
 40
0.0
 41
0.0
  0
VERTEX
  5
249
100
AcDbEntity
  8
EBENE_1
390
0
  6
Continuous
 62
       250
 48
0.0503534939
100
AcDbVertex
100
AcDb2dVertex
 10
87.7058326444
 20
-13.2013241539
 30
0.0
 40
0.0
 41
0.0
  0
VERTEX
  5
24A
100
AcDbEntity
  8
EBENE_1
390
0
  6
Continuous
 62
       250
 48
0.0503534939
100
AcDbVertex
100
AcDb2dVertex
 10
87.7414860931
 20
-13.333624939
 30
0.0
 40
0.0
 41
0.0
  0
VERTEX
  5
24B
100
AcDbEntity
  8
EBENE_1
390
0
  6
Continuous
 62
       250
 48
0.0503534939
100
AcDbVertex
100
AcDb2dVertex
 10
87.7713661581
 20
-13.4675887066
 30
0.0
 40
0.0
 41
0.0
  0
VERTEX
  5
24C
100
AcDbEntity
  8
EBENE_1
390
0
  6
Continuous
 62
       250
 48
0.0503534939
100
AcDbVertex
100
AcDb2dVertex
 10
87.7973790458
 20
-13.6026074149
 30
0.0
 40
0.0
 41
0.0
  0
VERTEX
  5
24D
100
AcDbEntity
  8
EBENE_1
390
0
  6
Continuous
 62
       250
 48
0.0503534939
100
AcDbVertex
100
AcDb2dVertex
 10
87.8175492398
 20
-13.7388974184
 30
0.0
 40
0.0
 41
0.0
  0
VERTEX
  5
24E
100
AcDbEntity
  8
EBENE_1
390
0
  6
Continuous
 62
       250
 48
0.0503534939
100
AcDbVertex
100
AcDb2dVertex
 10
87.8338061338
 20
-13.8760075205
 30
0.0
 40
0.0
 41
0.0
  0
VERTEX
  5
24F
100
AcDbEntity
  8
EBENE_1
390
0
  6
Continuous
 62
       250
 48
0.0503534939
100
AcDbVertex
100
AcDb2dVertex
 10
87.8439182674
 20
-14.0118440322
 30
0.0
 40
0.0
 41
0.0
  0
VERTEX
  5
250
100
AcDbEntity
  8
EBENE_1
390
0
  6
Continuous
 62
       250
 48
0.0503534939
100
AcDbVertex
100
AcDb2dVertex
 10
87.8499817721
 20
-14.1466486235
 30
0.0
 40
0.0
 41
0.0
  0
VERTEX
  5
251
100
AcDbEntity
  8
EBENE_1
390
0
  6
Continuous
 62
       250
 48
0.0503534939
100
AcDbVertex
100
AcDb2dVertex
 10
87.8501002136
 20
-14.2818841317
 30
0.0
 40
0.0
 41
0.0
  0
VERTEX
  5
252
100
AcDbEntity
  8
EBENE_1
390
0
  6
Continuous
 62
       250
 48
0.0503534939
100
AcDbVertex
100
AcDb2dVertex
 10
87.8462563255
 20
-14.417220087
 30
0.0
 40
0.0
 41
0.0
  0
VERTEX
  5
253
100
AcDbEntity
  8
EBENE_1
390
0
  6
Continuous
 62
       250
 48
0.0503534939
100
AcDbVertex
100
AcDb2dVertex
 10
87.8364913433
 20
-14.5525368961
 30
0.0
 40
0.0
 41
0.0
  0
VERTEX
  5
254
100
AcDbEntity
  8
EBENE_1
390
0
  6
Continuous
 62
       250
 48
0.0503534939
100
AcDbVertex
100
AcDb2dVertex
 10
87.8227723907
 20
-14.6877946707
 30
0.0
 40
0.0
 41
0.0
  0
VERTEX
  5
255
100
AcDbEntity
  8
EBENE_1
390
0
  6
Continuous
 62
       250
 48
0.0503534939
100
AcDbVertex
100
AcDb2dVertex
 10
87.8032549866
 20
-14.8220904697
 30
0.0
 40
0.0
 41
0.0
  0
VERTEX
  5
256
100
AcDbEntity
  8
EBENE_1
390
0
  6
Continuous
 62
       250
 48
0.0503534939
100
AcDbVertex
100
AcDb2dVertex
 10
87.780006031
 20
-14.9550012315
 30
0.0
 40
0.0
 41
0.0
  0
VERTEX
  5
257
100
AcDbEntity
  8
EBENE_1
390
0
  6
Continuous
 62
       250
 48
0.0503534939
100
AcDbVertex
100
AcDb2dVertex
 10
87.7511444526
 20
-15.0857470847
 30
0.0
 40
0.0
 41
0.0
  0
VERTEX
  5
258
100
AcDbEntity
  8
EBENE_1
390
0
  6
Continuous
 62
       250
 48
0.0503534939
100
AcDbVertex
100
AcDb2dVertex
 10
87.7185779647
 20
-15.2149998679
 30
0.0
 40
0.0
 41
0.0
  0
VERTEX
  5
259
100
AcDbEntity
  8
EBENE_1
390
0
  6
Continuous
 62
       250
 48
0.0503534939
100
AcDbVertex
100
AcDb2dVertex
 10
87.680275449
 20
-15.3430222376
 30
0.0
 40
0.0
 41
0.0
  0
VERTEX
  5
25A
100
AcDbEntity
  8
EBENE_1
390
0
  6
Continuous
 62
       250
 48
0.0503534939
100
AcDbVertex
100
AcDb2dVertex
 10
87.6382013771
 20
-15.47003229
 30
0.0
 40
0.0
 41
0.0
  0
VERTEX
  5
25B
100
AcDbEntity
  8
EBENE_1
390
0
  6
Continuous
 62
       250
 48
0.0503534939
100
AcDbVertex
100
AcDb2dVertex
 10
87.5905321968
 20
-15.5953756955
 30
0.0
 40
0.0
 41
0.0
  0
VERTEX
  5
25C
100
AcDbEntity
  8
EBENE_1
390
0
  6
Continuous
 62
       250
 48
0.0503534939
100
AcDbVertex
100
AcDb2dVertex
 10
87.5391490935
 20
-15.7195706589
 30
0.0
 40
0.0
 41
0.0
  0
VERTEX
  5
25D
100
AcDbEntity
  8
EBENE_1
390
0
  6
Continuous
 62
       250
 48
0.0503534939
100
AcDbVertex
100
AcDb2dVertex
 10
87.482751153
 20
-15.8406850665
 30
0.0
 40
0.0
 41
0.0
  0
VERTEX
  5
25E
100
AcDbEntity
  8
EBENE_1
390
0
  6
Continuous
 62
       250
 48
0.0503534939
100
AcDbVertex
100
AcDb2dVertex
 10
87.4236899555
 20
-15.9583940638
 30
0.0
 40
0.0
 41
0.0
  0
VERTEX
  5
25F
100
AcDbEntity
  8
EBENE_1
390
0
  6
Continuous
 62
       250
 48
0.0503534939
100
AcDbVertex
100
AcDb2dVertex
 10
87.3595686111
 20
-16.0732576962
 30
0.0
 40
0.0
 41
0.0
  0
VERTEX
  5
260
100
AcDbEntity
  8
EBENE_1
390
0
  6
Continuous
 62
       250
 48
0.0503534939
100
AcDbVertex
100
AcDb2dVertex
 10
87.2920417307
 20
-16.1862878307
 30
0.0
 40
0.0
 41
0.0
  0
VERTEX
  5
261
100
AcDbEntity
  8
EBENE_1
390
0
  6
Continuous
 62
       250
 48
0.0503534939
100
AcDbVertex
100
AcDb2dVertex
 10
87.2194333244
 20
-16.2965685982
 30
0.0
 40
0.0
 41
0.0
  0
VERTEX
  5
262
100
AcDbEntity
  8
EBENE_1
390
0
  6
Continuous
 62
       250
 48
0.0503534939
100
AcDbVertex
100
AcDb2dVertex
 10
87.143546067
 20
-16.4048394624
 30
0.0
 40
0.0
 41
0.0
  0
VERTEX
  5
263
100
AcDbEntity
  8
EBENE_1
390
0
  6
Continuous
 62
       250
 48
0.0503534939
100
AcDbVertex
100
AcDb2dVertex
 10
87.0629457104
 20
-16.5098312777
 30
0.0
 40
0.0
 41
0.0
  0
VERTEX
  5
264
100
AcDbEntity
  8
EBENE_1
390
0
  6
Continuous
 62
       250
 48
0.0503534939
100
AcDbVertex
100
AcDb2dVertex
 10
86.9798440284
 20
-16.6118691424
 30
0.0
 40
0.0
 41
0.0
  0
VERTEX
  5
265
100
AcDbEntity
  8
EBENE_1
390
0
  6
Continuous
 62
       250
 48
0.0503534939
100
AcDbVertex
100
AcDb2dVertex
 10
86.8929090132
 20
-16.7095515498
 30
0.0
 40
0.0
 41
0.0
  0
VERTEX
  5
266
100
AcDbEntity
  8
EBENE_1
390
0
  6
Continuous
 62
       250
 48
0.0503534939
100
AcDbVertex
100
AcDb2dVertex
 10
86.8037320593
 20
-16.8039709204
 30
0.0
 40
0.0
 41
0.0
  0
VERTEX
  5
267
100
AcDbEntity
  8
EBENE_1
390
0
  6
Continuous
 62
       250
 48
0.0503534939
100
AcDbVertex
100
AcDb2dVertex
 10
86.7104535145
 20
-16.8944050098
 30
0.0
 40
0.0
 41
0.0
  0
VERTEX
  5
268
100
AcDbEntity
  8
EBENE_1
390
0
  6
Continuous
 62
       250
 48
0.0503534939
100
AcDbVertex
100
AcDb2dVertex
 10
86.6144825701
 20
-16.9821659422
 30
0.0
 40
0.0
 41
0.0
  0
VERTEX
  5
269
100
AcDbEntity
  8
EBENE_1
390
0
  6
Continuous
 62
       250
 48
0.0503534939
100
AcDbVertex
100
AcDb2dVertex
 10
86.5144544978
 20
-17.0659183674
 30
0.0
 40
0.0
 41
0.0
  0
VERTEX
  5
26A
100
AcDbEntity
  8
EBENE_1
390
0
  6
Continuous
 62
       250
 48
0.0503534939
100
AcDbVertex
100
AcDb2dVertex
 10
86.4118827482
 20
-17.1468624023
 30
0.0
 40
0.0
 41
0.0
  0
VERTEX
  5
26B
100
AcDbEntity
  8
EBENE_1
390
0
  6
Continuous
 62
       250
 48
0.0503534939
100
AcDbVertex
100
AcDb2dVertex
 10
86.3059036475
 20
-17.2232648836
 30
0.0
 40
0.0
 41
0.0
  0
VERTEX
  5
26C
100
AcDbEntity
  8
EBENE_1
390
0
  6
Continuous
 62
       250
 48
0.0503534939
100
AcDbVertex
100
AcDb2dVertex
 10
86.199325714
 20
-17.2954880472
 30
0.0
 40
0.0
 41
0.0
  0
VERTEX
  5
26D
100
AcDbEntity
  8
EBENE_1
390
0
  6
Continuous
 62
       250
 48
0.0503534939
100
AcDbVertex
100
AcDb2dVertex
 10
86.0904133396
 20
-17.3625029361
 30
0.0
 40
0.0
 41
0.0
  0
VERTEX
  5
26E
100
AcDbEntity
  8
EBENE_1
390
0
  6
Continuous
 62
       250
 48
0.0503534939
100
AcDbVertex
100
AcDb2dVertex
 10
85.9794209792
 20
-17.4263664669
 30
0.0
 40
0.0
 41
0.0
  0
VERTEX
  5
26F
100
AcDbEntity
  8
EBENE_1
390
0
  6
Continuous
 62
       250
 48
0.0503534939
100
AcDbVertex
100
AcDb2dVertex
 10
85.8655068552
 20
-17.485417234
 30
0.0
 40
0.0
 41
0.0
  0
VERTEX
  5
270
100
AcDbEntity
  8
EBENE_1
390
0
  6
Continuous
 62
       250
 48
0.0503534939
100
AcDbVertex
100
AcDb2dVertex
 10
85.7497899666
 20
-17.5411977438
 30
0.0
 40
0.0
 41
0.0
  0
VERTEX
  5
271
100
AcDbEntity
  8
EBENE_1
390
0
  6
Continuous
 62
       250
 48
0.0503534939
100
AcDbVertex
100
AcDb2dVertex
 10
85.6313371108
 20
-17.5920709337
 30
0.0
 40
0.0
 41
0.0
  0
VERTEX
  5
272
100
AcDbEntity
  8
EBENE_1
390
0
  6
Continuous
 62
       250
 48
0.0503534939
100
AcDbVertex
100
AcDb2dVertex
 10
85.5119547543
 20
-17.6393244945
 30
0.0
 40
0.0
 41
0.0
  0
VERTEX
  5
273
100
AcDbEntity
  8
EBENE_1
390
0
  6
Continuous
 62
       250
 48
0.0503534939
100
AcDbVertex
100
AcDb2dVertex
 10
85.3915151537
 20
-17.6810401133
 30
0.0
 40
0.0
 41
0.0
  0
VERTEX
  5
274
100
AcDbEntity
  8
EBENE_1
390
0
  6
Continuous
 62
       250
 48
0.0503534939
100
AcDbVertex
100
AcDb2dVertex
 10
85.2707483521
 20
-17.7189119307
 30
0.0
 40
0.0
 41
0.0
  0
VERTEX
  5
275
100
AcDbEntity
  8
EBENE_1
390
0
  6
Continuous
 62
       250
 48
0.0503534939
100
AcDbVertex
100
AcDb2dVertex
 10
85.1487529099
 20
-17.7513171224
 30
0.0
 40
0.0
 41
0.0
  0
VERTEX
  5
276
100
AcDbEntity
  8
EBENE_1
390
0
  6
Continuous
 62
       250
 48
0.0503534939
100
AcDbVertex
100
AcDb2dVertex
 10
85.0256594936
 20
-17.7801928841
 30
0.0
 40
0.0
 41
0.0
  0
VERTEX
  5
277
100
AcDbEntity
  8
EBENE_1
390
0
  6
Continuous
 62
       250
 48
0.0503534939
100
AcDbVertex
100
AcDb2dVertex
 10
84.9011356218
 20
-17.8037166767
 30
0.0
 40
0.0
 41
0.0
  0
VERTEX
  5
278
100
AcDbEntity
  8
EBENE_1
390
0
  6
Continuous
 62
       250
 48
0.0503534939
100
AcDbVertex
100
AcDb2dVertex
 10
84.7758130365
 20
-17.8236545768
 30
0.0
 40
0.0
 41
0.0
  0
VERTEX
  5
279
100
AcDbEntity
  8
EBENE_1
390
0
  6
Continuous
 62
       250
 48
0.0503534939
100
AcDbVertex
100
AcDb2dVertex
 10
84.6492430787
 20
-17.8382047318
 30
0.0
 40
0.0
 41
0.0
  0
VERTEX
  5
27A
100
AcDbEntity
  8
EBENE_1
390
0
  6
Continuous
 62
       250
 48
0.0503534939
100
AcDbVertex
100
AcDb2dVertex
 10
84.5235848261
 20
-17.8489570405
 30
0.0
 40
0.0
 41
0.0
  0
VERTEX
  5
27B
100
AcDbEntity
  8
EBENE_1
390
0
  6
Continuous
 62
       250
 48
0.0503534939
100
AcDbVertex
100
AcDb2dVertex
 10
84.3994710256
 20
-17.8540901882
 30
0.0
 40
0.0
 41
0.0
  0
VERTEX
  5
27C
100
AcDbEntity
  8
EBENE_1
390
0
  6
Continuous
 62
       250
 48
0.0503534939
100
AcDbVertex
100
AcDb2dVertex
 10
84.275076117
 20
-17.8555706604
 30
0.0
 40
0.0
 41
0.0
  0
VERTEX
  5
27D
100
AcDbEntity
  8
EBENE_1
390
0
  6
Continuous
 62
       250
 48
0.0503534939
100
AcDbVertex
100
AcDb2dVertex
 10
84.1505276309
 20
-17.8515713936
 30
0.0
 40
0.0
 41
0.0
  0
VERTEX
  5
27E
100
AcDbEntity
  8
EBENE_1
390
0
  6
Continuous
 62
       250
 48
0.0503534939
100
AcDbVertex
100
AcDb2dVertex
 10
84.0259172531
 20
-17.8439344165
 30
0.0
 40
0.0
 41
0.0
  0
VERTEX
  5
27F
100
AcDbEntity
  8
EBENE_1
390
0
  6
Continuous
 62
       250
 48
0.0503534939
100
AcDbVertex
100
AcDb2dVertex
 10
83.9014448044
 20
-17.8308452928
 30
0.0
 40
0.0
 41
0.0
  0
VERTEX
  5
280
100
AcDbEntity
  8
EBENE_1
390
0
  6
Continuous
 62
       250
 48
0.0503534939
100
AcDbVertex
100
AcDb2dVertex
 10
83.7772188538
 20
-17.8141400535
 30
0.0
 40
0.0
 41
0.0
  0
VERTEX
  5
281
100
AcDbEntity
  8
EBENE_1
390
0
  6
Continuous
 62
       250
 48
0.0503534939
100
AcDbVertex
100
AcDb2dVertex
 10
83.655116486
 20
-17.7923103004
 30
0.0
 40
0.0
 41
0.0
  0
VERTEX
  5
282
100
AcDbEntity
  8
EBENE_1
390
0
  6
Continuous
 62
       250
 48
0.0503534939
100
AcDbVertex
100
AcDb2dVertex
 10
83.5342924893
 20
-17.7670317618
 30
0.0
 40
0.0
 41
0.0
  0
VERTEX
  5
283
100
AcDbEntity
  8
EBENE_1
390
0
  6
Continuous
 62
       250
 48
0.0503534939
100
AcDbVertex
100
AcDb2dVertex
 10
83.4155421461
 20
-17.7366254635
 30
0.0
 40
0.0
 41
0.0
  0
VERTEX
  5
284
100
AcDbEntity
  8
EBENE_1
390
0
  6
Continuous
 62
       250
 48
0.0503534939
100
AcDbVertex
100
AcDb2dVertex
 10
83.2975349029
 20
-17.7026975003
 30
0.0
 40
0.0
 41
0.0
  0
VERTEX
  5
285
100
AcDbEntity
  8
EBENE_1
390
0
  6
Continuous
 62
       250
 48
0.0503534939
100
AcDbVertex
100
AcDb2dVertex
 10
83.1809077376
 20
-17.6635684154
 30
0.0
 40
0.0
 41
0.0
  0
VERTEX
  5
286
100
AcDbEntity
  8
EBENE_1
390
0
  6
Continuous
 62
       250
 48
0.0503534939
100
AcDbVertex
100
AcDb2dVertex
 10
83.0652285743
 20
-17.6209815137
 30
0.0
 40
0.0
 41
0.0
  0
VERTEX
  5
287
100
AcDbEntity
  8
EBENE_1
390
0
  6
Continuous
 62
       250
 48
0.0503534939
100
AcDbVertex
100
AcDb2dVertex
 10
82.951185944
 20
-17.5732979804
 30
0.0
 40
0.0
 41
0.0
  0
VERTEX
  5
288
100
AcDbEntity
  8
EBENE_1
390
0
  6
Continuous
 62
       250
 48
0.0503534939
100
AcDbVertex
100
AcDb2dVertex
 10
82.8383965123
 20
-17.5222407493
 30
0.0
 40
0.0
 41
0.0
  0
VERTEX
  5
289
100
AcDbEntity
  8
EBENE_1
390
0
  6
Continuous
 62
       250
 48
0.0503534939
100
AcDbVertex
100
AcDb2dVertex
 10
82.7307882027
 20
-17.4677210864
 30
0.0
 40
0.0
 41
0.0
  0
VERTEX
  5
28A
100
AcDbEntity
  8
EBENE_1
390
0
  6
Continuous
 62
       250
 48
0.0503534939
100
AcDbVertex
100
AcDb2dVertex
 10
82.6247214751
 20
-17.4100133851
 30
0.0
 40
0.0
 41
0.0
  0
VERTEX
  5
28B
100
AcDbEntity
  8
EBENE_1
390
0
  6
Continuous
 62
       250
 48
0.0503534939
100
AcDbVertex
100
AcDb2dVertex
 10
82.5211181707
 20
-17.3475737367
 30
0.0
 40
0.0
 41
0.0
  0
VERTEX
  5
28C
100
AcDbEntity
  8
EBENE_1
390
0
  6
Continuous
 62
       250
 48
0.0503534939
100
AcDbVertex
100
AcDb2dVertex
 10
82.4191939104
 20
-17.2820151781
 30
0.0
 40
0.0
 41
0.0
  0
VERTEX
  5
28D
100
AcDbEntity
  8
EBENE_1
390
0
  6
Continuous
 62
       250
 48
0.0503534939
100
AcDbVertex
100
AcDb2dVertex
 10
82.3200257903
 20
-17.2119336326
 30
0.0
 40
0.0
 41
0.0
  0
VERTEX
  5
28E
100
AcDbEntity
  8
EBENE_1
390
0
  6
Continuous
 62
       250
 48
0.0503534939
100
AcDbVertex
100
AcDb2dVertex
 10
82.2227171361
 20
-17.1388469061
 30
0.0
 40
0.0
 41
0.0
  0
VERTEX
  5
28F
100
AcDbEntity
  8
EBENE_1
390
0
  6
Continuous
 62
       250
 48
0.0503534939
100
AcDbVertex
100
AcDb2dVertex
 10
82.1292173508
 20
-17.0620938627
 30
0.0
 40
0.0
 41
0.0
  0
VERTEX
  5
290
100
AcDbEntity
  8
EBENE_1
390
0
  6
Continuous
 62
       250
 48
0.0503534939
100
AcDbVertex
100
AcDb2dVertex
 10
82.0383852628
 20
-16.982990977
 30
0.0
 40
0.0
 41
0.0
  0
VERTEX
  5
291
100
AcDbEntity
  8
EBENE_1
390
0
  6
Continuous
 62
       250
 48
0.0503534939
100
AcDbVertex
100
AcDb2dVertex
 10
81.9522190972
 20
-16.9009461908
 30
0.0
 40
0.0
 41
0.0
  0
VERTEX
  5
292
100
AcDbEntity
  8
EBENE_1
390
0
  6
Continuous
 62
       250
 48
0.0503534939
100
AcDbVertex
100
AcDb2dVertex
 10
81.8684072468
 20
-16.8163052749
 30
0.0
 40
0.0
 41
0.0
  0
VERTEX
  5
293
100
AcDbEntity
  8
EBENE_1
390
0
  6
Continuous
 62
       250
 48
0.0503534939
100
AcDbVertex
100
AcDb2dVertex
 10
81.7882197112
 20
-16.7278929211
 30
0.0
 40
0.0
 41
0.0
  0
VERTEX
  5
294
100
AcDbEntity
  8
EBENE_1
390
0
  6
Continuous
 62
       250
 48
0.0503534939
100
AcDbVertex
100
AcDb2dVertex
 10
81.7104799388
 20
-16.6369928226
 30
0.0
 40
0.0
 41
0.0
  0
VERTEX
  5
295
100
AcDbEntity
  8
EBENE_1
390
0
  6
Continuous
 62
       250
 48
0.0503534939
100
AcDbVertex
100
AcDb2dVertex
 10
81.6365853941
 20
-16.542593811
 30
0.0
 40
0.0
 41
0.0
  0
VERTEX
  5
296
100
AcDbEntity
  8
EBENE_1
390
0
  6
Continuous
 62
       250
 48
0.0503534939
100
AcDbVertex
100
AcDb2dVertex
 10
81.5652726581
 20
-16.4458655953
 30
0.0
 40
0.0
 41
0.0
  0
VERTEX
  5
297
100
AcDbEntity
  8
EBENE_1
390
0
  6
Continuous
 62
       250
 48
0.0503534939
100
AcDbVertex
100
AcDb2dVertex
 10
81.4992940549
 20
-16.3476659311
 30
0.0
 40
0.0
 41
0.0
  0
VERTEX
  5
298
100
AcDbEntity
  8
EBENE_1
390
0
  6
Continuous
 62
       250
 48
0.0503534939
100
AcDbVertex
100
AcDb2dVertex
 10
81.4369106928
 20
-16.2486510841
 30
0.0
 40
0.0
 41
0.0
  0
VERTEX
  5
299
100
AcDbEntity
  8
EBENE_1
390
0
  6
Continuous
 62
       250
 48
0.0503534939
100
AcDbVertex
100
AcDb2dVertex
 10
81.3788075789
 20
-16.1467094889
 30
0.0
 40
0.0
 41
0.0
  0
VERTEX
  5
29A
100
AcDbEntity
  8
EBENE_1
390
0
  6
Continuous
 62
       250
 48
0.0503534939
100
AcDbVertex
100
AcDb2dVertex
 10
81.3236450759
 20
-16.0429712713
 30
0.0
 40
0.0
 41
0.0
  0
VERTEX
  5
29B
100
AcDbEntity
  8
EBENE_1
390
0
  6
Continuous
 62
       250
 48
0.0503534939
100
AcDbVertex
100
AcDb2dVertex
 10
81.2729435247
 20
-15.9366741191
 30
0.0
 40
0.0
 41
0.0
  0
VERTEX
  5
29C
100
AcDbEntity
  8
EBENE_1
390
0
  6
Continuous
 62
       250
 48
0.0503534939
100
AcDbVertex
100
AcDb2dVertex
 10
81.2252383812
 20
-15.8286981673
 30
0.0
 40
0.0
 41
0.0
  0
VERTEX
  5
29D
100
AcDbEntity
  8
EBENE_1
390
0
  6
Continuous
 62
       250
 48
0.0503534939
100
AcDbVertex
100
AcDb2dVertex
 10
81.1823333498
 20
-15.7189990954
 30
0.0
 40
0.0
 41
0.0
  0
VERTEX
  5
29E
100
AcDbEntity
  8
EBENE_1
390
0
  6
Continuous
 62
       250
 48
0.0503534939
100
AcDbVertex
100
AcDb2dVertex
 10
81.1428754666
 20
-15.608849265
 30
0.0
 40
0.0
 41
0.0
  0
VERTEX
  5
29F
100
AcDbEntity
  8
EBENE_1
390
0
  6
Continuous
 62
       250
 48
0.0503534939
100
AcDbVertex
100
AcDb2dVertex
 10
81.1086288439
 20
-15.4980428305
 30
0.0
 40
0.0
 41
0.0
  0
VERTEX
  5
2A0
100
AcDbEntity
  8
EBENE_1
390
0
  6
Continuous
 62
       250
 48
0.0503534939
100
AcDbVertex
100
AcDb2dVertex
 10
81.077841853
 20
-15.3868416912
 30
0.0
 40
0.0
 41
0.0
  0
VERTEX
  5
2A1
100
AcDbEntity
  8
EBENE_1
390
0
  6
Continuous
 62
       250
 48
0.0503534939
100
AcDbVertex
100
AcDb2dVertex
 10
81.051890259
 20
-15.2740557
 30
0.0
 40
0.0
 41
0.0
  0
VERTEX
  5
2A2
100
AcDbEntity
  8
EBENE_1
390
0
  6
Continuous
 62
       250
 48
0.0503534939
100
AcDbVertex
100
AcDb2dVertex
 10
81.0292089635
 20
-15.1603941904
 30
0.0
 40
0.0
 41
0.0
  0
VERTEX
  5
2A3
100
AcDbEntity
  8
EBENE_1
390
0
  6
Continuous
 62
       250
 48
0.0503534939
100
AcDbVertex
100
AcDb2dVertex
 10
81.0114467095
 20
-15.0455517333
 30
0.0
 40
0.0
 41
0.0
  0
VERTEX
  5
2A4
100
AcDbEntity
  8
EBENE_1
390
0
  6
Continuous
 62
       250
 48
0.0503534939
100
AcDbVertex
100
AcDb2dVertex
 10
80.99696472
 20
-14.9299484455
 30
0.0
 40
0.0
 41
0.0
  0
VERTEX
  5
2A5
100
AcDbEntity
  8
EBENE_1
390
0
  6
Continuous
 62
       250
 48
0.0503534939
100
AcDbVertex
100
AcDb2dVertex
 10
80.9875864631
 20
-14.8146396628
 30
0.0
 40
0.0
 41
0.0
  0
VERTEX
  5
2A6
100
AcDbEntity
  8
EBENE_1
390
0
  6
Continuous
 62
       250
 48
0.0503534939
100
AcDbVertex
100
AcDb2dVertex
 10
80.9816869597
 20
-14.7010348621
 30
0.0
 40
0.0
 41
0.0
  0
VERTEX
  5
2A7
100
AcDbEntity
  8
EBENE_1
390
0
  6
Continuous
 62
       250
 48
0.0503534939
100
AcDbVertex
100
AcDb2dVertex
 10
80.980815661
 20
-14.5874128512
 30
0.0
 40
0.0
 41
0.0
  0
VERTEX
  5
2A8
100
AcDbEntity
  8
EBENE_1
390
0
  6
Continuous
 62
       250
 48
0.0503534939
100
AcDbVertex
100
AcDb2dVertex
 10
80.9832946844
 20
-14.4736867353
 30
0.0
 40
0.0
 41
0.0
  0
VERTEX
  5
2A9
100
AcDbEntity
  8
EBENE_1
390
0
  6
Continuous
 62
       250
 48
0.0503534939
100
AcDbVertex
100
AcDb2dVertex
 10
80.9907750973
 20
-14.3597864748
 30
0.0
 40
0.0
 41
0.0
  0
VERTEX
  5
2AA
100
AcDbEntity
  8
EBENE_1
390
0
  6
Continuous
 62
       250
 48
0.0503534939
100
AcDbVertex
100
AcDb2dVertex
 10
81.001584132
 20
-14.245968538
 30
0.0
 40
0.0
 41
0.0
  0
VERTEX
  5
2AB
100
AcDbEntity
  8
EBENE_1
390
0
  6
Continuous
 62
       250
 48
0.0503534939
100
AcDbVertex
100
AcDb2dVertex
 10
81.0173350599
 20
-14.1325804453
 30
0.0
 40
0.0
 41
0.0
  0
VERTEX
  5
2AC
100
AcDbEntity
  8
EBENE_1
390
0
  6
Continuous
 62
       250
 48
0.0503534939
100
AcDbVertex
100
AcDb2dVertex
 10
81.036193985
 20
-14.0204703077
 30
0.0
 40
0.0
 41
0.0
  0
VERTEX
  5
2AD
100
AcDbEntity
  8
EBENE_1
390
0
  6
Continuous
 62
       250
 48
0.0503534939
100
AcDbVertex
100
AcDb2dVertex
 10
81.059763123
 20
-13.910121801
 30
0.0
 40
0.0
 41
0.0
  0
VERTEX
  5
2AE
100
AcDbEntity
  8
EBENE_1
390
0
  6
Continuous
 62
       250
 48
0.0503534939
100
AcDbVertex
100
AcDb2dVertex
 10
81.0863888234
 20
-13.8013936506
 30
0.0
 40
0.0
 41
0.0
  0
VERTEX
  5
2AF
100
AcDbEntity
  8
EBENE_1
390
0
  6
Continuous
 62
       250
 48
0.0503534939
100
AcDbVertex
100
AcDb2dVertex
 10
81.1178077929
 20
-13.6938874044
 30
0.0
 40
0.0
 41
0.0
  0
VERTEX
  5
2B0
100
AcDbEntity
  8
EBENE_1
390
0
  6
Continuous
 62
       250
 48
0.0503534939
100
AcDbVertex
100
AcDb2dVertex
 10
81.1523983113
 20
-13.5872119974
 30
0.0
 40
0.0
 41
0.0
  0
VERTEX
  5
2B1
100
AcDbEntity
  8
EBENE_1
390
0
  6
Continuous
 62
       250
 48
0.0503534939
100
AcDbVertex
100
AcDb2dVertex
 10
81.1917631944
 20
-13.4817505646
 30
0.0
 40
0.0
 41
0.0
  0
VERTEX
  5
2B2
100
AcDbEntity
  8
EBENE_1
390
0
  6
Continuous
 62
       250
 48
0.0503534939
100
AcDbVertex
100
AcDb2dVertex
 10
81.2342346354
 20
-13.3772867551
 30
0.0
 40
0.0
 41
0.0
  0
VERTEX
  5
2B3
100
AcDbEntity
  8
EBENE_1
390
0
  6
Continuous
 62
       250
 48
0.0503534939
100
AcDbVertex
100
AcDb2dVertex
 10
81.2811879319
 20
-13.2747809935
 30
0.0
 40
0.0
 41
0.0
  0
VERTEX
  5
2B4
100
AcDbEntity
  8
EBENE_1
390
0
  6
Continuous
 62
       250
 48
0.0503534939
100
AcDbVertex
100
AcDb2dVertex
 10
81.3302651167
 20
-13.1753864142
 30
0.0
 40
0.0
 41
0.0
  0
VERTEX
  5
2B5
100
AcDbEntity
  8
EBENE_1
390
0
  6
Continuous
 62
       250
 48
0.0503534939
100
AcDbVertex
100
AcDb2dVertex
 10
81.3832609329
 20
-13.0790071963
 30
0.0
 40
0.0
 41
0.0
  0
VERTEX
  5
2B6
100
AcDbEntity
  8
EBENE_1
390
0
  6
Continuous
 62
       250
 48
0.0503534939
100
AcDbVertex
100
AcDb2dVertex
 10
81.4391700123
 20
-12.984084402
 30
0.0
 40
0.0
 41
0.0
  0
VERTEX
  5
2B7
100
AcDbEntity
  8
EBENE_1
390
0
  6
Continuous
 62
       250
 48
0.0503534939
100
AcDbVertex
100
AcDb2dVertex
 10
81.4993331561
 20
-12.8914997926
 30
0.0
 40
0.0
 41
0.0
  0
VERTEX
  5
2B8
100
AcDbEntity
  8
EBENE_1
390
0
  6
Continuous
 62
       250
 48
0.0503534939
100
AcDbVertex
100
AcDb2dVertex
 10
81.5622479524
 20
-12.8005842618
 30
0.0
 40
0.0
 41
0.0
  0
VERTEX
  5
2B9
100
AcDbEntity
  8
EBENE_1
390
0
  6
Continuous
 62
       250
 48
0.0503534939
100
AcDbVertex
100
AcDb2dVertex
 10
81.6293272943
 20
-12.7121435715
 30
0.0
 40
0.0
 41
0.0
  0
VERTEX
  5
2BA
100
AcDbEntity
  8
EBENE_1
390
0
  6
Continuous
 62
       250
 48
0.0503534939
100
AcDbVertex
100
AcDb2dVertex
 10
81.6985946015
 20
-12.6260694096
 30
0.0
 40
0.0
 41
0.0
  0
VERTEX
  5
2BB
100
AcDbEntity
  8
EBENE_1
390
0
  6
Continuous
 62
       250
 48
0.0503534939
100
AcDbVertex
100
AcDb2dVertex
 10
81.7709225457
 20
-12.5437807939
 30
0.0
 40
0.0
 41
0.0
  0
VERTEX
  5
2BC
100
AcDbEntity
  8
EBENE_1
390
0
  6
Continuous
 62
       250
 48
0.0503534939
100
AcDbVertex
100
AcDb2dVertex
 10
81.8450570275
 20
-12.4643126612
 30
0.0
 40
0.0
 41
0.0
  0
VERTEX
  5
2BD
100
AcDbEntity
  8
EBENE_1
390
0
  6
Continuous
 62
       250
 48
0.0503534939
100
AcDbVertex
100
AcDb2dVertex
 10
81.9224034721
 20
-12.3884455524
 30
0.0
 40
0.0
 41
0.0
  0
VERTEX
  5
2BE
100
AcDbEntity
  8
EBENE_1
390
0
  6
Continuous
 62
       250
 48
0.0503534939
100
AcDbVertex
100
AcDb2dVertex
 10
82.0020838477
 20
-12.3147352795
 30
0.0
 40
0.0
 41
0.0
  0
VERTEX
  5
2BF
100
AcDbEntity
  8
EBENE_1
390
0
  6
Continuous
 62
       250
 48
0.0503534939
100
AcDbVertex
100
AcDb2dVertex
 10
82.0851188385
 20
-12.2444002676
 30
0.0
 40
0.0
 41
0.0
  0
VERTEX
  5
2C0
100
AcDbEntity
  8
EBENE_1
390
0
  6
Continuous
 62
       250
 48
0.0503534939
100
AcDbVertex
100
AcDb2dVertex
 10
82.1702772268
 20
-12.1763920163
 30
0.0
 40
0.0
 41
0.0
  0
VERTEX
  5
2C1
100
AcDbEntity
  8
EBENE_1
390
0
  6
Continuous
 62
       250
 48
0.0503534939
100
AcDbVertex
100
AcDb2dVertex
 10
82.2586665604
 20
-12.1118522219
 30
0.0
 40
0.0
 41
0.0
  0
VERTEX
  5
2C2
100
AcDbEntity
  8
EBENE_1
390
0
  6
Continuous
 62
       250
 48
0.0503534939
100
AcDbVertex
100
AcDb2dVertex
 10
82.3478540145
 20
-12.0506256888
 30
0.0
 40
0.0
 41
0.0
  0
VERTEX
  5
2C3
100
AcDbEntity
  8
EBENE_1
390
0
  6
Continuous
 62
       250
 48
0.0503534939
100
AcDbVertex
100
AcDb2dVertex
 10
82.4380749538
 20
-11.9943786884
 30
0.0
 40
0.0
 41
0.0
  0
VERTEX
  5
2C4
100
AcDbEntity
  8
EBENE_1
390
0
  6
Continuous
 62
       250
 48
0.0503534939
100
AcDbVertex
100
AcDb2dVertex
 10
82.530079737
 20
-11.940724438
 30
0.0
 40
0.0
 41
0.0
  0
VERTEX
  5
2C5
100
AcDbEntity
  8
EBENE_1
390
0
  6
Continuous
 62
       250
 48
0.0503534939
100
AcDbVertex
100
AcDb2dVertex
 10
82.6245478683
 20
-11.8910812205
 30
0.0
 40
0.0
 41
0.0
  0
VERTEX
  5
2C6
100
AcDbEntity
  8
EBENE_1
390
0
  6
Continuous
 62
       250
 48
0.0503534939
100
AcDbVertex
100
AcDb2dVertex
 10
82.7206306754
 20
-11.8441114862
 30
0.0
 40
0.0
 41
0.0
  0
VERTEX
  5
2C7
100
AcDbEntity
  8
EBENE_1
390
0
  6
Continuous
 62
       250
 48
0.0503534939
100
AcDbVertex
100
AcDb2dVertex
 10
82.8189538388
 20
-11.8012533659
 30
0.0
 40
0.0
 41
0.0
  0
VERTEX
  5
2C8
100
AcDbEntity
  8
EBENE_1
390
0
  6
Continuous
 62
       250
 48
0.0503534939
100
AcDbVertex
100
AcDb2dVertex
 10
82.9186424337
 20
-11.761184721
 30
0.0
 40
0.0
 41
0.0
  0
VERTEX
  5
2C9
100
AcDbEntity
  8
EBENE_1
390
0
  6
Continuous
 62
       250
 48
0.0503534939
100
AcDbVertex
100
AcDb2dVertex
 10
83.0187254645
 20
-11.7258850253
 30
0.0
 40
0.0
 41
0.0
  0
VERTEX
  5
2CA
100
AcDbEntity
  8
EBENE_1
390
0
  6
Continuous
 62
       250
 48
0.0503534939
100
AcDbVertex
100
AcDb2dVertex
 10
83.1192343077
 20
-11.6937140273
 30
0.0
 40
0.0
 41
0.0
  0
VERTEX
  5
2CB
100
AcDbEntity
  8
EBENE_1
390
0
  6
Continuous
 62
       250
 48
0.0503534939
100
AcDbVertex
100
AcDb2dVertex
 10
83.2202536469
 20
-11.6662718606
 30
0.0
 40
0.0
 41
0.0
  0
VERTEX
  5
2CC
100
AcDbEntity
  8
EBENE_1
390
0
  6
Continuous
 62
       250
 48
0.0503534939
100
AcDbVertex
100
AcDb2dVertex
 10
83.3222376968
 20
-11.6417595386
 30
0.0
 40
0.0
 41
0.0
  0
VERTEX
  5
2CD
100
AcDbEntity
  8
EBENE_1
390
0
  6
Continuous
 62
       250
 48
0.0503534939
100
AcDbVertex
100
AcDb2dVertex
 10
83.42542164
 20
-11.621698133
 30
0.0
 40
0.0
 41
0.0
  0
VERTEX
  5
2CE
100
AcDbEntity
  8
EBENE_1
390
0
  6
Continuous
 62
       250
 48
0.0503534939
100
AcDbVertex
100
AcDb2dVertex
 10
83.5293910917
 20
-11.6046042594
 30
0.0
 40
0.0
 41
0.0
  0
VERTEX
  5
2CF
100
AcDbEntity
  8
EBENE_1
390
0
  6
Continuous
 62
       250
 48
0.0503534939
100
AcDbVertex
100
AcDb2dVertex
 10
83.6343305738
 20
-11.5919820112
 30
0.0
 40
0.0
 41
0.0
  0
VERTEX
  5
2D0
100
AcDbEntity
  8
EBENE_1
390
0
  6
Continuous
 62
       250
 48
0.0503534939
100
AcDbVertex
100
AcDb2dVertex
 10
83.739782875
 20
-11.582400036
 30
0.0
 40
0.0
 41
0.0
  0
VERTEX
  5
2D1
100
AcDbEntity
  8
EBENE_1
390
0
  6
Continuous
 62
       250
 48
0.0503534939
100
AcDbVertex
100
AcDb2dVertex
 10
83.8423972568
 20
-11.5776170436
 30
0.0
 40
0.0
 41
0.0
  0
VERTEX
  5
2D2
100
AcDbEntity
  8
EBENE_1
390
0
  6
Continuous
 62
       250
 48
0.0503534939
100
AcDbVertex
100
AcDb2dVertex
 10
83.9452284155
 20
-11.5758496003
 30
0.0
 40
0.0
 41
0.0
  0
VERTEX
  5
2D3
100
AcDbEntity
  8
EBENE_1
390
0
  6
Continuous
 62
       250
 48
0.0503534939
100
AcDbVertex
100
AcDb2dVertex
 10
84.0482566583
 20
-11.5786304482
 30
0.0
 40
0.0
 41
0.0
  0
VERTEX
  5
2D4
100
AcDbEntity
  8
EBENE_1
390
0
  6
Continuous
 62
       250
 48
0.0503534939
100
AcDbVertex
100
AcDb2dVertex
 10
84.1513835411
 20
-11.5844327958
 30
0.0
 40
0.0
 41
0.0
  0
VERTEX
  5
2D5
100
AcDbEntity
  8
EBENE_1
390
0
  6
Continuous
 62
       250
 48
0.0503534939
100
AcDbVertex
100
AcDb2dVertex
 10
84.2544012086
 20
-11.5947518366
 30
0.0
 40
0.0
 41
0.0
  0
VERTEX
  5
2D6
100
AcDbEntity
  8
EBENE_1
390
0
  6
Continuous
 62
       250
 48
0.0503534939
100
AcDbVertex
100
AcDb2dVertex
 10
84.3573387279
 20
-11.608084153
 30
0.0
 40
0.0
 41
0.0
  0
VERTEX
  5
2D7
100
AcDbEntity
  8
EBENE_1
390
0
  6
Continuous
 62
       250
 48
0.0503534939
100
AcDbVertex
100
AcDb2dVertex
 10
84.4588857901
 20
-11.6257059491
 30
0.0
 40
0.0
 41
0.0
  0
VERTEX
  5
2D8
100
AcDbEntity
  8
EBENE_1
390
0
  6
Continuous
 62
       250
 48
0.0503534939
100
AcDbVertex
100
AcDb2dVertex
 10
84.5593668471
 20
-11.6461715222
 30
0.0
 40
0.0
 41
0.0
  0
VERTEX
  5
2D9
100
AcDbEntity
  8
EBENE_1
390
0
  6
Continuous
 62
       250
 48
0.0503534939
100
AcDbVertex
100
AcDb2dVertex
 10
84.657420609
 20
-11.6707358274
 30
0.0
 40
0.0
 41
0.0
  0
VERTEX
  5
2DA
100
AcDbEntity
  8
EBENE_1
390
0
  6
Continuous
 62
       250
 48
0.0503534939
100
AcDbVertex
100
AcDb2dVertex
 10
84.7548373315
 20
-11.6982186467
 30
0.0
 40
0.0
 41
0.0
  0
VERTEX
  5
2DB
100
AcDbEntity
  8
EBENE_1
390
0
  6
Continuous
 62
       250
 48
0.0503534939
100
AcDbVertex
100
AcDb2dVertex
 10
84.851182296
 20
-11.7300279314
 30
0.0
 40
0.0
 41
0.0
  0
VERTEX
  5
2DC
100
AcDbEntity
  8
EBENE_1
390
0
  6
Continuous
 62
       250
 48
0.0503534939
100
AcDbVertex
100
AcDb2dVertex
 10
84.9467847982
 20
-11.7647173906
 30
0.0
 40
0.0
 41
0.0
  0
VERTEX
  5
2DD
100
AcDbEntity
  8
EBENE_1
390
0
  6
Continuous
 62
       250
 48
0.0503534939
100
AcDbVertex
100
AcDb2dVertex
 10
85.0410342353
 20
-11.8036214788
 30
0.0
 40
0.0
 41
0.0
  0
VERTEX
  5
2DE
100
AcDbEntity
  8
EBENE_1
390
0
  6
Continuous
 62
       250
 48
0.0503534939
100
AcDbVertex
100
AcDb2dVertex
 10
85.1343759883
 20
-11.8453443596
 30
0.0
 40
0.0
 41
0.0
  0
VERTEX
  5
2DF
100
AcDbEntity
  8
EBENE_1
390
0
  6
Continuous
 62
       250
 48
0.0503534939
100
AcDbVertex
100
AcDb2dVertex
 10
85.2241685404
 20
-11.8902807145
 30
0.0
 40
0.0
 41
0.0
  0
VERTEX
  5
2E0
100
AcDbEntity
  8
EBENE_1
390
0
  6
Continuous
 62
       250
 48
0.0503534939
100
AcDbVertex
100
AcDb2dVertex
 10
85.3114968447
 20
-11.9372446815
 30
0.0
 40
0.0
 41
0.0
  0
VERTEX
  5
2E1
100
AcDbEntity
  8
EBENE_1
390
0
  6
Continuous
 62
       250
 48
0.0503534939
100
AcDbVertex
100
AcDb2dVertex
 10
85.3969180697
 20
-11.9881854166
 30
0.0
 40
0.0
 41
0.0
  0
VERTEX
  5
2E2
100
AcDbEntity
  8
EBENE_1
390
0
  6
Continuous
 62
       250
 48
0.0503534939
100
AcDbVertex
100
AcDb2dVertex
 10
85.4809304898
 20
-12.0416945973
 30
0.0
 40
0.0
 41
0.0
  0
VERTEX
  5
2E3
100
AcDbEntity
  8
EBENE_1
390
0
  6
Continuous
 62
       250
 48
0.0503534939
100
AcDbVertex
100
AcDb2dVertex
 10
85.5627404254
 20
-12.0989761841
 30
0.0
 40
0.0
 41
0.0
  0
VERTEX
  5
2E4
100
AcDbEntity
  8
EBENE_1
390
0
  6
Continuous
 62
       250
 48
0.0503534939
100
AcDbVertex
100
AcDb2dVertex
 10
85.6430584482
 20
-12.1587667229
 30
0.0
 40
0.0
 41
0.0
  0
VERTEX
  5
2E5
100
AcDbEntity
  8
EBENE_1
390
0
  6
Continuous
 62
       250
 48
0.0503534939
100
AcDbVertex
100
AcDb2dVertex
 10
85.7205177764
 20
-12.2217984406
 30
0.0
 40
0.0
 41
0.0
  0
VERTEX
  5
2E6
100
AcDbEntity
  8
EBENE_1
390
0
  6
Continuous
 62
       250
 48
0.0503534939
100
AcDbVertex
100
AcDb2dVertex
 10
85.7955312243
 20
-12.2865138015
 30
0.0
 40
0.0
 41
0.0
  0
VERTEX
  5
2E7
100
AcDbEntity
  8
EBENE_1
390
0
  6
Continuous
 62
       250
 48
0.0503534939
100
AcDbVertex
100
AcDb2dVertex
 10
85.8668727505
 20
-12.3537922984
 30
0.0
 40
0.0
 41
0.0
  0
VERTEX
  5
2E8
100
AcDbEntity
  8
EBENE_1
390
0
  6
Continuous
 62
       250
 48
0.0503534939
100
AcDbVertex
100
AcDb2dVertex
 10
85.9357698538
 20
-12.4227510018
 30
0.0
 40
0.0
 41
0.0
  0
VERTEX
  5
2E9
100
AcDbEntity
  8
EBENE_1
390
0
  6
Continuous
 62
       250
 48
0.0503534939
100
AcDbVertex
100
AcDb2dVertex
 10
86.0018043034
 20
-12.4949383894
 30
0.0
 40
0.0
 41
0.0
  0
VERTEX
  5
2EA
100
AcDbEntity
  8
EBENE_1
390
0
  6
Continuous
 62
       250
 48
0.0503534939
100
AcDbVertex
100
AcDb2dVertex
 10
86.0658080405
 20
-12.5691525522
 30
0.0
 40
0.0
 41
0.0
  0
VERTEX
  5
2EB
100
AcDbEntity
  8
EBENE_1
390
0
  6
Continuous
 62
       250
 48
0.0503534939
100
AcDbVertex
100
AcDb2dVertex
 10
86.1267067003
 20
-12.6463172172
 30
0.0
 40
0.0
 41
0.0
  0
VERTEX
  5
2EC
100
AcDbEntity
  8
EBENE_1
390
0
  6
Continuous
 62
       250
 48
0.0503534939
100
AcDbVertex
100
AcDb2dVertex
 10
86.1855287906
 20
-12.7254343355
 30
0.0
 40
0.0
 41
0.0
  0
VERTEX
  5
2ED
100
AcDbEntity
  8
EBENE_1
390
0
  6
Continuous
 62
       250
 48
0.0503534939
100
AcDbVertex
100
AcDb2dVertex
 10
86.2404000593
 20
-12.8063630494
 30
0.0
 40
0.0
 41
0.0
  0
VERTEX
  5
2EE
100
AcDbEntity
  8
EBENE_1
390
0
  6
Continuous
 62
       250
 48
0.0503534939
100
AcDbVertex
100
AcDb2dVertex
 10
86.291851046
 20
-12.8872570412
 30
0.0
 40
0.0
 41
0.0
  0
VERTEX
  5
2EF
100
AcDbEntity
  8
EBENE_1
390
0
  6
Continuous
 62
       250
 48
0.0503534939
100
AcDbVertex
100
AcDb2dVertex
 10
86.3396042636
 20
-12.9702376405
 30
0.0
 40
0.0
 41
0.0
  0
VERTEX
  5
2F0
100
AcDbEntity
  8
EBENE_1
390
0
  6
Continuous
 62
       250
 48
0.0503534939
100
AcDbVertex
100
AcDb2dVertex
 10
86.3849481524
 20
-13.0547026723
 30
0.0
 40
0.0
 41
0.0
  0
VERTEX
  5
2F1
100
AcDbEntity
  8
EBENE_1
390
0
  6
Continuous
 62
       250
 48
0.0503534939
100
AcDbVertex
100
AcDb2dVertex
 10
86.4267132805
 20
-13.141414446
 30
0.0
 40
0.0
 41
0.0
  0
VERTEX
  5
2F2
100
AcDbEntity
  8
EBENE_1
390
0
  6
Continuous
 62
       250
 48
0.0503534939
100
AcDbVertex
100
AcDb2dVertex
 10
86.4660089182
 20
-13.2294646575
 30
0.0
 40
0.0
 41
0.0
  0
VERTEX
  5
2F3
100
AcDbEntity
  8
EBENE_1
390
0
  6
Continuous
 62
       250
 48
0.0503534939
100
AcDbVertex
100
AcDb2dVertex
 10
86.5015030937
 20
-13.3192577726
 30
0.0
 40
0.0
 41
0.0
  0
VERTEX
  5
2F4
100
AcDbEntity
  8
EBENE_1
390
0
  6
Continuous
 62
       250
 48
0.0503534939
100
AcDbVertex
100
AcDb2dVertex
 10
86.5341443064
 20
-13.4092876644
 30
0.0
 40
0.0
 41
0.0
  0
VERTEX
  5
2F5
100
AcDbEntity
  8
EBENE_1
390
0
  6
Continuous
 62
       250
 48
0.0503534939
100
AcDbVertex
100
AcDb2dVertex
 10
86.5625536409
 20
-13.4998659477
 30
0.0
 40
0.0
 41
0.0
  0
VERTEX
  5
2F6
100
AcDbEntity
  8
EBENE_1
390
0
  6
Continuous
 62
       250
 48
0.0503534939
100
AcDbVertex
100
AcDb2dVertex
 10
86.5880078969
 20
-13.5904106427
 30
0.0
 40
0.0
 41
0.0
  0
VERTEX
  5
2F7
100
AcDbEntity
  8
EBENE_1
390
0
  6
Continuous
 62
       250
 48
0.0503534939
100
AcDbVertex
100
AcDb2dVertex
 10
86.6094460363
 20
-13.6820584742
 30
0.0
 40
0.0
 41
0.0
  0
VERTEX
  5
2F8
100
AcDbEntity
  8
EBENE_1
390
0
  6
Continuous
 62
       250
 48
0.0503534939
100
AcDbVertex
100
AcDb2dVertex
 10
86.6282237741
 20
-13.7744317349
 30
0.0
 40
0.0
 41
0.0
  0
VERTEX
  5
2F9
100
AcDbEntity
  8
EBENE_1
390
0
  6
Continuous
 62
       250
 48
0.0503534939
100
AcDbVertex
100
AcDb2dVertex
 10
86.6430129701
 20
-13.8679470761
 30
0.0
 40
0.0
 41
0.0
  0
VERTEX
  5
2FA
100
AcDbEntity
  8
EBENE_1
390
0
  6
Continuous
 62
       250
 48
0.0503534939
100
AcDbVertex
100
AcDb2dVertex
 10
86.6551199824
 20
-13.962039076
 30
0.0
 40
0.0
 41
0.0
  0
VERTEX
  5
2FB
100
AcDbEntity
  8
EBENE_1
390
0
  6
Continuous
 62
       250
 48
0.0503534939
100
AcDbVertex
100
AcDb2dVertex
 10
86.6631349012
 20
-14.0565331929
 30
0.0
 40
0.0
 41
0.0
  0
VERTEX
  5
2FC
100
AcDbEntity
  8
EBENE_1
390
0
  6
Continuous
 62
       250
 48
0.0503534939
100
AcDbVertex
100
AcDb2dVertex
 10
86.6682876789
 20
-14.1493180919
 30
0.0
 40
0.0
 41
0.0
  0
VERTEX
  5
2FD
100
AcDbEntity
  8
EBENE_1
390
0
  6
Continuous
 62
       250
 48
0.0503534939
100
AcDbVertex
100
AcDb2dVertex
 10
86.6693262045
 20
-14.2413808558
 30
0.0
 40
0.0
 41
0.0
  0
VERTEX
  5
2FE
100
AcDbEntity
  8
EBENE_1
390
0
  6
Continuous
 62
       250
 48
0.0503534939
100
AcDbVertex
100
AcDb2dVertex
 10
86.6676338302
 20
-14.3336230806
 30
0.0
 40
0.0
 41
0.0
  0
VERTEX
  5
2FF
100
AcDbEntity
  8
EBENE_1
390
0
  6
Continuous
 62
       250
 48
0.0503534939
100
AcDbVertex
100
AcDb2dVertex
 10
86.6618673889
 20
-14.4259593667
 30
0.0
 40
0.0
 41
0.0
  0
VERTEX
  5
300
100
AcDbEntity
  8
EBENE_1
390
0
  6
Continuous
 62
       250
 48
0.0503534939
100
AcDbVertex
100
AcDb2dVertex
 10
86.6534025119
 20
-14.5182382301
 30
0.0
 40
0.0
 41
0.0
  0
VERTEX
  5
301
100
AcDbEntity
  8
EBENE_1
390
0
  6
Continuous
 62
       250
 48
0.0503534939
100
AcDbVertex
100
AcDb2dVertex
 10
86.6408699582
 20
-14.6104923717
 30
0.0
 40
0.0
 41
0.0
  0
VERTEX
  5
302
100
AcDbEntity
  8
EBENE_1
390
0
  6
Continuous
 62
       250
 48
0.0503534939
100
AcDbVertex
100
AcDb2dVertex
 10
86.6257823218
 20
-14.7018313316
 30
0.0
 40
0.0
 41
0.0
  0
VERTEX
  5
303
100
AcDbEntity
  8
EBENE_1
390
0
  6
Continuous
 62
       250
 48
0.0503534939
100
AcDbVertex
100
AcDb2dVertex
 10
86.6069337921
 20
-14.7915120682
 30
0.0
 40
0.0
 41
0.0
  0
VERTEX
  5
304
100
AcDbEntity
  8
EBENE_1
390
0
  6
Continuous
 62
       250
 48
0.0503534939
100
AcDbVertex
100
AcDb2dVertex
 10
86.5856314004
 20
-14.8797440778
 30
0.0
 40
0.0
 41
0.0
  0
VERTEX
  5
305
100
AcDbEntity
  8
EBENE_1
390
0
  6
Continuous
 62
       250
 48
0.0503534939
100
AcDbVertex
100
AcDb2dVertex
 10
86.5605138561
 20
-14.9666243633
 30
0.0
 40
0.0
 41
0.0
  0
VERTEX
  5
306
100
AcDbEntity
  8
EBENE_1
390
0
  6
Continuous
 62
       250
 48
0.0503534939
100
AcDbVertex
100
AcDb2dVertex
 10
86.5327975899
 20
-15.0529317413
 30
0.0
 40
0.0
 41
0.0
  0
VERTEX
  5
307
100
AcDbEntity
  8
EBENE_1
390
0
  6
Continuous
 62
       250
 48
0.0503534939
100
AcDbVertex
100
AcDb2dVertex
 10
86.5012315602
 20
-15.138205912
 30
0.0
 40
0.0
 41
0.0
  0
VERTEX
  5
308
100
AcDbEntity
  8
EBENE_1
390
0
  6
Continuous
 62
       250
 48
0.0503534939
100
AcDbVertex
100
AcDb2dVertex
 10
86.4671510673
 20
-15.2226845581
 30
0.0
 40
0.0
 41
0.0
  0
VERTEX
  5
309
100
AcDbEntity
  8
EBENE_1
390
0
  6
Continuous
 62
       250
 48
0.0503534939
100
AcDbVertex
100
AcDb2dVertex
 10
86.4292582909
 20
-15.3060351783
 30
0.0
 40
0.0
 41
0.0
  0
VERTEX
  5
30A
100
AcDbEntity
  8
EBENE_1
390
0
  6
Continuous
 62
       250
 48
0.0503534939
100
AcDbVertex
100
AcDb2dVertex
 10
86.389514422
 20
-15.3871086303
 30
0.0
 40
0.0
 41
0.0
  0
VERTEX
  5
30B
100
AcDbEntity
  8
EBENE_1
390
0
  6
Continuous
 62
       250
 48
0.0503534939
100
AcDbVertex
100
AcDb2dVertex
 10
86.3471245384
 20
-15.4647058263
 30
0.0
 40
0.0
 41
0.0
  0
VERTEX
  5
30C
100
AcDbEntity
  8
EBENE_1
390
0
  6
Continuous
 62
       250
 48
0.0503534939
100
AcDbVertex
100
AcDb2dVertex
 10
86.3023604509
 20
-15.5411791642
 30
0.0
 40
0.0
 41
0.0
  0
VERTEX
  5
30D
100
AcDbEntity
  8
EBENE_1
390
0
  6
Continuous
 62
       250
 48
0.0503534939
100
AcDbVertex
100
AcDb2dVertex
 10
86.2541460887
 20
-15.6157770634
 30
0.0
 40
0.0
 41
0.0
  0
VERTEX
  5
30E
100
AcDbEntity
  8
EBENE_1
390
0
  6
Continuous
 62
       250
 48
0.0503534939
100
AcDbVertex
100
AcDb2dVertex
 10
86.2036471073
 20
-15.6891259788
 30
0.0
 40
0.0
 41
0.0
  0
VERTEX
  5
30F
100
AcDbEntity
  8
EBENE_1
390
0
  6
Continuous
 62
       250
 48
0.0503534939
100
AcDbVertex
100
AcDb2dVertex
 10
86.1498174189
 20
-15.7604457709
 30
0.0
 40
0.0
 41
0.0
  0
VERTEX
  5
310
100
AcDbEntity
  8
EBENE_1
390
0
  6
Continuous
 62
       250
 48
0.0503534939
100
AcDbVertex
100
AcDb2dVertex
 10
86.0938419556
 20
-15.8303217202
 30
0.0
 40
0.0
 41
0.0
  0
VERTEX
  5
311
100
AcDbEntity
  8
EBENE_1
390
0
  6
Continuous
 62
       250
 48
0.0503534939
100
AcDbVertex
100
AcDb2dVertex
 10
86.0357802712
 20
-15.896726288
 30
0.0
 40
0.0
 41
0.0
  0
VERTEX
  5
312
100
AcDbEntity
  8
EBENE_1
390
0
  6
Continuous
 62
       250
 48
0.0503534939
100
AcDbVertex
100
AcDb2dVertex
 10
85.9761893873
 20
-15.9609651769
 30
0.0
 40
0.0
 41
0.0
  0
VERTEX
  5
313
100
AcDbEntity
  8
EBENE_1
390
0
  6
Continuous
 62
       250
 48
0.0503534939
100
AcDbVertex
100
AcDb2dVertex
 10
85.9143816048
 20
-16.0218847195
 30
0.0
 40
0.0
 41
0.0
  0
VERTEX
  5
314
100
AcDbEntity
  8
EBENE_1
390
0
  6
Continuous
 62
       250
 48
0.0503534939
100
AcDbVertex
100
AcDb2dVertex
 10
85.8506517264
 20
-16.0811044203
 30
0.0
 40
0.0
 41
0.0
  0
VERTEX
  5
315
100
AcDbEntity
  8
EBENE_1
390
0
  6
Continuous
 62
       250
 48
0.0503534939
100
AcDbVertex
100
AcDb2dVertex
 10
85.7842090455
 20
-16.1376177727
 30
0.0
 40
0.0
 41
0.0
  0
VERTEX
  5
316
100
AcDbEntity
  8
EBENE_1
390
0
  6
Continuous
 62
       250
 48
0.0503534939
100
AcDbVertex
100
AcDb2dVertex
 10
85.71595554
 20
-16.1923258998
 30
0.0
 40
0.0
 41
0.0
  0
VERTEX
  5
317
100
AcDbEntity
  8
EBENE_1
390
0
  6
Continuous
 62
       250
 48
0.0503534939
100
AcDbVertex
100
AcDb2dVertex
 10
85.6451345512
 20
-16.2442113088
 30
0.0
 40
0.0
 41
0.0
  0
VERTEX
  5
318
100
AcDbEntity
  8
EBENE_1
390
0
  6
Continuous
 62
       250
 48
0.0503534939
100
AcDbVertex
100
AcDb2dVertex
 10
85.5726815543
 20
-16.2941196793
 30
0.0
 40
0.0
 41
0.0
  0
VERTEX
  5
319
100
AcDbEntity
  8
EBENE_1
390
0
  6
Continuous
 62
       250
 48
0.0503534939
100
AcDbVertex
100
AcDb2dVertex
 10
85.5007878177
 20
-16.3391323654
 30
0.0
 40
0.0
 41
0.0
  0
VERTEX
  5
31A
100
AcDbEntity
  8
EBENE_1
390
0
  6
Continuous
 62
       250
 48
0.0503534939
100
AcDbVertex
100
AcDb2dVertex
 10
85.4274924824
 20
-16.3820753694
 30
0.0
 40
0.0
 41
0.0
  0
VERTEX
  5
31B
100
AcDbEntity
  8
EBENE_1
390
0
  6
Continuous
 62
       250
 48
0.0503534939
100
AcDbVertex
100
AcDb2dVertex
 10
85.3521595062
 20
-16.4218285135
 30
0.0
 40
0.0
 41
0.0
  0
VERTEX
  5
31C
100
AcDbEntity
  8
EBENE_1
390
0
  6
Continuous
 62
       250
 48
0.0503534939
100
AcDbVertex
100
AcDb2dVertex
 10
85.2754910734
 20
-16.4594572355
 30
0.0
 40
0.0
 41
0.0
  0
VERTEX
  5
31D
100
AcDbEntity
  8
EBENE_1
390
0
  6
Continuous
 62
       250
 48
0.0503534939
100
AcDbVertex
100
AcDb2dVertex
 10
85.1970306365
 20
-16.4937970593
 30
0.0
 40
0.0
 41
0.0
  0
VERTEX
  5
31E
100
AcDbEntity
  8
EBENE_1
390
0
  6
Continuous
 62
       250
 48
0.0503534939
100
AcDbVertex
100
AcDb2dVertex
 10
85.1173672378
 20
-16.5259440836
 30
0.0
 40
0.0
 41
0.0
  0
VERTEX
  5
31F
100
AcDbEntity
  8
EBENE_1
390
0
  6
Continuous
 62
       250
 48
0.0503534939
100
AcDbVertex
100
AcDb2dVertex
 10
85.0371043001
 20
-16.5543903496
 30
0.0
 40
0.0
 41
0.0
  0
VERTEX
  5
320
100
AcDbEntity
  8
EBENE_1
390
0
  6
Continuous
 62
       250
 48
0.0503534939
100
AcDbVertex
100
AcDb2dVertex
 10
84.9565535174
 20
-16.5803246594
 30
0.0
 40
0.0
 41
0.0
  0
VERTEX
  5
321
100
AcDbEntity
  8
EBENE_1
390
0
  6
Continuous
 62
       250
 48
0.0503534939
100
AcDbVertex
100
AcDb2dVertex
 10
84.8763266795
 20
-16.6022489469
 30
0.0
 40
0.0
 41
0.0
  0
VERTEX
  5
322
100
AcDbEntity
  8
EBENE_1
390
0
  6
Continuous
 62
       250
 48
0.0503534939
100
AcDbVertex
100
AcDb2dVertex
 10
84.7953476164
 20
-16.6218233265
 30
0.0
 40
0.0
 41
0.0
  0
VERTEX
  5
323
100
AcDbEntity
  8
EBENE_1
390
0
  6
Continuous
 62
       250
 48
0.0503534939
100
AcDbVertex
100
AcDb2dVertex
 10
84.7133376507
 20
-16.63786456
 30
0.0
 40
0.0
 41
0.0
  0
VERTEX
  5
324
100
AcDbEntity
  8
EBENE_1
390
0
  6
Continuous
 62
       250
 48
0.0503534939
100
AcDbVertex
100
AcDb2dVertex
 10
84.6306511754
 20
-16.6515427459
 30
0.0
 40
0.0
 41
0.0
  0
VERTEX
  5
325
100
AcDbEntity
  8
EBENE_1
390
0
  6
Continuous
 62
       250
 48
0.0503534939
100
AcDbVertex
100
AcDb2dVertex
 10
84.5471880264
 20
-16.6616579795
 30
0.0
 40
0.0
 41
0.0
  0
VERTEX
  5
326
100
AcDbEntity
  8
EBENE_1
390
0
  6
Continuous
 62
       250
 48
0.0503534939
100
AcDbVertex
100
AcDb2dVertex
 10
84.4631912428
 20
-16.6693886601
 30
0.0
 40
0.0
 41
0.0
  0
VERTEX
  5
327
100
AcDbEntity
  8
EBENE_1
390
0
  6
Continuous
 62
       250
 48
0.0503534939
100
AcDbVertex
100
AcDb2dVertex
 10
84.3807943993
 20
-16.6733445218
 30
0.0
 40
0.0
 41
0.0
  0
VERTEX
  5
328
100
AcDbEntity
  8
EBENE_1
390
0
  6
Continuous
 62
       250
 48
0.0503534939
100
AcDbVertex
100
AcDb2dVertex
 10
84.2995871748
 20
-16.6748393798
 30
0.0
 40
0.0
 41
0.0
  0
VERTEX
  5
329
100
AcDbEntity
  8
EBENE_1
390
0
  6
Continuous
 62
       250
 48
0.0503534939
100
AcDbVertex
100
AcDb2dVertex
 10
84.2180627524
 20
-16.6727158259
 30
0.0
 40
0.0
 41
0.0
  0
VERTEX
  5
32A
100
AcDbEntity
  8
EBENE_1
390
0
  6
Continuous
 62
       250
 48
0.0503534939
100
AcDbVertex
100
AcDb2dVertex
 10
84.1364807313
 20
-16.6681829978
 30
0.0
 40
0.0
 41
0.0
  0
VERTEX
  5
32B
100
AcDbEntity
  8
EBENE_1
390
0
  6
Continuous
 62
       250
 48
0.0503534939
100
AcDbVertex
100
AcDb2dVertex
 10
84.054900389
 20
-16.660058033
 30
0.0
 40
0.0
 41
0.0
  0
VERTEX
  5
32C
100
AcDbEntity
  8
EBENE_1
390
0
  6
Continuous
 62
       250
 48
0.0503534939
100
AcDbVertex
100
AcDb2dVertex
 10
83.9733293255
 20
-16.6495305627
 30
0.0
 40
0.0
 41
0.0
  0
VERTEX
  5
32D
100
AcDbEntity
  8
EBENE_1
390
0
  6
Continuous
 62
       250
 48
0.0503534939
100
AcDbVertex
100
AcDb2dVertex
 10
83.8925539257
 20
-16.635547733
 30
0.0
 40
0.0
 41
0.0
  0
VERTEX
  5
32E
100
AcDbEntity
  8
EBENE_1
390
0
  6
Continuous
 62
       250
 48
0.0503534939
100
AcDbVertex
100
AcDb2dVertex
 10
83.8130073348
 20
-16.6194114907
 30
0.0
 40
0.0
 41
0.0
  0
VERTEX
  5
32F
100
AcDbEntity
  8
EBENE_1
390
0
  6
Continuous
 62
       250
 48
0.0503534939
100
AcDbVertex
100
AcDb2dVertex
 10
83.7352406877
 20
-16.6000020814
 30
0.0
 40
0.0
 41
0.0
  0
VERTEX
  5
330
100
AcDbEntity
  8
EBENE_1
390
0
  6
Continuous
 62
       250
 48
0.0503534939
100
AcDbVertex
100
AcDb2dVertex
 10
83.6586510456
 20
-16.5784339786
 30
0.0
 40
0.0
 41
0.0
  0
VERTEX
  5
331
100
AcDbEntity
  8
EBENE_1
390
0
  6
Continuous
 62
       250
 48
0.0503534939
100
AcDbVertex
100
AcDb2dVertex
 10
83.5827299505
 20
-16.5533905186
 30
0.0
 40
0.0
 41
0.0
  0
VERTEX
  5
332
100
AcDbEntity
  8
EBENE_1
390
0
  6
Continuous
 62
       250
 48
0.0503534939
100
AcDbVertex
100
AcDb2dVertex
 10
83.5074150895
 20
-16.5260756874
 30
0.0
 40
0.0
 41
0.0
  0
VERTEX
  5
333
100
AcDbEntity
  8
EBENE_1
390
0
  6
Continuous
 62
       250
 48
0.0503534939
100
AcDbVertex
100
AcDb2dVertex
 10
83.4330776514
 20
-16.495394958
 30
0.0
 40
0.0
 41
0.0
  0
VERTEX
  5
334
100
AcDbEntity
  8
EBENE_1
390
0
  6
Continuous
 62
       250
 48
0.0503534939
100
AcDbVertex
100
AcDb2dVertex
 10
83.3593907159
 20
-16.4624767551
 30
0.0
 40
0.0
 41
0.0
  0
VERTEX
  5
335
100
AcDbEntity
  8
EBENE_1
390
0
  6
Continuous
 62
       250
 48
0.0503534939
100
AcDbVertex
100
AcDb2dVertex
 10
83.2879396683
 20
-16.4267447719
 30
0.0
 40
0.0
 41
0.0
  0
VERTEX
  5
336
100
AcDbEntity
  8
EBENE_1
390
0
  6
Continuous
 62
       250
 48
0.0503534939
100
AcDbVertex
100
AcDb2dVertex
 10
83.2192649034
 20
-16.3898256394
 30
0.0
 40
0.0
 41
0.0
  0
VERTEX
  5
337
100
AcDbEntity
  8
EBENE_1
390
0
  6
Continuous
 62
       250
 48
0.0503534939
100
AcDbVertex
100
AcDb2dVertex
 10
83.1524061884
 20
-16.3499524447
 30
0.0
 40
0.0
 41
0.0
  0
VERTEX
  5
338
100
AcDbEntity
  8
EBENE_1
390
0
  6
Continuous
 62
       250
 48
0.0503534939
100
AcDbVertex
100
AcDb2dVertex
 10
83.086644726
 20
-16.3080491034
 30
0.0
 40
0.0
 41
0.0
  0
VERTEX
  5
339
100
AcDbEntity
  8
EBENE_1
390
0
  6
Continuous
 62
       250
 48
0.0503534939
100
AcDbVertex
100
AcDb2dVertex
 10
83.0224737287
 20
-16.2630831109
 30
0.0
 40
0.0
 41
0.0
  0
VERTEX
  5
33A
100
AcDbEntity
  8
EBENE_1
390
0
  6
Continuous
 62
       250
 48
0.0503534939
100
AcDbVertex
100
AcDb2dVertex
 10
82.9595028894
 20
-16.2161649629
 30
0.0
 40
0.0
 41
0.0
  0
VERTEX
  5
33B
100
AcDbEntity
  8
EBENE_1
390
0
  6
Continuous
 62
       250
 48
0.0503534939
100
AcDbVertex
100
AcDb2dVertex
 10
82.8985246421
 20
-16.1664861781
 30
0.0
 40
0.0
 41
0.0
  0
VERTEX
  5
33C
100
AcDbEntity
  8
EBENE_1
390
0
  6
Continuous
 62
       250
 48
0.0503534939
100
AcDbVertex
100
AcDb2dVertex
 10
82.8395912165
 20
-16.1156071181
 30
0.0
 40
0.0
 41
0.0
  0
VERTEX
  5
33D
100
AcDbEntity
  8
EBENE_1
390
0
  6
Continuous
 62
       250
 48
0.0503534939
100
AcDbVertex
100
AcDb2dVertex
 10
82.7835598984
 20
-16.06275621
 30
0.0
 40
0.0
 41
0.0
  0
VERTEX
  5
33E
100
AcDbEntity
  8
EBENE_1
390
0
  6
Continuous
 62
       250
 48
0.0503534939
100
AcDbVertex
100
AcDb2dVertex
 10
82.7297550622
 20
-16.0088549743
 30
0.0
 40
0.0
 41
0.0
  0
VERTEX
  5
33F
100
AcDbEntity
  8
EBENE_1
390
0
  6
Continuous
 62
       250
 48
0.0503534939
100
AcDbVertex
100
AcDb2dVertex
 10
82.6783495351
 20
-15.9525625515
 30
0.0
 40
0.0
 41
0.0
  0
VERTEX
  5
340
100
AcDbEntity
  8
EBENE_1
390
0
  6
Continuous
 62
       250
 48
0.0503534939
100
AcDbVertex
100
AcDb2dVertex
 10
82.6285215998
 20
-15.8946801663
 30
0.0
 40
0.0
 41
0.0
  0
VERTEX
  5
341
100
AcDbEntity
  8
EBENE_1
390
0
  6
Continuous
 62
       250
 48
0.0503534939
100
AcDbVertex
100
AcDb2dVertex
 10
82.581017879
 20
-15.8343531437
 30
0.0
 40
0.0
 41
0.0
  0
VERTEX
  5
342
100
AcDbEntity
  8
EBENE_1
390
0
  6
Continuous
 62
       250
 48
0.0503534939
100
AcDbVertex
100
AcDb2dVertex
 10
82.5351602848
 20
-15.7725368975
 30
0.0
 40
0.0
 41
0.0
  0
VERTEX
  5
343
100
AcDbEntity
  8
EBENE_1
390
0
  6
Continuous
 62
       250
 48
0.0503534939
100
AcDbVertex
100
AcDb2dVertex
 10
82.4920457003
 20
-15.7088309063
 30
0.0
 40
0.0
 41
0.0
  0
VERTEX
  5
344
100
AcDbEntity
  8
EBENE_1
390
0
  6
Continuous
 62
       250
 48
0.0503534939
100
AcDbVertex
100
AcDb2dVertex
 10
82.4518360738
 20
-15.6454960131
 30
0.0
 40
0.0
 41
0.0
  0
VERTEX
  5
345
100
AcDbEntity
  8
EBENE_1
390
0
  6
Continuous
 62
       250
 48
0.0503534939
100
AcDbVertex
100
AcDb2dVertex
 10
82.4149075195
 20
-15.5811760501
 30
0.0
 40
0.0
 41
0.0
  0
VERTEX
  5
346
100
AcDbEntity
  8
EBENE_1
390
0
  6
Continuous
 62
       250
 48
0.0503534939
100
AcDbVertex
100
AcDb2dVertex
 10
82.3798161137
 20
-15.5156117803
 30
0.0
 40
0.0
 41
0.0
  0
VERTEX
  5
347
100
AcDbEntity
  8
EBENE_1
390
0
  6
Continuous
 62
       250
 48
0.0503534939
100
AcDbVertex
100
AcDb2dVertex
 10
82.3475399717
 20
-15.4483240533
 30
0.0
 40
0.0
 41
0.0
  0
VERTEX
  5
348
100
AcDbEntity
  8
EBENE_1
390
0
  6
Continuous
 62
       250
 48
0.0503534939
100
AcDbVertex
100
AcDb2dVertex
 10
82.3171784694
 20
-15.3799836738
 30
0.0
 40
0.0
 41
0.0
  0
VERTEX
  5
349
100
AcDbEntity
  8
EBENE_1
390
0
  6
Continuous
 62
       250
 48
0.0503534939
100
AcDbVertex
100
AcDb2dVertex
 10
82.2896660951
 20
-15.3099794619
 30
0.0
 40
0.0
 41
0.0
  0
VERTEX
  5
34A
100
AcDbEntity
  8
EBENE_1
390
0
  6
Continuous
 62
       250
 48
0.0503534939
100
AcDbVertex
100
AcDb2dVertex
 10
82.264343397
 20
-15.2397139123
 30
0.0
 40
0.0
 41
0.0
  0
VERTEX
  5
34B
100
AcDbEntity
  8
EBENE_1
390
0
  6
Continuous
 62
       250
 48
0.0503534939
100
AcDbVertex
100
AcDb2dVertex
 10
82.2423671824
 20
-15.1693150918
 30
0.0
 40
0.0
 41
0.0
  0
VERTEX
  5
34C
100
AcDbEntity
  8
EBENE_1
390
0
  6
Continuous
 62
       250
 48
0.0503534939
100
AcDbVertex
100
AcDb2dVertex
 10
82.2227363388
 20
-15.0991307849
 30
0.0
 40
0.0
 41
0.0
  0
VERTEX
  5
34D
100
AcDbEntity
  8
EBENE_1
390
0
  6
Continuous
 62
       250
 48
0.0503534939
100
AcDbVertex
100
AcDb2dVertex
 10
82.2063408608
 20
-15.0284582883
 30
0.0
 40
0.0
 41
0.0
  0
VERTEX
  5
34E
100
AcDbEntity
  8
EBENE_1
390
0
  6
Continuous
 62
       250
 48
0.0503534939
100
AcDbVertex
100
AcDb2dVertex
 10
82.1919909313
 20
-14.957128523
 30
0.0
 40
0.0
 41
0.0
  0
VERTEX
  5
34F
100
AcDbEntity
  8
EBENE_1
390
0
  6
Continuous
 62
       250
 48
0.0503534939
100
AcDbVertex
100
AcDb2dVertex
 10
82.180745765
 20
-14.8849668186
 30
0.0
 40
0.0
 41
0.0
  0
VERTEX
  5
350
100
AcDbEntity
  8
EBENE_1
390
0
  6
Continuous
 62
       250
 48
0.0503534939
100
AcDbVertex
100
AcDb2dVertex
 10
82.171573017
 20
-14.8123508502
 30
0.0
 40
0.0
 41
0.0
  0
VERTEX
  5
351
100
AcDbEntity
  8
EBENE_1
390
0
  6
Continuous
 62
       250
 48
0.0503534939
100
AcDbVertex
100
AcDb2dVertex
 10
82.1655090398
 20
-14.7389636471
 30
0.0
 40
0.0
 41
0.0
  0
VERTEX
  5
352
100
AcDbEntity
  8
EBENE_1
390
0
  6
Continuous
 62
       250
 48
0.0503534939
100
AcDbVertex
100
AcDb2dVertex
 10
82.1616518194
 20
-14.6666870241
 30
0.0
 40
0.0
 41
0.0
  0
VERTEX
  5
353
100
AcDbEntity
  8
EBENE_1
390
0
  6
Continuous
 62
       250
 48
0.0503534939
100
AcDbVertex
100
AcDb2dVertex
 10
82.1610182023
 20
-14.5961634971
 30
0.0
 40
0.0
 41
0.0
  0
VERTEX
  5
354
100
AcDbEntity
  8
EBENE_1
390
0
  6
Continuous
 62
       250
 48
0.0503534939
100
AcDbVertex
100
AcDb2dVertex
 10
82.162486048
 20
-14.5254550534
 30
0.0
 40
0.0
 41
0.0
  0
VERTEX
  5
355
100
AcDbEntity
  8
EBENE_1
390
0
  6
Continuous
 62
       250
 48
0.0503534939
100
AcDbVertex
100
AcDb2dVertex
 10
82.1671044468
 20
-14.4546684902
 30
0.0
 40
0.0
 41
0.0
  0
VERTEX
  5
356
100
AcDbEntity
  8
EBENE_1
390
0
  6
Continuous
 62
       250
 48
0.0503534939
100
AcDbVertex
100
AcDb2dVertex
 10
82.1738114821
 20
-14.3838214153
 30
0.0
 40
0.0
 41
0.0
  0
VERTEX
  5
357
100
AcDbEntity
  8
EBENE_1
390
0
  6
Continuous
 62
       250
 48
0.0503534939
100
AcDbVertex
100
AcDb2dVertex
 10
82.1836472404
 20
-14.3130464882
 30
0.0
 40
0.0
 41
0.0
  0
VERTEX
  5
358
100
AcDbEntity
  8
EBENE_1
390
0
  6
Continuous
 62
       250
 48
0.0503534939
100
AcDbVertex
100
AcDb2dVertex
 10
82.1955493841
 20
-14.2424167762
 30
0.0
 40
0.0
 41
0.0
  0
VERTEX
  5
359
100
AcDbEntity
  8
EBENE_1
390
0
  6
Continuous
 62
       250
 48
0.0503534939
100
AcDbVertex
100
AcDb2dVertex
 10
82.2102035454
 20
-14.1736424581
 30
0.0
 40
0.0
 41
0.0
  0
VERTEX
  5
35A
100
AcDbEntity
  8
EBENE_1
390
0
  6
Continuous
 62
       250
 48
0.0503534939
100
AcDbVertex
100
AcDb2dVertex
 10
82.2267438251
 20
-14.1058877541
 30
0.0
 40
0.0
 41
0.0
  0
VERTEX
  5
35B
100
AcDbEntity
  8
EBENE_1
390
0
  6
Continuous
 62
       250
 48
0.0503534939
100
AcDbVertex
100
AcDb2dVertex
 10
82.2460885725
 20
-14.0397362973
 30
0.0
 40
0.0
 41
0.0
  0
VERTEX
  5
35C
100
AcDbEntity
  8
EBENE_1
390
0
  6
Continuous
 62
       250
 48
0.0503534939
100
AcDbVertex
100
AcDb2dVertex
 10
82.2674438576
 20
-13.9739913328
 30
0.0
 40
0.0
 41
0.0
  0
VERTEX
  5
35D
100
AcDbEntity
  8
EBENE_1
390
0
  6
Continuous
 62
       250
 48
0.0503534939
100
AcDbVertex
100
AcDb2dVertex
 10
82.2917501994
 20
-13.9090463284
 30
0.0
 40
0.0
 41
0.0
  0
VERTEX
  5
35E
100
AcDbEntity
  8
EBENE_1
390
0
  6
Continuous
 62
       250
 48
0.0503534939
100
AcDbVertex
100
AcDb2dVertex
 10
82.3180278831
 20
-13.8446211105
 30
0.0
 40
0.0
 41
0.0
  0
VERTEX
  5
35F
100
AcDbEntity
  8
EBENE_1
390
0
  6
Continuous
 62
       250
 48
0.0503534939
100
AcDbVertex
100
AcDb2dVertex
 10
82.3471939234
 20
-13.7811201976
 30
0.0
 40
0.0
 41
0.0
  0
VERTEX
  5
360
100
AcDbEntity
  8
EBENE_1
390
0
  6
Continuous
 62
       250
 48
0.0503534939
100
AcDbVertex
100
AcDb2dVertex
 10
82.3782700822
 20
-13.7183384754
 30
0.0
 40
0.0
 41
0.0
  0
VERTEX
  5
361
100
AcDbEntity
  8
EBENE_1
390
0
  6
Continuous
 62
       250
 48
0.0503534939
100
AcDbVertex
100
AcDb2dVertex
 10
82.4105523059
 20
-13.6597349589
 30
0.0
 40
0.0
 41
0.0
  0
VERTEX
  5
362
100
AcDbEntity
  8
EBENE_1
390
0
  6
Continuous
 62
       250
 48
0.0503534939
100
AcDbVertex
100
AcDb2dVertex
 10
82.4446194874
 20
-13.6019964214
 30
0.0
 40
0.0
 41
0.0
  0
VERTEX
  5
363
100
AcDbEntity
  8
EBENE_1
390
0
  6
Continuous
 62
       250
 48
0.0503534939
100
AcDbVertex
100
AcDb2dVertex
 10
82.4813656698
 20
-13.5456378856
 30
0.0
 40
0.0
 41
0.0
  0
VERTEX
  5
364
100
AcDbEntity
  8
EBENE_1
390
0
  6
Continuous
 62
       250
 48
0.0503534939
100
AcDbVertex
100
AcDb2dVertex
 10
82.519885621
 20
-13.4901951145
 30
0.0
 40
0.0
 41
0.0
  0
VERTEX
  5
365
100
AcDbEntity
  8
EBENE_1
390
0
  6
Continuous
 62
       250
 48
0.0503534939
100
AcDbVertex
100
AcDb2dVertex
 10
82.5609438921
 20
-13.4362986537
 30
0.0
 40
0.0
 41
0.0
  0
VERTEX
  5
366
100
AcDbEntity
  8
EBENE_1
390
0
  6
Continuous
 62
       250
 48
0.0503534939
100
AcDbVertex
100
AcDb2dVertex
 10
82.603711325
 20
-13.3834154888
 30
0.0
 40
0.0
 41
0.0
  0
VERTEX
  5
367
100
AcDbEntity
  8
EBENE_1
390
0
  6
Continuous
 62
       250
 48
0.0503534939
100
AcDbVertex
100
AcDb2dVertex
 10
82.6482017822
 20
-13.332981706
 30
0.0
 40
0.0
 41
0.0
  0
VERTEX
  5
368
100
AcDbEntity
  8
EBENE_1
390
0
  6
Continuous
 62
       250
 48
0.0503534939
100
AcDbVertex
100
AcDb2dVertex
 10
82.693778077
 20
-13.2842610622
 30
0.0
 40
0.0
 41
0.0
  0
VERTEX
  5
369
100
AcDbEntity
  8
EBENE_1
390
0
  6
Continuous
 62
       250
 48
0.0503534939
100
AcDbVertex
100
AcDb2dVertex
 10
82.740469417
 20
-13.2386587094
 30
0.0
 40
0.0
 41
0.0
  0
VERTEX
  5
36A
100
AcDbEntity
  8
EBENE_1
390
0
  6
Continuous
 62
       250
 48
0.0503534939
100
AcDbVertex
100
AcDb2dVertex
 10
82.7886074802
 20
-13.194365613
 30
0.0
 40
0.0
 41
0.0
  0
VERTEX
  5
36B
100
AcDbEntity
  8
EBENE_1
390
0
  6
Continuous
 62
       250
 48
0.0503534939
100
AcDbVertex
100
AcDb2dVertex
 10
82.8388548559
 20
-13.1520697246
 30
0.0
 40
0.0
 41
0.0
  0
VERTEX
  5
36C
100
AcDbEntity
  8
EBENE_1
390
0
  6
Continuous
 62
       250
 48
0.0503534939
100
AcDbVertex
100
AcDb2dVertex
 10
82.8905174376
 20
-13.1111041535
 30
0.0
 40
0.0
 41
0.0
  0
VERTEX
  5
36D
100
AcDbEntity
  8
EBENE_1
390
0
  6
Continuous
 62
       250
 48
0.0503534939
100
AcDbVertex
100
AcDb2dVertex
 10
82.9441181578
 20
-13.0722457299
 30
0.0
 40
0.0
 41
0.0
  0
VERTEX
  5
36E
100
AcDbEntity
  8
EBENE_1
390
0
  6
Continuous
 62
       250
 48
0.0503534939
100
AcDbVertex
100
AcDb2dVertex
 10
82.9990451031
 20
-13.034779555
 30
0.0
 40
0.0
 41
0.0
  0
VERTEX
  5
36F
100
AcDbEntity
  8
EBENE_1
390
0
  6
Continuous
 62
       250
 48
0.0503534939
100
AcDbVertex
100
AcDb2dVertex
 10
83.0539656237
 20
-13.0007520014
 30
0.0
 40
0.0
 41
0.0
  0
VERTEX
  5
370
100
AcDbEntity
  8
EBENE_1
390
0
  6
Continuous
 62
       250
 48
0.0503534939
100
AcDbVertex
100
AcDb2dVertex
 10
83.1087641876
 20
-12.9690207306
 30
0.0
 40
0.0
 41
0.0
  0
VERTEX
  5
371
100
AcDbEntity
  8
EBENE_1
390
0
  6
Continuous
 62
       250
 48
0.0503534939
100
AcDbVertex
100
AcDb2dVertex
 10
83.165229694
 20
-12.9396195423
 30
0.0
 40
0.0
 41
0.0
  0
VERTEX
  5
372
100
AcDbEntity
  8
EBENE_1
390
0
  6
Continuous
 62
       250
 48
0.0503534939
100
AcDbVertex
100
AcDb2dVertex
 10
83.222682192
 20
-12.9118379657
 30
0.0
 40
0.0
 41
0.0
  0
VERTEX
  5
373
100
AcDbEntity
  8
EBENE_1
390
0
  6
Continuous
 62
       250
 48
0.0503534939
100
AcDbVertex
100
AcDb2dVertex
 10
83.2815518238
 20
-12.8864977847
 30
0.0
 40
0.0
 41
0.0
  0
VERTEX
  5
374
100
AcDbEntity
  8
EBENE_1
390
0
  6
Continuous
 62
       250
 48
0.0503534939
100
AcDbVertex
100
AcDb2dVertex
 10
83.3413751772
 20
-12.8627895695
 30
0.0
 40
0.0
 41
0.0
  0
VERTEX
  5
375
100
AcDbEntity
  8
EBENE_1
390
0
  6
Continuous
 62
       250
 48
0.0503534939
100
AcDbVertex
100
AcDb2dVertex
 10
83.4019099174
 20
-12.8417625468
 30
0.0
 40
0.0
 41
0.0
  0
VERTEX
  5
376
100
AcDbEntity
  8
EBENE_1
390
0
  6
Continuous
 62
       250
 48
0.0503534939
100
AcDbVertex
100
AcDb2dVertex
 10
83.4622623485
 20
-12.8227194764
 30
0.0
 40
0.0
 41
0.0
  0
VERTEX
  5
377
100
AcDbEntity
  8
EBENE_1
390
0
  6
Continuous
 62
       250
 48
0.0503534939
100
AcDbVertex
100
AcDb2dVertex
 10
83.5224408046
 20
-12.8066490867
 30
0.0
 40
0.0
 41
0.0
  0
VERTEX
  5
378
100
AcDbEntity
  8
EBENE_1
390
0
  6
Continuous
 62
       250
 48
0.0503534939
100
AcDbVertex
100
AcDb2dVertex
 10
83.5825171509
 20
-12.792530934
 30
0.0
 40
0.0
 41
0.0
  0
VERTEX
  5
379
100
AcDbEntity
  8
EBENE_1
390
0
  6
Continuous
 62
       250
 48
0.0503534939
100
AcDbVertex
100
AcDb2dVertex
 10
83.643508071
 20
-12.7810223564
 30
0.0
 40
0.0
 41
0.0
  0
VERTEX
  5
37A
100
AcDbEntity
  8
EBENE_1
390
0
  6
Continuous
 62
       250
 48
0.0503534939
100
AcDbVertex
100
AcDb2dVertex
 10
83.7049666987
 20
-12.7712871949
 30
0.0
 40
0.0
 41
0.0
  0
VERTEX
  5
37B
100
AcDbEntity
  8
EBENE_1
390
0
  6
Continuous
 62
       250
 48
0.0503534939
100
AcDbVertex
100
AcDb2dVertex
 10
83.7670710399
 20
-12.7642064263
 30
0.0
 40
0.0
 41
0.0
  0
VERTEX
  5
37C
100
AcDbEntity
  8
EBENE_1
390
0
  6
Continuous
 62
       250
 48
0.0503534939
100
AcDbVertex
100
AcDb2dVertex
 10
83.8296130923
 20
-12.758887958
 30
0.0
 40
0.0
 41
0.0
  0
VERTEX
  5
37D
100
AcDbEntity
  8
EBENE_1
390
0
  6
Continuous
 62
       250
 48
0.0503534939
100
AcDbVertex
100
AcDb2dVertex
 10
83.8915152823
 20
-12.756335225
 30
0.0
 40
0.0
 41
0.0
  0
VERTEX
  5
37E
100
AcDbEntity
  8
EBENE_1
390
0
  6
Continuous
 62
       250
 48
0.0503534939
100
AcDbVertex
100
AcDb2dVertex
 10
83.9515817926
 20
-12.7556406366
 30
0.0
 40
0.0
 41
0.0
  0
VERTEX
  5
37F
100
AcDbEntity
  8
EBENE_1
390
0
  6
Continuous
 62
       250
 48
0.0503534939
100
AcDbVertex
100
AcDb2dVertex
 10
84.0115068898
 20
-12.7576316605
 30
0.0
 40
0.0
 41
0.0
  0
VERTEX
  5
380
100
AcDbEntity
  8
EBENE_1
390
0
  6
Continuous
 62
       250
 48
0.0503534939
100
AcDbVertex
100
AcDb2dVertex
 10
84.0714814317
 20
-12.7614147907
 30
0.0
 40
0.0
 41
0.0
  0
VERTEX
  5
381
100
AcDbEntity
  8
EBENE_1
390
0
  6
Continuous
 62
       250
 48
0.0503534939
100
AcDbVertex
100
AcDb2dVertex
 10
84.1316084853
 20
-12.7678761795
 30
0.0
 40
0.0
 41
0.0
  0
VERTEX
  5
382
100
AcDbEntity
  8
EBENE_1
390
0
  6
Continuous
 62
       250
 48
0.0503534939
100
AcDbVertex
100
AcDb2dVertex
 10
84.1916859543
 20
-12.7761110185
 30
0.0
 40
0.0
 41
0.0
  0
VERTEX
  5
383
100
AcDbEntity
  8
EBENE_1
390
0
  6
Continuous
 62
       250
 48
0.0503534939
100
AcDbVertex
100
AcDb2dVertex
 10
84.2540096742
 20
-12.7875276674
 30
0.0
 40
0.0
 41
0.0
  0
VERTEX
  5
384
100
AcDbEntity
  8
EBENE_1
390
0
  6
Continuous
 62
       250
 48
0.0503534939
100
AcDbVertex
100
AcDb2dVertex
 10
84.3303926357
 20
-12.8042291768
 30
0.0
 40
0.0
 41
0.0
  0
VERTEX
  5
385
100
AcDbEntity
  8
EBENE_1
390
0
  6
Continuous
 62
       250
 48
0.0503534939
100
AcDbVertex
100
AcDb2dVertex
 10
84.380028437
 20
-12.8174554913
 30
0.0
 40
0.0
 41
0.0
  0
VERTEX
  5
386
100
AcDbEntity
  8
EBENE_1
390
0
  6
Continuous
 62
       250
 48
0.0503534939
100
AcDbVertex
100
AcDb2dVertex
 10
84.4385151185
 20
-12.8351011766
 30
0.0
 40
0.0
 41
0.0
  0
VERTEX
  5
387
100
AcDbEntity
  8
EBENE_1
390
0
  6
Continuous
 62
       250
 48
0.0503534939
100
AcDbVertex
100
AcDb2dVertex
 10
84.5007472325
 20
-12.8569542815
 30
0.0
 40
0.0
 41
0.0
  0
VERTEX
  5
388
100
AcDbEntity
  8
EBENE_1
390
0
  6
Continuous
 62
       250
 48
0.0503534939
100
AcDbVertex
100
AcDb2dVertex
 10
84.5621250549
 20
-12.8811123064
 30
0.0
 40
0.0
 41
0.0
  0
VERTEX
  5
389
100
AcDbEntity
  8
EBENE_1
390
0
  6
Continuous
 62
       250
 48
0.0503534939
100
AcDbVertex
100
AcDb2dVertex
 10
84.6223001789
 20
-12.9080717236
 30
0.0
 40
0.0
 41
0.0
  0
VERTEX
  5
38A
100
AcDbEntity
  8
EBENE_1
390
0
  6
Continuous
 62
       250
 48
0.0503534939
100
AcDbVertex
100
AcDb2dVertex
 10
84.6814357291
 20
-12.9372347409
 30
0.0
 40
0.0
 41
0.0
  0
VERTEX
  5
38B
100
AcDbEntity
  8
EBENE_1
390
0
  6
Continuous
 62
       250
 48
0.0503534939
100
AcDbVertex
100
AcDb2dVertex
 10
84.7391566861
 20
-12.9691036775
 30
0.0
 40
0.0
 41
0.0
  0
VERTEX
  5
38C
100
AcDbEntity
  8
EBENE_1
390
0
  6
Continuous
 62
       250
 48
0.0503534939
100
AcDbVertex
100
AcDb2dVertex
 10
84.7956566352
 20
-13.0030922562
 30
0.0
 40
0.0
 41
0.0
  0
VERTEX
  5
38D
100
AcDbEntity
  8
EBENE_1
390
0
  6
Continuous
 62
       250
 48
0.0503534939
100
AcDbVertex
100
AcDb2dVertex
 10
84.85052438
 20
-13.0396609075
 30
0.0
 40
0.0
 41
0.0
  0
VERTEX
  5
38E
100
AcDbEntity
  8
EBENE_1
390
0
  6
Continuous
 62
       250
 48
0.0503534939
100
AcDbVertex
100
AcDb2dVertex
 10
84.9040169326
 20
-13.0782519209
 30
0.0
 40
0.0
 41
0.0
  0
VERTEX
  5
38F
100
AcDbEntity
  8
EBENE_1
390
0
  6
Continuous
 62
       250
 48
0.0503534939
100
AcDbVertex
100
AcDb2dVertex
 10
84.9556422054
 20
-13.1193223971
 30
0.0
 40
0.0
 41
0.0
  0
VERTEX
  5
390
100
AcDbEntity
  8
EBENE_1
390
0
  6
Continuous
 62
       250
 48
0.0503534939
100
AcDbVertex
100
AcDb2dVertex
 10
85.0056466329
 20
-13.1623520642
 30
0.0
 40
0.0
 41
0.0
  0
VERTEX
  5
391
100
AcDbEntity
  8
EBENE_1
390
0
  6
Continuous
 62
       250
 48
0.0503534939
100
AcDbVertex
100
AcDb2dVertex
 10
85.0546798596
 20
-13.2090012386
 30
0.0
 40
0.0
 41
0.0
  0
VERTEX
  5
392
100
AcDbEntity
  8
EBENE_1
390
0
  6
Continuous
 62
       250
 48
0.0503534939
100
AcDbVertex
100
AcDb2dVertex
 10
85.101755364
 20
-13.2576258124
 30
0.0
 40
0.0
 41
0.0
  0
VERTEX
  5
393
100
AcDbEntity
  8
EBENE_1
390
0
  6
Continuous
 62
       250
 48
0.0503534939
100
AcDbVertex
100
AcDb2dVertex
 10
85.1460645967
 20
-13.3084304739
 30
0.0
 40
0.0
 41
0.0
  0
VERTEX
  5
394
100
AcDbEntity
  8
EBENE_1
390
0
  6
Continuous
 62
       250
 48
0.0503534939
100
AcDbVertex
100
AcDb2dVertex
 10
85.1878947815
 20
-13.3606232874
 30
0.0
 40
0.0
 41
0.0
  0
VERTEX
  5
395
100
AcDbEntity
  8
EBENE_1
390
0
  6
Continuous
 62
       250
 48
0.0503534939
100
AcDbVertex
100
AcDb2dVertex
 10
85.2270186626
 20
-13.41487921
 30
0.0
 40
0.0
 41
0.0
  0
VERTEX
  5
396
100
AcDbEntity
  8
EBENE_1
390
0
  6
Continuous
 62
       250
 48
0.0503534939
100
AcDbVertex
100
AcDb2dVertex
 10
85.2639005056
 20
-13.4705930615
 30
0.0
 40
0.0
 41
0.0
  0
VERTEX
  5
397
100
AcDbEntity
  8
EBENE_1
390
0
  6
Continuous
 62
       250
 48
0.0503534939
100
AcDbVertex
100
AcDb2dVertex
 10
85.2979779048
 20
-13.5280169982
 30
0.0
 40
0.0
 41
0.0
  0
VERTEX
  5
398
100
AcDbEntity
  8
EBENE_1
390
0
  6
Continuous
 62
       250
 48
0.0503534939
100
AcDbVertex
100
AcDb2dVertex
 10
85.3298003127
 20
-13.5867111922
 30
0.0
 40
0.0
 41
0.0
  0
VERTEX
  5
399
100
AcDbEntity
  8
EBENE_1
390
0
  6
Continuous
 62
       250
 48
0.0503534939
100
AcDbVertex
100
AcDb2dVertex
 10
85.3589714805
 20
-13.6472256641
 30
0.0
 40
0.0
 41
0.0
  0
VERTEX
  5
39A
100
AcDbEntity
  8
EBENE_1
390
0
  6
Continuous
 62
       250
 48
0.0503534939
100
AcDbVertex
100
AcDb2dVertex
 10
85.3859159223
 20
-13.7087758245
 30
0.0
 40
0.0
 41
0.0
  0
VERTEX
  5
39B
100
AcDbEntity
  8
EBENE_1
390
0
  6
Continuous
 62
       250
 48
0.0503534939
100
AcDbVertex
100
AcDb2dVertex
 10
85.4098494124
 20
-13.7705633377
 30
0.0
 40
0.0
 41
0.0
  0
VERTEX
  5
39C
100
AcDbEntity
  8
EBENE_1
390
0
  6
Continuous
 62
       250
 48
0.0503534939
100
AcDbVertex
100
AcDb2dVertex
 10
85.4309594338
 20
-13.831348699
 30
0.0
 40
0.0
 41
0.0
  0
VERTEX
  5
39D
100
AcDbEntity
  8
EBENE_1
390
0
  6
Continuous
 62
       250
 48
0.0503534939
100
AcDbVertex
100
AcDb2dVertex
 10
85.4433945509
 20
-13.8723891247
 30
0.0
 40
0.0
 41
0.0
  0
VERTEX
  5
39E
100
AcDbEntity
  8
EBENE_1
390
0
  6
Continuous
 62
       250
 48
0.0503534939
100
AcDbVertex
100
AcDb2dVertex
 10
85.4544050292
 20
-13.9138241988
 30
0.0
 40
0.0
 41
0.0
  0
VERTEX
  5
39F
100
AcDbEntity
  8
EBENE_1
390
0
  6
Continuous
 62
       250
 48
0.0503534939
100
AcDbVertex
100
AcDb2dVertex
 10
85.4671600002
 20
-13.9730720395
 30
0.0
 40
0.0
 41
0.0
  0
VERTEX
  5
3A0
100
AcDbEntity
  8
EBENE_1
390
0
  6
Continuous
 62
       250
 48
0.0503534939
100
AcDbVertex
100
AcDb2dVertex
 10
85.4772201393
 20
-14.0328581053
 30
0.0
 40
0.0
 41
0.0
  0
VERTEX
  5
3A1
100
AcDbEntity
  8
EBENE_1
390
0
  6
Continuous
 62
       250
 48
0.0503534939
100
AcDbVertex
100
AcDb2dVertex
 10
85.4840512231
 20
-14.0930910579
 30
0.0
 40
0.0
 41
0.0
  0
VERTEX
  5
3A2
100
AcDbEntity
  8
EBENE_1
390
0
  6
Continuous
 62
       250
 48
0.0503534939
100
AcDbVertex
100
AcDb2dVertex
 10
85.4883948116
 20
-14.1535177326
 30
0.0
 40
0.0
 41
0.0
  0
VERTEX
  5
3A3
100
AcDbEntity
  8
EBENE_1
390
0
  6
Continuous
 62
       250
 48
0.0503534939
100
AcDbVertex
100
AcDb2dVertex
 10
85.4897168247
 20
-14.2140755917
 30
0.0
 40
0.0
 41
0.0
  0
VERTEX
  5
3A4
100
AcDbEntity
  8
EBENE_1
390
0
  6
Continuous
 62
       250
 48
0.0503534939
100
AcDbVertex
100
AcDb2dVertex
 10
85.4886895352
 20
-14.2746849592
 30
0.0
 40
0.0
 41
0.0
  0
VERTEX
  5
3A5
100
AcDbEntity
  8
EBENE_1
390
0
  6
Continuous
 62
       250
 48
0.0503534939
100
AcDbVertex
100
AcDb2dVertex
 10
85.484886538
 20
-14.3352145787
 30
0.0
 40
0.0
 41
0.0
  0
VERTEX
  5
3A6
100
AcDbEntity
  8
EBENE_1
390
0
  6
Continuous
 62
       250
 48
0.0503534939
100
AcDbVertex
100
AcDb2dVertex
 10
85.4790320503
 20
-14.3955898825
 30
0.0
 40
0.0
 41
0.0
  0
VERTEX
  5
3A7
100
AcDbEntity
  8
EBENE_1
390
0
  6
Continuous
 62
       250
 48
0.0503534939
100
AcDbVertex
100
AcDb2dVertex
 10
85.4707395549
 20
-14.4556272918
 30
0.0
 40
0.0
 41
0.0
  0
VERTEX
  5
3A8
100
AcDbEntity
  8
EBENE_1
390
0
  6
Continuous
 62
       250
 48
0.0503534939
100
AcDbVertex
100
AcDb2dVertex
 10
85.4603579495
 20
-14.5153304885
 30
0.0
 40
0.0
 41
0.0
  0
VERTEX
  5
3A9
100
AcDbEntity
  8
EBENE_1
390
0
  6
Continuous
 62
       250
 48
0.0503534939
100
AcDbVertex
100
AcDb2dVertex
 10
85.4467948968
 20
-14.5756366502
 30
0.0
 40
0.0
 41
0.0
  0
VERTEX
  5
3AA
100
AcDbEntity
  8
EBENE_1
390
0
  6
Continuous
 62
       250
 48
0.0503534939
100
AcDbVertex
100
AcDb2dVertex
 10
85.4299798649
 20
-14.6376320503
 30
0.0
 40
0.0
 41
0.0
  0
VERTEX
  5
3AB
100
AcDbEntity
  8
EBENE_1
390
0
  6
Continuous
 62
       250
 48
0.0503534939
100
AcDbVertex
100
AcDb2dVertex
 10
85.4168244649
 20
-14.6783871596
 30
0.0
 40
0.0
 41
0.0
  0
VERTEX
  5
3AC
100
AcDbEntity
  8
EBENE_1
390
0
  6
Continuous
 62
       250
 48
0.0503534939
100
AcDbVertex
100
AcDb2dVertex
 10
85.402147415
 20
-14.7186116166
 30
0.0
 40
0.0
 41
0.0
  0
VERTEX
  5
3AD
100
AcDbEntity
  8
EBENE_1
390
0
  6
Continuous
 62
       250
 48
0.0503534939
100
AcDbVertex
100
AcDb2dVertex
 10
85.3859571296
 20
-14.7581492431
 30
0.0
 40
0.0
 41
0.0
  0
VERTEX
  5
3AE
100
AcDbEntity
  8
EBENE_1
390
0
  6
Continuous
 62
       250
 48
0.0503534939
100
AcDbVertex
100
AcDb2dVertex
 10
85.3682809519
 20
-14.7970520981
 30
0.0
 40
0.0
 41
0.0
  0
VERTEX
  5
3AF
100
AcDbEntity
  8
EBENE_1
390
0
  6
Continuous
 62
       250
 48
0.0503534939
100
AcDbVertex
100
AcDb2dVertex
 10
85.3389924712
 20
-14.8540684888
 30
0.0
 40
0.0
 41
0.0
  0
VERTEX
  5
3B0
100
AcDbEntity
  8
EBENE_1
390
0
  6
Continuous
 62
       250
 48
0.0503534939
100
AcDbVertex
100
AcDb2dVertex
 10
85.3070954198
 20
-14.9097223155
 30
0.0
 40
0.0
 41
0.0
  0
VERTEX
  5
3B1
100
AcDbEntity
  8
EBENE_1
390
0
  6
Continuous
 62
       250
 48
0.0503534939
100
AcDbVertex
100
AcDb2dVertex
 10
85.2721692091
 20
-14.963541415
 30
0.0
 40
0.0
 41
0.0
  0
VERTEX
  5
3B2
100
AcDbEntity
  8
EBENE_1
390
0
  6
Continuous
 62
       250
 48
0.0503534939
100
AcDbVertex
100
AcDb2dVertex
 10
85.2349689486
 20
-15.0158011517
 30
0.0
 40
0.0
 41
0.0
  0
VERTEX
  5
3B3
100
AcDbEntity
  8
EBENE_1
390
0
  6
Continuous
 62
       250
 48
0.0503534939
100
AcDbVertex
100
AcDb2dVertex
 10
85.1950812019
 20
-15.0660228649
 30
0.0
 40
0.0
 41
0.0
  0
VERTEX
  5
3B4
100
AcDbEntity
  8
EBENE_1
390
0
  6
Continuous
 62
       250
 48
0.0503534939
100
AcDbVertex
100
AcDb2dVertex
 10
85.1531264621
 20
-15.1145504493
 30
0.0
 40
0.0
 41
0.0
  0
VERTEX
  5
3B5
100
AcDbEntity
  8
EBENE_1
390
0
  6
Continuous
 62
       250
 48
0.0503534939
100
AcDbVertex
100
AcDb2dVertex
 10
85.1238171744
 20
-15.1457386761
 30
0.0
 40
0.0
 41
0.0
  0
VERTEX
  5
3B6
100
AcDbEntity
  8
EBENE_1
390
0
  6
Continuous
 62
       250
 48
0.0503534939
100
AcDbVertex
100
AcDb2dVertex
 10
85.0776454291
 20
-15.1911369142
 30
0.0
 40
0.0
 41
0.0
  0
VERTEX
  5
3B7
100
AcDbEntity
  8
EBENE_1
390
0
  6
Continuous
 62
       250
 48
0.0503534939
100
AcDbVertex
100
AcDb2dVertex
 10
85.0292350465
 20
-15.2341581119
 30
0.0
 40
0.0
 41
0.0
  0
VERTEX
  5
3B8
100
AcDbEntity
  8
EBENE_1
390
0
  6
Continuous
 62
       250
 48
0.0503534939
100
AcDbVertex
100
AcDb2dVertex
 10
84.9785775873
 20
-15.2744782455
 30
0.0
 40
0.0
 41
0.0
  0
VERTEX
  5
3B9
100
AcDbEntity
  8
EBENE_1
390
0
  6
Continuous
 62
       250
 48
0.0503534939
100
AcDbVertex
100
AcDb2dVertex
 10
84.9256646123
 20
-15.3117732915
 30
0.0
 40
0.0
 41
0.0
  0
VERTEX
  5
3BA
100
AcDbEntity
  8
EBENE_1
390
0
  6
Continuous
 62
       250
 48
0.0503534939
100
AcDbVertex
100
AcDb2dVertex
 10
84.8517755175
 20
-15.3563062723
 30
0.0
 40
0.0
 41
0.0
  0
VERTEX
  5
3BB
100
AcDbEntity
  8
EBENE_1
390
0
  6
Continuous
 62
       250
 48
0.0503534939
100
AcDbVertex
100
AcDb2dVertex
 10
84.7744614475
 20
-15.3948340344
 30
0.0
 40
0.0
 41
0.0
  0
VERTEX
  5
3BC
100
AcDbEntity
  8
EBENE_1
390
0
  6
Continuous
 62
       250
 48
0.0503534939
100
AcDbVertex
100
AcDb2dVertex
 10
84.694313474
 20
-15.4272923724
 30
0.0
 40
0.0
 41
0.0
  0
VERTEX
  5
3BD
100
AcDbEntity
  8
EBENE_1
390
0
  6
Continuous
 62
       250
 48
0.0503534939
100
AcDbVertex
100
AcDb2dVertex
 10
84.6119226685
 20
-15.4536170815
 30
0.0
 40
0.0
 41
0.0
  0
VERTEX
  5
3BE
100
AcDbEntity
  8
EBENE_1
390
0
  6
Continuous
 62
       250
 48
0.0503534939
100
AcDbVertex
100
AcDb2dVertex
 10
84.5282428995
 20
-15.473655105
 30
0.0
 40
0.0
 41
0.0
  0
VERTEX
  5
3BF
100
AcDbEntity
  8
EBENE_1
390
0
  6
Continuous
 62
       250
 48
0.0503534939
100
AcDbVertex
100
AcDb2dVertex
 10
84.4433644933
 20
-15.4874221112
 30
0.0
 40
0.0
 41
0.0
  0
VERTEX
  5
3C0
100
AcDbEntity
  8
EBENE_1
390
0
  6
Continuous
 62
       250
 48
0.0503534939
100
AcDbVertex
100
AcDb2dVertex
 10
84.3577255098
 20
-15.4947883954
 30
0.0
 40
0.0
 41
0.0
  0
VERTEX
  5
3C1
100
AcDbEntity
  8
EBENE_1
390
0
  6
Continuous
 62
       250
 48
0.0503534939
100
AcDbVertex
100
AcDb2dVertex
 10
84.2717640088
 20
-15.4956242533
 30
0.0
 40
0.0
 41
0.0
  0
VERTEX
  5
3C2
100
AcDbEntity
  8
EBENE_1
390
0
  6
Continuous
 62
       250
 48
0.0503534939
100
AcDbVertex
100
AcDb2dVertex
 10
84.1864091078
 20
-15.4898513204
 30
0.0
 40
0.0
 41
0.0
  0
VERTEX
  5
3C3
100
AcDbEntity
  8
EBENE_1
390
0
  6
Continuous
 62
       250
 48
0.0503534939
100
AcDbVertex
100
AcDb2dVertex
 10
84.1017561571
 20
-15.4773718206
 30
0.0
 40
0.0
 41
0.0
  0
VERTEX
  5
3C4
100
AcDbEntity
  8
EBENE_1
390
0
  6
Continuous
 62
       250
 48
0.0503534939
100
AcDbVertex
100
AcDb2dVertex
 10
84.0183928156
 20
-15.4580672014
 30
0.0
 40
0.0
 41
0.0
  0
VERTEX
  5
3C5
100
AcDbEntity
  8
EBENE_1
390
0
  6
Continuous
 62
       250
 48
0.0503534939
100
AcDbVertex
100
AcDb2dVertex
 10
83.9369067425
 20
-15.4318189101
 30
0.0
 40
0.0
 41
0.0
  0
VERTEX
  5
3C6
100
AcDbEntity
  8
EBENE_1
390
0
  6
Continuous
 62
       250
 48
0.0503534939
100
AcDbVertex
100
AcDb2dVertex
 10
83.8567994215
 20
-15.3980530103
 30
0.0
 40
0.0
 41
0.0
  0
VERTEX
  5
3C7
100
AcDbEntity
  8
EBENE_1
390
0
  6
Continuous
 62
       250
 48
0.0503534939
100
AcDbVertex
100
AcDb2dVertex
 10
83.7799655634
 20
-15.3573280083
 30
0.0
 40
0.0
 41
0.0
  0
VERTEX
  5
3C8
100
AcDbEntity
  8
EBENE_1
390
0
  6
Continuous
 62
       250
 48
0.0503534939
100
AcDbVertex
100
AcDb2dVertex
 10
83.707142854
 20
-15.3099500184
 30
0.0
 40
0.0
 41
0.0
  0
VERTEX
  5
3C9
100
AcDbEntity
  8
EBENE_1
390
0
  6
Continuous
 62
       250
 48
0.0503534939
100
AcDbVertex
100
AcDb2dVertex
 10
83.6390689786
 20
-15.256225155
 30
0.0
 40
0.0
 41
0.0
  0
VERTEX
  5
3CA
100
AcDbEntity
  8
EBENE_1
390
0
  6
Continuous
 62
       250
 48
0.0503534939
100
AcDbVertex
100
AcDb2dVertex
 10
83.6069496779
 20
-15.2270009395
 30
0.0
 40
0.0
 41
0.0
  0
VERTEX
  5
3CB
100
AcDbEntity
  8
EBENE_1
390
0
  6
Continuous
 62
       250
 48
0.0503534939
100
AcDbVertex
100
AcDb2dVertex
 10
83.5762555745
 20
-15.1963245881
 30
0.0
 40
0.0
 41
0.0
  0
VERTEX
  5
3CC
100
AcDbEntity
  8
EBENE_1
390
0
  6
Continuous
 62
       250
 48
0.0503534939
100
AcDbVertex
100
AcDb2dVertex
 10
83.5470327005
 20
-15.1642624516
 30
0.0
 40
0.0
 41
0.0
  0
VERTEX
  5
3CD
100
AcDbEntity
  8
EBENE_1
390
0
  6
Continuous
 62
       250
 48
0.0503534939
100
AcDbVertex
100
AcDb2dVertex
 10
83.5193270879
 20
-15.1308808805
 30
0.0
 40
0.0
 41
0.0
  0
VERTEX
  5
3CE
100
AcDbEntity
  8
EBENE_1
390
0
  6
Continuous
 62
       250
 48
0.0503534939
100
AcDbVertex
100
AcDb2dVertex
 10
83.4932297171
 20
-15.096303488
 30
0.0
 40
0.0
 41
0.0
  0
VERTEX
  5
3CF
100
AcDbEntity
  8
EBENE_1
390
0
  6
Continuous
 62
       250
 48
0.0503534939
100
AcDbVertex
100
AcDb2dVertex
 10
83.4687618461
 20
-15.0605470322
 30
0.0
 40
0.0
 41
0.0
  0
VERTEX
  5
3D0
100
AcDbEntity
  8
EBENE_1
390
0
  6
Continuous
 62
       250
 48
0.0503534939
100
AcDbVertex
100
AcDb2dVertex
 10
83.445994699
 20
-15.0236815116
 30
0.0
 40
0.0
 41
0.0
  0
VERTEX
  5
3D1
100
AcDbEntity
  8
EBENE_1
390
0
  6
Continuous
 62
       250
 48
0.0503534939
100
AcDbVertex
100
AcDb2dVertex
 10
83.4249995002
 20
-14.9857769245
 30
0.0
 40
0.0
 41
0.0
  0
VERTEX
  5
3D2
100
AcDbEntity
  8
EBENE_1
390
0
  6
Continuous
 62
       250
 48
0.0503534939
100
AcDbVertex
100
AcDb2dVertex
 10
83.4059009962
 20
-14.947020438
 30
0.0
 40
0.0
 41
0.0
  0
VERTEX
  5
3D3
100
AcDbEntity
  8
EBENE_1
390
0
  6
Continuous
 62
       250
 48
0.0503534939
100
AcDbVertex
100
AcDb2dVertex
 10
83.3887071385
 20
-14.9073828109
 30
0.0
 40
0.0
 41
0.0
  0
VERTEX
  5
3D4
100
AcDbEntity
  8
EBENE_1
390
0
  6
Continuous
 62
       250
 48
0.0503534939
100
AcDbVertex
100
AcDb2dVertex
 10
83.373490165
 20
-14.8669463116
 30
0.0
 40
0.0
 41
0.0
  0
VERTEX
  5
3D5
100
AcDbEntity
  8
EBENE_1
390
0
  6
Continuous
 62
       250
 48
0.0503534939
100
AcDbVertex
100
AcDb2dVertex
 10
83.3603223135
 20
-14.8257932082
 30
0.0
 40
0.0
 41
0.0
  0
VERTEX
  5
3D6
100
AcDbEntity
  8
EBENE_1
390
0
  6
Continuous
 62
       250
 48
0.0503534939
100
AcDbVertex
100
AcDb2dVertex
 10
83.3492643752
 20
-14.7839654618
 30
0.0
 40
0.0
 41
0.0
  0
VERTEX
  5
3D7
100
AcDbEntity
  8
EBENE_1
390
0
  6
Continuous
 62
       250
 48
0.0503534939
100
AcDbVertex
100
AcDb2dVertex
 10
83.3404009267
 20
-14.7416161741
 30
0.0
 40
0.0
 41
0.0
  0
VERTEX
  5
3D8
100
AcDbEntity
  8
EBENE_1
390
0
  6
Continuous
 62
       250
 48
0.0503534939
100
AcDbVertex
100
AcDb2dVertex
 10
83.3338004996
 20
-14.6988595147
 30
0.0
 40
0.0
 41
0.0
  0
VERTEX
  5
3D9
100
AcDbEntity
  8
EBENE_1
390
0
  6
Continuous
 62
       250
 48
0.0503534939
100
AcDbVertex
100
AcDb2dVertex
 10
83.3295316256
 20
-14.655809653
 30
0.0
 40
0.0
 41
0.0
  0
VERTEX
  5
3DA
100
AcDbEntity
  8
EBENE_1
390
0
  6
Continuous
 62
       250
 48
0.0503534939
100
AcDbVertex
100
AcDb2dVertex
 10
83.3276503144
 20
-14.6125406624
 30
0.0
 40
0.0
 41
0.0
  0
VERTEX
  5
3DB
100
AcDbEntity
  8
EBENE_1
390
0
  6
Continuous
 62
       250
 48
0.0503534939
100
AcDbVertex
100
AcDb2dVertex
 10
83.3281714624
 20
-14.5692287601
 30
0.0
 40
0.0
 41
0.0
  0
VERTEX
  5
3DC
100
AcDbEntity
  8
EBENE_1
390
0
  6
Continuous
 62
       250
 48
0.0503534939
100
AcDbVertex
100
AcDb2dVertex
 10
83.3310925882
 20
-14.5260104294
 30
0.0
 40
0.0
 41
0.0
  0
VERTEX
  5
3DD
100
AcDbEntity
  8
EBENE_1
390
0
  6
Continuous
 62
       250
 48
0.0503534939
100
AcDbVertex
100
AcDb2dVertex
 10
83.3364112107
 20
-14.4830221534
 30
0.0
 40
0.0
 41
0.0
  0
VERTEX
  5
3DE
100
AcDbEntity
  8
EBENE_1
390
0
  6
Continuous
 62
       250
 48
0.0503534939
100
AcDbVertex
100
AcDb2dVertex
 10
83.3439904361
 20
-14.4410277908
 30
0.0
 40
0.0
 41
0.0
  0
VERTEX
  5
3DF
100
AcDbEntity
  8
EBENE_1
390
0
  6
Continuous
 62
       250
 48
0.0503534939
100
AcDbVertex
100
AcDb2dVertex
 10
83.3538755012
 20
-14.3995171579
 30
0.0
 40
0.0
 41
0.0
  0
VERTEX
  5
3E0
100
AcDbEntity
  8
EBENE_1
390
0
  6
Continuous
 62
       250
 48
0.0503534939
100
AcDbVertex
100
AcDb2dVertex
 10
83.366047635
 20
-14.3586182212
 30
0.0
 40
0.0
 41
0.0
  0
VERTEX
  5
3E1
100
AcDbEntity
  8
EBENE_1
390
0
  6
Continuous
 62
       250
 48
0.0503534939
100
AcDbVertex
100
AcDb2dVertex
 10
83.3804880662
 20
-14.3184589471
 30
0.0
 40
0.0
 41
0.0
  0
VERTEX
  5
3E2
100
AcDbEntity
  8
EBENE_1
390
0
  6
Continuous
 62
       250
 48
0.0503534939
100
AcDbVertex
100
AcDb2dVertex
 10
83.397021357
 20
-14.2795110585
 30
0.0
 40
0.0
 41
0.0
  0
VERTEX
  5
3E3
100
AcDbEntity
  8
EBENE_1
390
0
  6
Continuous
 62
       250
 48
0.0503534939
100
AcDbVertex
100
AcDb2dVertex
 10
83.415740706
 20
-14.2415658039
 30
0.0
 40
0.0
 41
0.0
  0
VERTEX
  5
3E4
100
AcDbEntity
  8
EBENE_1
390
0
  6
Continuous
 62
       250
 48
0.0503534939
100
AcDbVertex
100
AcDb2dVertex
 10
83.4366218214
 20
-14.2047732979
 30
0.0
 40
0.0
 41
0.0
  0
VERTEX
  5
3E5
100
AcDbEntity
  8
EBENE_1
390
0
  6
Continuous
 62
       250
 48
0.0503534939
100
AcDbVertex
100
AcDb2dVertex
 10
83.4596404113
 20
-14.1692836552
 30
0.0
 40
0.0
 41
0.0
  0
VERTEX
  5
3E6
100
AcDbEntity
  8
EBENE_1
390
0
  6
Continuous
 62
       250
 48
0.0503534939
100
AcDbVertex
100
AcDb2dVertex
 10
83.4847185216
 20
-14.1353022088
 30
0.0
 40
0.0
 41
0.0
  0
VERTEX
  5
3E7
100
AcDbEntity
  8
EBENE_1
390
0
  6
Continuous
 62
       250
 48
0.0503534939
100
AcDbVertex
100
AcDb2dVertex
 10
83.5118253027
 20
-14.1029078268
 30
0.0
 40
0.0
 41
0.0
  0
VERTEX
  5
3E8
100
AcDbEntity
  8
EBENE_1
390
0
  6
Continuous
 62
       250
 48
0.0503534939
100
AcDbVertex
100
AcDb2dVertex
 10
83.5408834705
 20
-14.0722395651
 30
0.0
 40
0.0
 41
0.0
  0
VERTEX
  5
3E9
100
AcDbEntity
  8
EBENE_1
390
0
  6
Continuous
 62
       250
 48
0.0503534939
100
AcDbVertex
100
AcDb2dVertex
 10
83.571815741
 20
-14.0434364798
 30
0.0
 40
0.0
 41
0.0
  0
VERTEX
  5
3EA
100
AcDbEntity
  8
EBENE_1
390
0
  6
Continuous
 62
       250
 48
0.0503534939
100
AcDbVertex
100
AcDb2dVertex
 10
83.6051320431
 20
-14.0161902432
 30
0.0
 40
0.0
 41
0.0
  0
VERTEX
  5
3EB
100
AcDbEntity
  8
EBENE_1
390
0
  6
Continuous
 62
       250
 48
0.0503534939
100
AcDbVertex
100
AcDb2dVertex
 10
83.6401808026
 20
-13.9912149415
 30
0.0
 40
0.0
 41
0.0
  0
VERTEX
  5
3EC
100
AcDbEntity
  8
EBENE_1
390
0
  6
Continuous
 62
       250
 48
0.0503534939
100
AcDbVertex
100
AcDb2dVertex
 10
83.6768334838
 20
-13.9687056949
 30
0.0
 40
0.0
 41
0.0
  0
VERTEX
  5
3ED
100
AcDbEntity
  8
EBENE_1
390
0
  6
Continuous
 62
       250
 48
0.0503534939
100
AcDbVertex
100
AcDb2dVertex
 10
83.7149615507
 20
-13.9488576233
 30
0.0
 40
0.0
 41
0.0
  0
VERTEX
  5
3EE
100
AcDbEntity
  8
EBENE_1
390
0
  6
Continuous
 62
       250
 48
0.0503534939
100
AcDbVertex
100
AcDb2dVertex
 10
83.7467725818
 20
-13.9348737886
 30
0.0
 40
0.0
 41
0.0
  0
VERTEX
  5
3EF
100
AcDbEntity
  8
EBENE_1
390
0
  6
Continuous
 62
       250
 48
0.0503534939
100
AcDbVertex
100
AcDb2dVertex
 10
83.7793471801
 20
-13.9227706626
 30
0.0
 40
0.0
 41
0.0
  0
VERTEX
  5
3F0
100
AcDbEntity
  8
EBENE_1
390
0
  6
Continuous
 62
       250
 48
0.0503534939
100
AcDbVertex
100
AcDb2dVertex
 10
83.8125684054
 20
-13.9125616425
 30
0.0
 40
0.0
 41
0.0
  0
VERTEX
  5
3F1
100
AcDbEntity
  8
EBENE_1
390
0
  6
Continuous
 62
       250
 48
0.0503534939
100
AcDbVertex
100
AcDb2dVertex
 10
83.8463193175
 20
-13.9042601252
 30
0.0
 40
0.0
 41
0.0
  0
VERTEX
  5
3F2
100
AcDbEntity
  8
EBENE_1
390
0
  6
Continuous
 62
       250
 48
0.0503534939
100
AcDbVertex
100
AcDb2dVertex
 10
83.8817679551
 20
-13.8976902594
 30
0.0
 40
0.0
 41
0.0
  0
VERTEX
  5
3F3
100
AcDbEntity
  8
EBENE_1
390
0
  6
Continuous
 62
       250
 48
0.0503534939
100
AcDbVertex
100
AcDb2dVertex
 10
83.917545984
 20
-13.8932723659
 30
0.0
 40
0.0
 41
0.0
  0
VERTEX
  5
3F4
100
AcDbEntity
  8
EBENE_1
390
0
  6
Continuous
 62
       250
 48
0.0503534939
100
AcDbVertex
100
AcDb2dVertex
 10
83.9535386441
 20
-13.8910913599
 30
0.0
 40
0.0
 41
0.0
  0
VERTEX
  5
3F5
100
AcDbEntity
  8
EBENE_1
390
0
  6
Continuous
 62
       250
 48
0.0503534939
100
AcDbVertex
100
AcDb2dVertex
 10
83.9896311752
 20
-13.891232157
 30
0.0
 40
0.0
 41
0.0
  0
VERTEX
  5
3F6
100
AcDbEntity
  8
EBENE_1
390
0
  6
Continuous
 62
       250
 48
0.0503534939
100
AcDbVertex
100
AcDb2dVertex
 10
84.0248584296
 20
-13.8937226172
 30
0.0
 40
0.0
 41
0.0
  0
VERTEX
  5
3F7
100
AcDbEntity
  8
EBENE_1
390
0
  6
Continuous
 62
       250
 48
0.0503534939
100
AcDbVertex
100
AcDb2dVertex
 10
84.0598030884
 20
-13.8987622503
 30
0.0
 40
0.0
 41
0.0
  0
VERTEX
  5
3F8
100
AcDbEntity
  8
EBENE_1
390
0
  6
Continuous
 62
       250
 48
0.0503534939
100
AcDbVertex
100
AcDb2dVertex
 10
84.0941967727
 20
-13.906602259
 30
0.0
 40
0.0
 41
0.0
  0
VERTEX
  5
3F9
100
AcDbEntity
  8
EBENE_1
390
0
  6
Continuous
 62
       250
 48
0.0503534939
100
AcDbVertex
100
AcDb2dVertex
 10
84.1277711033
 20
-13.9174938462
 30
0.0
 40
0.0
 41
0.0
  0
VERTEX
  5
3FA
100
AcDbEntity
  8
EBENE_1
390
0
  6
Continuous
 62
       250
 48
0.0503534939
100
AcDbVertex
100
AcDb2dVertex
 10
84.1594199112
 20
-13.9312399717
 30
0.0
 40
0.0
 41
0.0
  0
VERTEX
  5
3FB
100
AcDbEntity
  8
EBENE_1
390
0
  6
Continuous
 62
       250
 48
0.0503534939
100
AcDbVertex
100
AcDb2dVertex
 10
84.1895799591
 20
-13.9480701435
 30
0.0
 40
0.0
 41
0.0
  0
VERTEX
  5
3FC
100
AcDbEntity
  8
EBENE_1
390
0
  6
Continuous
 62
       250
 48
0.0503534939
100
AcDbVertex
100
AcDb2dVertex
 10
84.2177960737
 20
-13.967930035
 30
0.0
 40
0.0
 41
0.0
  0
VERTEX
  5
3FD
100
AcDbEntity
  8
EBENE_1
390
0
  6
Continuous
 62
       250
 48
0.0503534939
100
AcDbVertex
100
AcDb2dVertex
 10
84.2436130815
 20
-13.9907653198
 30
0.0
 40
0.0
 41
0.0
  0
VERTEX
  5
3FE
100
AcDbEntity
  8
EBENE_1
390
0
  6
Continuous
 62
       250
 48
0.0503534939
100
AcDbVertex
100
AcDb2dVertex
 10
84.261329466
 20
-14.0100225122
 30
0.0
 40
0.0
 41
0.0
  0
VERTEX
  5
3FF
100
AcDbEntity
  8
EBENE_1
390
0
  6
Continuous
 62
       250
 48
0.0503534939
100
AcDbVertex
100
AcDb2dVertex
 10
84.2772343965
 20
-14.0307937357
 30
0.0
 40
0.0
 41
0.0
  0
VERTEX
  5
400
100
AcDbEntity
  8
EBENE_1
390
0
  6
Continuous
 62
       250
 48
0.0503534939
100
AcDbVertex
100
AcDb2dVertex
 10
84.2911601329
 20
-14.0529108468
 30
0.0
 40
0.0
 41
0.0
  0
VERTEX
  5
401
100
AcDbEntity
  8
EBENE_1
390
0
  6
Continuous
 62
       250
 48
0.0503534939
100
AcDbVertex
100
AcDb2dVertex
 10
84.302938935
 20
-14.0762057019
 30
0.0
 40
0.0
 41
0.0
  0
VERTEX
  5
402
100
AcDbEntity
  8
EBENE_1
390
0
  6
Continuous
 62
       250
 48
0.0503534939
100
AcDbVertex
100
AcDb2dVertex
 10
84.3088872214
 20
-14.0906291089
 30
0.0
 40
0.0
 41
0.0
  0
VERTEX
  5
403
100
AcDbEntity
  8
EBENE_1
390
0
  6
Continuous
 62
       250
 48
0.0503534939
100
AcDbVertex
100
AcDb2dVertex
 10
84.3139674212
 20
-14.105369311
 30
0.0
 40
0.0
 41
0.0
  0
VERTEX
  5
404
100
AcDbEntity
  8
EBENE_1
390
0
  6
Continuous
 62
       250
 48
0.0503534939
100
AcDbVertex
100
AcDb2dVertex
 10
84.3181393339
 20
-14.1203820012
 30
0.0
 40
0.0
 41
0.0
  0
VERTEX
  5
405
100
AcDbEntity
  8
EBENE_1
390
0
  6
Continuous
 62
       250
 48
0.0503534939
100
AcDbVertex
100
AcDb2dVertex
 10
84.3213627595
 20
-14.1356228722
 30
0.0
 40
0.0
 41
0.0
  0
VERTEX
  5
406
100
AcDbEntity
  8
EBENE_1
390
0
  6
Continuous
 62
       250
 48
0.0503534939
100
AcDbVertex
100
AcDb2dVertex
 10
84.3235641516
 20
-14.1506811361
 30
0.0
 40
0.0
 41
0.0
  0
VERTEX
  5
407
100
AcDbEntity
  8
EBENE_1
390
0
  6
Continuous
 62
       250
 48
0.0503534939
100
AcDbVertex
100
AcDb2dVertex
 10
84.324829492
 20
-14.16585282
 30
0.0
 40
0.0
 41
0.0
  0
VERTEX
  5
408
100
AcDbEntity
  8
EBENE_1
390
0
  6
Continuous
 62
       250
 48
0.0503534939
100
AcDbVertex
100
AcDb2dVertex
 10
84.3251656459
 20
-14.1810759825
 30
0.0
 40
0.0
 41
0.0
  0
VERTEX
  5
409
100
AcDbEntity
  8
EBENE_1
390
0
  6
Continuous
 62
       250
 48
0.0503534939
100
AcDbVertex
100
AcDb2dVertex
 10
84.324579479
 20
-14.1962886823
 30
0.0
 40
0.0
 41
0.0
  0
VERTEX
  5
40A
100
AcDbEntity
  8
EBENE_1
390
0
  6
Continuous
 62
       250
 48
0.0503534939
100
AcDbVertex
100
AcDb2dVertex
 10
84.3230602673
 20
-14.2116044012
 30
0.0
 40
0.0
 41
0.0
  0
VERTEX
  5
40B
100
AcDbEntity
  8
EBENE_1
390
0
  6
Continuous
 62
       250
 48
0.0503534939
100
AcDbVertex
100
AcDb2dVertex
 10
84.3206403726
 20
-14.226803041
 30
0.0
 40
0.0
 41
0.0
  0
VERTEX
  5
40C
100
AcDbEntity
  8
EBENE_1
390
0
  6
Continuous
 62
       250
 48
0.0503534939
100
AcDbVertex
100
AcDb2dVertex
 10
84.317355555
 20
-14.2418415868
 30
0.0
 40
0.0
 41
0.0
  0
VERTEX
  5
40D
100
AcDbEntity
  8
EBENE_1
390
0
  6
Continuous
 62
       250
 48
0.0503534939
100
AcDbVertex
100
AcDb2dVertex
 10
84.3132415746
 20
-14.2566770237
 30
0.0
 40
0.0
 41
0.0
  0
VERTEX
  5
40E
100
AcDbEntity
  8
EBENE_1
390
0
  6
Continuous
 62
       250
 48
0.0503534939
100
AcDbVertex
100
AcDb2dVertex
 10
84.3081304081
 20
-14.2718196316
 30
0.0
 40
0.0
 41
0.0
  0
VERTEX
  5
40F
100
AcDbEntity
  8
EBENE_1
390
0
  6
Continuous
 62
       250
 48
0.0503534939
100
AcDbVertex
100
AcDb2dVertex
 10
84.3021976335
 20
-14.2866575581
 30
0.0
 40
0.0
 41
0.0
  0
VERTEX
  5
410
100
AcDbEntity
  8
EBENE_1
390
0
  6
Continuous
 62
       250
 48
0.0503534939
100
AcDbVertex
100
AcDb2dVertex
 10
84.2954768176
 20
-14.3011514085
 30
0.0
 40
0.0
 41
0.0
  0
VERTEX
  5
411
100
AcDbEntity
  8
EBENE_1
390
0
  6
Continuous
 62
       250
 48
0.0503534939
100
AcDbVertex
100
AcDb2dVertex
 10
84.2880015273
 20
-14.3152617878
 30
0.0
 40
0.0
 41
0.0
  0
VERTEX
  5
412
100
AcDbEntity
  8
EBENE_1
390
0
  6
Continuous
 62
       250
 48
0.0503534939
100
AcDbVertex
100
AcDb2dVertex
 10
84.2833700734
 20
-14.3231428291
 30
0.0
 40
0.0
 41
0.0
  0
VERTEX
  5
413
100
AcDbEntity
  8
EBENE_1
390
0
  6
Continuous
 62
       250
 48
0.0503534939
100
AcDbVertex
100
AcDb2dVertex
 10
84.278495394
 20
-14.3308707809
 30
0.0
 40
0.0
 41
0.0
  0
VERTEX
  5
414
100
AcDbEntity
  8
EBENE_1
390
0
  6
Continuous
 62
       250
 48
0.0503534939
100
AcDbVertex
100
AcDb2dVertex
 10
84.2732940175
 20
-14.3383463122
 30
0.0
 40
0.0
 41
0.0
  0
VERTEX
  5
415
100
AcDbEntity
  8
EBENE_1
390
0
  6
Continuous
 62
       250
 48
0.0503534939
100
AcDbVertex
100
AcDb2dVertex
 10
84.2678319616
 20
-14.3455629086
 30
0.0
 40
0.0
 41
0.0
  0
VERTEX
  5
416
100
AcDbEntity
  8
EBENE_1
390
0
  6
Continuous
 62
       250
 48
0.0503534939
100
AcDbVertex
100
AcDb2dVertex
 10
84.2619920784
 20
-14.3524786592
 30
0.0
 40
0.0
 41
0.0
  0
VERTEX
  5
417
100
AcDbEntity
  8
EBENE_1
390
0
  6
Continuous
 62
       250
 48
0.0503534939
100
AcDbVertex
100
AcDb2dVertex
 10
84.2558714977
 20
-14.3590927162
 30
0.0
 40
0.0
 41
0.0
  0
VERTEX
  5
418
100
AcDbEntity
  8
EBENE_1
390
0
  6
Continuous
 62
       250
 48
0.0503534939
100
AcDbVertex
100
AcDb2dVertex
 10
84.2515942161
 20
-14.3632933864
 30
0.0
 40
0.0
 41
0.0
  0
VERTEX
  5
419
100
AcDbEntity
  8
EBENE_1
390
0
  6
Continuous
 62
       250
 48
0.0503534939
100
AcDbVertex
100
AcDb2dVertex
 10
84.2471618477
 20
-14.3673299669
 30
0.0
 40
0.0
 41
0.0
  0
VERTEX
  5
41A
100
AcDbEntity
  8
EBENE_1
390
0
  6
Continuous
 62
       250
 48
0.0503534939
100
AcDbVertex
100
AcDb2dVertex
 10
84.2425738367
 20
-14.3711901132
 30
0.0
 40
0.0
 41
0.0
  0
VERTEX
  5
41B
100
AcDbEntity
  8
EBENE_1
390
0
  6
Continuous
 62
       250
 48
0.0503534939
100
AcDbVertex
100
AcDb2dVertex
 10
84.2378007936
 20
-14.3748833171
 30
0.0
 40
0.0
 41
0.0
  0
VERTEX
  5
41C
100
AcDbEntity
  8
EBENE_1
390
0
  6
Continuous
 62
       250
 48
0.0503534939
100
AcDbVertex
100
AcDb2dVertex
 10
84.2328752222
 20
-14.3783711293
 30
0.0
 40
0.0
 41
0.0
  0
VERTEX
  5
41D
100
AcDbEntity
  8
EBENE_1
390
0
  6
Continuous
 62
       250
 48
0.0503534939
100
AcDbVertex
100
AcDb2dVertex
 10
84.2278027332
 20
-14.3816392819
 30
0.0
 40
0.0
 41
0.0
  0
VERTEX
  5
41E
100
AcDbEntity
  8
EBENE_1
390
0
  6
Continuous
 62
       250
 48
0.0503534939
100
AcDbVertex
100
AcDb2dVertex
 10
84.2225889368
 20
-14.3846735071
 30
0.0
 40
0.0
 41
0.0
  0
VERTEX
  5
41F
100
AcDbEntity
  8
EBENE_1
390
0
  6
Continuous
 62
       250
 48
0.0503534939
100
AcDbVertex
100
AcDb2dVertex
 10
84.2175439226
 20
-14.3873139084
 30
0.0
 40
0.0
 41
0.0
  0
VERTEX
  5
420
100
AcDbEntity
  8
EBENE_1
390
0
  6
Continuous
 62
       250
 48
0.0503534939
100
AcDbVertex
100
AcDb2dVertex
 10
84.2123923936
 20
-14.3897420264
 30
0.0
 40
0.0
 41
0.0
  0
VERTEX
  5
421
100
AcDbEntity
  8
EBENE_1
390
0
  6
Continuous
 62
       250
 48
0.0503534939
100
AcDbVertex
100
AcDb2dVertex
 10
84.2071487688
 20
-14.3919667708
 30
0.0
 40
0.0
 41
0.0
  0
VERTEX
  5
422
100
AcDbEntity
  8
EBENE_1
390
0
  6
Continuous
 62
       250
 48
0.0503534939
100
AcDbVertex
100
AcDb2dVertex
 10
84.1993570675
 20
-14.3948474618
 30
0.0
 40
0.0
 41
0.0
  0
VERTEX
  5
423
100
AcDbEntity
  8
EBENE_1
390
0
  6
Continuous
 62
       250
 48
0.0503534939
100
AcDbVertex
100
AcDb2dVertex
 10
84.191899615
 20
-14.3972545522
 30
0.0
 40
0.0
 41
0.0
  0
VERTEX
  5
424
100
AcDbEntity
  8
EBENE_1
390
0
  6
Continuous
 62
       250
 48
0.0503534939
100
AcDbVertex
100
AcDb2dVertex
 10
84.1818022407
 20
-14.3999492369
 30
0.0
 40
0.0
 41
0.0
  0
VERTEX
  5
425
100
AcDbEntity
  8
EBENE_1
390
0
  6
Continuous
 62
       250
 48
0.0503534939
100
AcDbVertex
100
AcDb2dVertex
 10
84.1716007084
 20
-14.4022885678
 30
0.0
 40
0.0
 41
0.0
  0
VERTEX
  5
426
100
AcDbEntity
  8
EBENE_1
390
0
  6
Continuous
 62
       250
 48
0.0503534939
100
AcDbVertex
100
AcDb2dVertex
 10
84.1358286761
 20
-14.4083886631
 30
0.0
 40
0.0
 41
0.0
  0
VERTEX
  5
427
100
AcDbEntity
  8
EBENE_1
390
0
  6
Continuous
 62
       250
 48
0.0503534939
100
AcDbVertex
100
AcDb2dVertex
 10
84.0781536929
 20
-14.4194925613
 30
0.0
 40
0.0
 41
0.0
  0
VERTEX
  5
428
100
AcDbEntity
  8
EBENE_1
390
0
  6
Continuous
 62
       250
 48
0.0503534939
100
AcDbVertex
100
AcDb2dVertex
 10
84.0644335125
 20
-14.4233001104
 30
0.0
 40
0.0
 41
0.0
  0
VERTEX
  5
429
100
AcDbEntity
  8
EBENE_1
390
0
  6
Continuous
 62
       250
 48
0.0503534939
100
AcDbVertex
100
AcDb2dVertex
 10
84.0504060934
 20
-14.4277577625
 30
0.0
 40
0.0
 41
0.0
  0
VERTEX
  5
42A
100
AcDbEntity
  8
EBENE_1
390
0
  6
Continuous
 62
       250
 48
0.0503534939
100
AcDbVertex
100
AcDb2dVertex
 10
84.0365735265
 20
-14.4327882502
 30
0.0
 40
0.0
 41
0.0
  0
VERTEX
  5
42B
100
AcDbEntity
  8
EBENE_1
390
0
  6
Continuous
 62
       250
 48
0.0503534939
100
AcDbVertex
100
AcDb2dVertex
 10
84.0229810217
 20
-14.4384350077
 30
0.0
 40
0.0
 41
0.0
  0
VERTEX
  5
42C
100
AcDbEntity
  8
EBENE_1
390
0
  6
Continuous
 62
       250
 48
0.0503534939
100
AcDbVertex
100
AcDb2dVertex
 10
84.0096737889
 20
-14.4447414695
 30
0.0
 40
0.0
 41
0.0
  0
VERTEX
  5
42D
100
AcDbEntity
  8
EBENE_1
390
0
  6
Continuous
 62
       250
 48
0.0503534939
100
AcDbVertex
100
AcDb2dVertex
 10
83.9969951288
 20
-14.4515901651
 30
0.0
 40
0.0
 41
0.0
  0
VERTEX
  5
42E
100
AcDbEntity
  8
EBENE_1
390
0
  6
Continuous
 62
       250
 48
0.0503534939
100
AcDbVertex
100
AcDb2dVertex
 10
83.9847432317
 20
-14.4591758692
 30
0.0
 40
0.0
 41
0.0
  0
VERTEX
  5
42F
100
AcDbEntity
  8
EBENE_1
390
0
  6
Continuous
 62
       250
 48
0.0503534939
100
AcDbVertex
100
AcDb2dVertex
 10
83.973029014
 20
-14.4675635895
 30
0.0
 40
0.0
 41
0.0
  0
VERTEX
  5
430
100
AcDbEntity
  8
EBENE_1
390
0
  6
Continuous
 62
       250
 48
0.0503534939
100
AcDbVertex
100
AcDb2dVertex
 10
83.9619633923
 20
-14.4768183342
 30
0.0
 40
0.0
 41
0.0
  0
VERTEX
  5
431
100
AcDbEntity
  8
EBENE_1
390
0
  6
Continuous
 62
       250
 48
0.0503534939
100
AcDbVertex
100
AcDb2dVertex
 10
83.9518905112
 20
-14.4867438697
 30
0.0
 40
0.0
 41
0.0
  0
VERTEX
  5
432
100
AcDbEntity
  8
EBENE_1
390
0
  6
Continuous
 62
       250
 48
0.0503534939
100
AcDbVertex
100
AcDb2dVertex
 10
83.9427013063
 20
-14.4975014882
 30
0.0
 40
0.0
 41
0.0
  0
VERTEX
  5
433
100
AcDbEntity
  8
EBENE_1
390
0
  6
Continuous
 62
       250
 48
0.0503534939
100
AcDbVertex
100
AcDb2dVertex
 10
83.9345539439
 20
-14.5090329665
 30
0.0
 40
0.0
 41
0.0
  0
VERTEX
  5
434
100
AcDbEntity
  8
EBENE_1
390
0
  6
Continuous
 62
       250
 48
0.0503534939
100
AcDbVertex
100
AcDb2dVertex
 10
83.9276065904
 20
-14.5212800813
 30
0.0
 40
0.0
 41
0.0
  0
VERTEX
  5
435
100
AcDbEntity
  8
EBENE_1
390
0
  6
Continuous
 62
       250
 48
0.0503534939
100
AcDbVertex
100
AcDb2dVertex
 10
83.9209488874
 20
-14.5369773164
 30
0.0
 40
0.0
 41
0.0
  0
VERTEX
  5
436
100
AcDbEntity
  8
EBENE_1
390
0
  6
Continuous
 62
       250
 48
0.0503534939
100
AcDbVertex
100
AcDb2dVertex
 10
83.9161322788
 20
-14.5533971648
 30
0.0
 40
0.0
 41
0.0
  0
VERTEX
  5
437
100
AcDbEntity
  8
EBENE_1
390
0
  6
Continuous
 62
       250
 48
0.0503534939
100
AcDbVertex
100
AcDb2dVertex
 10
83.9130024642
 20
-14.5702963856
 30
0.0
 40
0.0
 41
0.0
  0
VERTEX
  5
438
100
AcDbEntity
  8
EBENE_1
390
0
  6
Continuous
 62
       250
 48
0.0503534939
100
AcDbVertex
100
AcDb2dVertex
 10
83.9114051433
 20
-14.5874317379
 30
0.0
 40
0.0
 41
0.0
  0
VERTEX
  5
439
100
AcDbEntity
  8
EBENE_1
390
0
  6
Continuous
 62
       250
 48
0.0503534939
100
AcDbVertex
100
AcDb2dVertex
 10
83.9112697116
 20
-14.6066762134
 30
0.0
 40
0.0
 41
0.0
  0
VERTEX
  5
43A
100
AcDbEntity
  8
EBENE_1
390
0
  6
Continuous
 62
       250
 48
0.0503534939
100
AcDbVertex
100
AcDb2dVertex
 10
83.9127928024
 20
-14.6258061436
 30
0.0
 40
0.0
 41
0.0
  0
VERTEX
  5
43B
100
AcDbEntity
  8
EBENE_1
390
0
  6
Continuous
 62
       250
 48
0.0503534939
100
AcDbVertex
100
AcDb2dVertex
 10
83.9158980996
 20
-14.6447159327
 30
0.0
 40
0.0
 41
0.0
  0
VERTEX
  5
43C
100
AcDbEntity
  8
EBENE_1
390
0
  6
Continuous
 62
       250
 48
0.0503534939
100
AcDbVertex
100
AcDb2dVertex
 10
83.9205092868
 20
-14.6632999844
 30
0.0
 40
0.0
 41
0.0
  0
VERTEX
  5
43D
100
AcDbEntity
  8
EBENE_1
390
0
  6
Continuous
 62
       250
 48
0.0503534939
100
AcDbVertex
100
AcDb2dVertex
 10
83.9266379203
 20
-14.6817189187
 30
0.0
 40
0.0
 41
0.0
  0
VERTEX
  5
43E
100
AcDbEntity
  8
EBENE_1
390
0
  6
Continuous
 62
       250
 48
0.0503534939
100
AcDbVertex
100
AcDb2dVertex
 10
83.9341079945
 20
-14.699649464
 30
0.0
 40
0.0
 41
0.0
  0
VERTEX
  5
43F
100
AcDbEntity
  8
EBENE_1
390
0
  6
Continuous
 62
       250
 48
0.0503534939
100
AcDbVertex
100
AcDb2dVertex
 10
83.9427903025
 20
-14.7170469575
 30
0.0
 40
0.0
 41
0.0
  0
VERTEX
  5
440
100
AcDbEntity
  8
EBENE_1
390
0
  6
Continuous
 62
       250
 48
0.0503534939
100
AcDbVertex
100
AcDb2dVertex
 10
83.9525556377
 20
-14.7338667363
 30
0.0
 40
0.0
 41
0.0
  0
VERTEX
  5
441
100
AcDbEntity
  8
EBENE_1
390
0
  6
Continuous
 62
       250
 48
0.0503534939
100
AcDbVertex
100
AcDb2dVertex
 10
83.9634222684
 20
-14.7502586477
 30
0.0
 40
0.0
 41
0.0
  0
VERTEX
  5
442
100
AcDbEntity
  8
EBENE_1
390
0
  6
Continuous
 62
       250
 48
0.0503534939
100
AcDbVertex
100
AcDb2dVertex
 10
83.9752080733
 20
-14.7659837464
 30
0.0
 40
0.0
 41
0.0
  0
VERTEX
  5
443
100
AcDbEntity
  8
EBENE_1
390
0
  6
Continuous
 62
       250
 48
0.0503534939
100
AcDbVertex
100
AcDb2dVertex
 10
83.9878552226
 20
-14.7810127248
 30
0.0
 40
0.0
 41
0.0
  0
VERTEX
  5
444
100
AcDbEntity
  8
EBENE_1
390
0
  6
Continuous
 62
       250
 48
0.0503534939
100
AcDbVertex
100
AcDb2dVertex
 10
84.0013058866
 20
-14.7953162756
 30
0.0
 40
0.0
 41
0.0
  0
VERTEX
  5
445
100
AcDbEntity
  8
EBENE_1
390
0
  6
Continuous
 62
       250
 48
0.0503534939
100
AcDbVertex
100
AcDb2dVertex
 10
84.0151542994
 20
-14.8085511779
 30
0.0
 40
0.0
 41
0.0
  0
VERTEX
  5
446
100
AcDbEntity
  8
EBENE_1
390
0
  6
Continuous
 62
       250
 48
0.0503534939
100
AcDbVertex
100
AcDb2dVertex
 10
84.0296690364
 20
-14.8210562262
 30
0.0
 40
0.0
 41
0.0
  0
VERTEX
  5
447
100
AcDbEntity
  8
EBENE_1
390
0
  6
Continuous
 62
       250
 48
0.0503534939
100
AcDbVertex
100
AcDb2dVertex
 10
84.0448061579
 20
-14.8328204514
 30
0.0
 40
0.0
 41
0.0
  0
VERTEX
  5
448
100
AcDbEntity
  8
EBENE_1
390
0
  6
Continuous
 62
       250
 48
0.0503534939
100
AcDbVertex
100
AcDb2dVertex
 10
84.060521724
 20
-14.8438328842
 30
0.0
 40
0.0
 41
0.0
  0
VERTEX
  5
449
100
AcDbEntity
  8
EBENE_1
390
0
  6
Continuous
 62
       250
 48
0.0503534939
100
AcDbVertex
100
AcDb2dVertex
 10
84.0981801554
 20
-14.8660236145
 30
0.0
 40
0.0
 41
0.0
  0
VERTEX
  5
44A
100
AcDbEntity
  8
EBENE_1
390
0
  6
Continuous
 62
       250
 48
0.0503534939
100
AcDbVertex
100
AcDb2dVertex
 10
84.138071382
 20
-14.8841608193
 30
0.0
 40
0.0
 41
0.0
  0
VERTEX
  5
44B
100
AcDbEntity
  8
EBENE_1
390
0
  6
Continuous
 62
       250
 48
0.0503534939
100
AcDbVertex
100
AcDb2dVertex
 10
84.1796637432
 20
-14.8981359726
 30
0.0
 40
0.0
 41
0.0
  0
VERTEX
  5
44C
100
AcDbEntity
  8
EBENE_1
390
0
  6
Continuous
 62
       250
 48
0.0503534939
100
AcDbVertex
100
AcDb2dVertex
 10
84.2224255784
 20
-14.9078405487
 30
0.0
 40
0.0
 41
0.0
  0
VERTEX
  5
44D
100
AcDbEntity
  8
EBENE_1
390
0
  6
Continuous
 62
       250
 48
0.0503534939
100
AcDbVertex
100
AcDb2dVertex
 10
84.264572808
 20
-14.9131216061
 30
0.0
 40
0.0
 41
0.0
  0
VERTEX
  5
44E
100
AcDbEntity
  8
EBENE_1
390
0
  6
Continuous
 62
       250
 48
0.0503534939
100
AcDbVertex
100
AcDb2dVertex
 10
84.306998645
 20
-14.9144697532
 30
0.0
 40
0.0
 41
0.0
  0
VERTEX
  5
44F
100
AcDbEntity
  8
EBENE_1
390
0
  6
Continuous
 62
       250
 48
0.0503534939
100
AcDbVertex
100
AcDb2dVertex
 10
84.3493808264
 20
-14.9120775424
 30
0.0
 40
0.0
 41
0.0
  0
VERTEX
  5
450
100
AcDbEntity
  8
EBENE_1
390
0
  6
Continuous
 62
       250
 48
0.0503534939
100
AcDbVertex
100
AcDb2dVertex
 10
84.3913970888
 20
-14.9061375255
 30
0.0
 40
0.0
 41
0.0
  0
VERTEX
  5
451
100
AcDbEntity
  8
EBENE_1
390
0
  6
Continuous
 62
       250
 48
0.0503534939
100
AcDbVertex
100
AcDb2dVertex
 10
84.4334069802
 20
-14.8966703852
 30
0.0
 40
0.0
 41
0.0
  0
VERTEX
  5
452
100
AcDbEntity
  8
EBENE_1
390
0
  6
Continuous
 62
       250
 48
0.0503534939
100
AcDbVertex
100
AcDb2dVertex
 10
84.4745417999
 20
-14.88395876
 30
0.0
 40
0.0
 41
0.0
  0
VERTEX
  5
453
100
AcDbEntity
  8
EBENE_1
390
0
  6
Continuous
 62
       250
 48
0.0503534939
100
AcDbVertex
100
AcDb2dVertex
 10
84.5146368237
 20
-14.8682214866
 30
0.0
 40
0.0
 41
0.0
  0
VERTEX
  5
454
100
AcDbEntity
  8
EBENE_1
390
0
  6
Continuous
 62
       250
 48
0.0503534939
100
AcDbVertex
100
AcDb2dVertex
 10
84.5535273271
 20
-14.8496774013
 30
0.0
 40
0.0
 41
0.0
  0
VERTEX
  5
455
100
AcDbEntity
  8
EBENE_1
390
0
  6
Continuous
 62
       250
 48
0.0503534939
100
AcDbVertex
100
AcDb2dVertex
 10
84.5914000133
 20
-14.8283108171
 30
0.0
 40
0.0
 41
0.0
  0
VERTEX
  5
456
100
AcDbEntity
  8
EBENE_1
390
0
  6
Continuous
 62
       250
 48
0.0503534939
100
AcDbVertex
100
AcDb2dVertex
 10
84.6277033919
 20
-14.804409393
 30
0.0
 40
0.0
 41
0.0
  0
VERTEX
  5
457
100
AcDbEntity
  8
EBENE_1
390
0
  6
Continuous
 62
       250
 48
0.0503534939
100
AcDbVertex
100
AcDb2dVertex
 10
84.6622637476
 20
-14.7780760632
 30
0.0
 40
0.0
 41
0.0
  0
VERTEX
  5
458
100
AcDbEntity
  8
EBENE_1
390
0
  6
Continuous
 62
       250
 48
0.0503534939
100
AcDbVertex
100
AcDb2dVertex
 10
84.6949073652
 20
-14.7494137623
 30
0.0
 40
0.0
 41
0.0
  0
VERTEX
  5
459
100
AcDbEntity
  8
EBENE_1
390
0
  6
Continuous
 62
       250
 48
0.0503534939
100
AcDbVertex
100
AcDb2dVertex
 10
84.7256811142
 20
-14.7183149899
 30
0.0
 40
0.0
 41
0.0
  0
VERTEX
  5
45A
100
AcDbEntity
  8
EBENE_1
390
0
  6
Continuous
 62
       250
 48
0.0503534939
100
AcDbVertex
100
AcDb2dVertex
 10
84.7542371286
 20
-14.6851520636
 30
0.0
 40
0.0
 41
0.0
  0
VERTEX
  5
45B
100
AcDbEntity
  8
EBENE_1
390
0
  6
Continuous
 62
       250
 48
0.0503534939
100
AcDbVertex
100
AcDb2dVertex
 10
84.7804776693
 20
-14.6501183246
 30
0.0
 40
0.0
 41
0.0
  0
VERTEX
  5
45C
100
AcDbEntity
  8
EBENE_1
390
0
  6
Continuous
 62
       250
 48
0.0503534939
100
AcDbVertex
100
AcDb2dVertex
 10
84.8043049973
 20
-14.6134071139
 30
0.0
 40
0.0
 41
0.0
  0
VERTEX
  5
45D
100
AcDbEntity
  8
EBENE_1
390
0
  6
Continuous
 62
       250
 48
0.0503534939
100
AcDbVertex
100
AcDb2dVertex
 10
84.8256692564
 20
-14.5751466874
 30
0.0
 40
0.0
 41
0.0
  0
VERTEX
  5
45E
100
AcDbEntity
  8
EBENE_1
390
0
  6
Continuous
 62
       250
 48
0.0503534939
100
AcDbVertex
100
AcDb2dVertex
 10
84.8445054209
 20
-14.5355852556
 30
0.0
 40
0.0
 41
0.0
  0
VERTEX
  5
45F
100
AcDbEntity
  8
EBENE_1
390
0
  6
Continuous
 62
       250
 48
0.0503534939
100
AcDbVertex
100
AcDb2dVertex
 10
84.8608046276
 20
-14.4949108374
 30
0.0
 40
0.0
 41
0.0
  0
VERTEX
  5
460
100
AcDbEntity
  8
EBENE_1
390
0
  6
Continuous
 62
       250
 48
0.0503534939
100
AcDbVertex
100
AcDb2dVertex
 10
84.8745580134
 20
-14.4533114521
 30
0.0
 40
0.0
 41
0.0
  0
VERTEX
  5
461
100
AcDbEntity
  8
EBENE_1
390
0
  6
Continuous
 62
       250
 48
0.0503534939
100
AcDbVertex
100
AcDb2dVertex
 10
84.8857488451
 20
-14.4110345089
 30
0.0
 40
0.0
 41
0.0
  0
VERTEX
  5
462
100
AcDbEntity
  8
EBENE_1
390
0
  6
Continuous
 62
       250
 48
0.0503534939
100
AcDbVertex
100
AcDb2dVertex
 10
84.894427847
 20
-14.3681748569
 30
0.0
 40
0.0
 41
0.0
  0
VERTEX
  5
463
100
AcDbEntity
  8
EBENE_1
390
0
  6
Continuous
 62
       250
 48
0.0503534939
100
AcDbVertex
100
AcDb2dVertex
 10
84.9006300604
 20
-14.3248844817
 30
0.0
 40
0.0
 41
0.0
  0
VERTEX
  5
464
100
AcDbEntity
  8
EBENE_1
390
0
  6
Continuous
 62
       250
 48
0.0503534939
100
AcDbVertex
100
AcDb2dVertex
 10
84.904390527
 20
-14.2813153689
 30
0.0
 40
0.0
 41
0.0
  0
VERTEX
  5
465
100
AcDbEntity
  8
EBENE_1
390
0
  6
Continuous
 62
       250
 48
0.0503534939
100
AcDbVertex
100
AcDb2dVertex
 10
84.9057448627
 20
-14.2373963064
 30
0.0
 40
0.0
 41
0.0
  0
VERTEX
  5
466
100
AcDbEntity
  8
EBENE_1
390
0
  6
Continuous
 62
       250
 48
0.0503534939
100
AcDbVertex
100
AcDb2dVertex
 10
84.9047027659
 20
-14.1934723837
 30
0.0
 40
0.0
 41
0.0
  0
VERTEX
  5
467
100
AcDbEntity
  8
EBENE_1
390
0
  6
Continuous
 62
       250
 48
0.0503534939
100
AcDbVertex
100
AcDb2dVertex
 10
84.9012985777
 20
-14.1496667604
 30
0.0
 40
0.0
 41
0.0
  0
VERTEX
  5
468
100
AcDbEntity
  8
EBENE_1
390
0
  6
Continuous
 62
       250
 48
0.0503534939
100
AcDbVertex
100
AcDb2dVertex
 10
84.8955666394
 20
-14.1061025959
 30
0.0
 40
0.0
 41
0.0
  0
VERTEX
  5
469
100
AcDbEntity
  8
EBENE_1
390
0
  6
Continuous
 62
       250
 48
0.0503534939
100
AcDbVertex
100
AcDb2dVertex
 10
84.8875214565
 20
-14.0628145371
 30
0.0
 40
0.0
 41
0.0
  0
VERTEX
  5
46A
100
AcDbEntity
  8
EBENE_1
390
0
  6
Continuous
 62
       250
 48
0.0503534939
100
AcDbVertex
100
AcDb2dVertex
 10
84.8772016026
 20
-14.0200135741
 30
0.0
 40
0.0
 41
0.0
  0
VERTEX
  5
46B
100
AcDbEntity
  8
EBENE_1
390
0
  6
Continuous
 62
       250
 48
0.0503534939
100
AcDbVertex
100
AcDb2dVertex
 10
84.8646352203
 20
-13.9778206892
 30
0.0
 40
0.0
 41
0.0
  0
VERTEX
  5
46C
100
AcDbEntity
  8
EBENE_1
390
0
  6
Continuous
 62
       250
 48
0.0503534939
100
AcDbVertex
100
AcDb2dVertex
 10
84.8498504518
 20
-13.9363568646
 30
0.0
 40
0.0
 41
0.0
  0
VERTEX
  5
46D
100
AcDbEntity
  8
EBENE_1
390
0
  6
Continuous
 62
       250
 48
0.0503534939
100
AcDbVertex
100
AcDb2dVertex
 10
84.8326002039
 20
-13.895103979
 30
0.0
 40
0.0
 41
0.0
  0
VERTEX
  5
46E
100
AcDbEntity
  8
EBENE_1
390
0
  6
Continuous
 62
       250
 48
0.0503534939
100
AcDbVertex
100
AcDb2dVertex
 10
84.8131804337
 20
-13.854822517
 30
0.0
 40
0.0
 41
0.0
  0
VERTEX
  5
46F
100
AcDbEntity
  8
EBENE_1
390
0
  6
Continuous
 62
       250
 48
0.0503534939
100
AcDbVertex
100
AcDb2dVertex
 10
84.7916815622
 20
-13.8156068089
 30
0.0
 40
0.0
 41
0.0
  0
VERTEX
  5
470
100
AcDbEntity
  8
EBENE_1
390
0
  6
Continuous
 62
       250
 48
0.0503534939
100
AcDbVertex
100
AcDb2dVertex
 10
84.7681940104
 20
-13.7775511848
 30
0.0
 40
0.0
 41
0.0
  0
VERTEX
  5
471
100
AcDbEntity
  8
EBENE_1
390
0
  6
Continuous
 62
       250
 48
0.0503534939
100
AcDbVertex
100
AcDb2dVertex
 10
84.7429729113
 20
-13.7409699299
 30
0.0
 40
0.0
 41
0.0
  0
VERTEX
  5
472
100
AcDbEntity
  8
EBENE_1
390
0
  6
Continuous
 62
       250
 48
0.0503534939
100
AcDbVertex
100
AcDb2dVertex
 10
84.7159702395
 20
-13.7056874503
 30
0.0
 40
0.0
 41
0.0
  0
VERTEX
  5
473
100
AcDbEntity
  8
EBENE_1
390
0
  6
Continuous
 62
       250
 48
0.0503534939
100
AcDbVertex
100
AcDb2dVertex
 10
84.6872790821
 20
-13.6717637021
 30
0.0
 40
0.0
 41
0.0
  0
VERTEX
  5
474
100
AcDbEntity
  8
EBENE_1
390
0
  6
Continuous
 62
       250
 48
0.0503534939
100
AcDbVertex
100
AcDb2dVertex
 10
84.6569925264
 20
-13.639258641
 30
0.0
 40
0.0
 41
0.0
  0
VERTEX
  5
475
100
AcDbEntity
  8
EBENE_1
390
0
  6
Continuous
 62
       250
 48
0.0503534939
100
AcDbVertex
100
AcDb2dVertex
 10
84.6251621502
 20
-13.6081911896
 30
0.0
 40
0.0
 41
0.0
  0
VERTEX
  5
476
100
AcDbEntity
  8
EBENE_1
390
0
  6
Continuous
 62
       250
 48
0.0503534939
100
AcDbVertex
100
AcDb2dVertex
 10
84.5919141986
 20
-13.5786473345
 30
0.0
 40
0.0
 41
0.0
  0
VERTEX
  5
477
100
AcDbEntity
  8
EBENE_1
390
0
  6
Continuous
 62
       250
 48
0.0503534939
100
AcDbVertex
100
AcDb2dVertex
 10
84.5573371695
 20
-13.5506683255
 30
0.0
 40
0.0
 41
0.0
  0
VERTEX
  5
478
100
AcDbEntity
  8
EBENE_1
390
0
  6
Continuous
 62
       250
 48
0.0503534939
100
AcDbVertex
100
AcDb2dVertex
 10
84.5215195613
 20
-13.5242954122
 30
0.0
 40
0.0
 41
0.0
  0
VERTEX
  5
479
100
AcDbEntity
  8
EBENE_1
390
0
  6
Continuous
 62
       250
 48
0.0503534939
100
AcDbVertex
100
AcDb2dVertex
 10
84.4844412092
 20
-13.4995017127
 30
0.0
 40
0.0
 41
0.0
  0
VERTEX
  5
47A
100
AcDbEntity
  8
EBENE_1
390
0
  6
Continuous
 62
       250
 48
0.0503534939
100
AcDbVertex
100
AcDb2dVertex
 10
84.4462836441
 20
-13.4764064227
 30
0.0
 40
0.0
 41
0.0
  0
VERTEX
  5
47B
100
AcDbEntity
  8
EBENE_1
390
0
  6
Continuous
 62
       250
 48
0.0503534939
100
AcDbVertex
100
AcDb2dVertex
 10
84.4071263165
 20
-13.4550511938
 30
0.0
 40
0.0
 41
0.0
  0
VERTEX
  5
47C
100
AcDbEntity
  8
EBENE_1
390
0
  6
Continuous
 62
       250
 48
0.0503534939
100
AcDbVertex
100
AcDb2dVertex
 10
84.367048677
 20
-13.4354776775
 30
0.0
 40
0.0
 41
0.0
  0
VERTEX
  5
47D
100
AcDbEntity
  8
EBENE_1
390
0
  6
Continuous
 62
       250
 48
0.0503534939
100
AcDbVertex
100
AcDb2dVertex
 10
84.3263884955
 20
-13.4178299506
 30
0.0
 40
0.0
 41
0.0
  0
VERTEX
  5
47E
100
AcDbEntity
  8
EBENE_1
390
0
  6
Continuous
 62
       250
 48
0.0503534939
100
AcDbVertex
100
AcDb2dVertex
 10
84.2849828747
 20
-13.4020097824
 30
0.0
 40
0.0
 41
0.0
  0
VERTEX
  5
47F
100
AcDbEntity
  8
EBENE_1
390
0
  6
Continuous
 62
       250
 48
0.0503534939
100
AcDbVertex
100
AcDb2dVertex
 10
84.2429168009
 20
-13.3880439974
 30
0.0
 40
0.0
 41
0.0
  0
VERTEX
  5
480
100
AcDbEntity
  8
EBENE_1
390
0
  6
Continuous
 62
       250
 48
0.0503534939
100
AcDbVertex
100
AcDb2dVertex
 10
84.2002752604
 20
-13.3759594197
 30
0.0
 40
0.0
 41
0.0
  0
VERTEX
  5
481
100
AcDbEntity
  8
EBENE_1
390
0
  6
Continuous
 62
       250
 48
0.0503534939
100
AcDbVertex
100
AcDb2dVertex
 10
84.1577032265
 20
-13.3658953674
 30
0.0
 40
0.0
 41
0.0
  0
VERTEX
  5
482
100
AcDbEntity
  8
EBENE_1
390
0
  6
Continuous
 62
       250
 48
0.0503534939
100
AcDbVertex
100
AcDb2dVertex
 10
84.1147363155
 20
-13.3576762708
 30
0.0
 40
0.0
 41
0.0
  0
VERTEX
  5
483
100
AcDbEntity
  8
EBENE_1
390
0
  6
Continuous
 62
       250
 48
0.0503534939
100
AcDbVertex
100
AcDb2dVertex
 10
84.0714575446
 20
-13.3512880163
 30
0.0
 40
0.0
 41
0.0
  0
VERTEX
  5
484
100
AcDbEntity
  8
EBENE_1
390
0
  6
Continuous
 62
       250
 48
0.0503534939
100
AcDbVertex
100
AcDb2dVertex
 10
84.027949931
 20
-13.3467164902
 30
0.0
 40
0.0
 41
0.0
  0
VERTEX
  5
485
100
AcDbEntity
  8
EBENE_1
390
0
  6
Continuous
 62
       250
 48
0.0503534939
100
AcDbVertex
100
AcDb2dVertex
 10
83.9843535591
 20
-13.3439492138
 30
0.0
 40
0.0
 41
0.0
  0
VERTEX
  5
486
100
AcDbEntity
  8
EBENE_1
390
0
  6
Continuous
 62
       250
 48
0.0503534939
100
AcDbVertex
100
AcDb2dVertex
 10
83.9406823669
 20
-13.3429602373
 30
0.0
 40
0.0
 41
0.0
  0
VERTEX
  5
487
100
AcDbEntity
  8
EBENE_1
390
0
  6
Continuous
 62
       250
 48
0.0503534939
100
AcDbVertex
100
AcDb2dVertex
 10
83.8970069656
 20
-13.3437301165
 30
0.0
 40
0.0
 41
0.0
  0
VERTEX
  5
488
100
AcDbEntity
  8
EBENE_1
390
0
  6
Continuous
 62
       250
 48
0.0503534939
100
AcDbVertex
100
AcDb2dVertex
 10
83.8533979663
 20
-13.3462394075
 30
0.0
 40
0.0
 41
0.0
  0
VERTEX
  5
489
100
AcDbEntity
  8
EBENE_1
390
0
  6
Continuous
 62
       250
 48
0.0503534939
100
AcDbVertex
100
AcDb2dVertex
 10
83.8098546398
 20
-13.3504760443
 30
0.0
 40
0.0
 41
0.0
  0
VERTEX
  5
48A
100
AcDbEntity
  8
EBENE_1
390
0
  6
Continuous
 62
       250
 48
0.0503534939
100
AcDbVertex
100
AcDb2dVertex
 10
83.7665108646
 20
-13.3564137959
 30
0.0
 40
0.0
 41
0.0
  0
VERTEX
  5
48B
100
AcDbEntity
  8
EBENE_1
390
0
  6
Continuous
 62
       250
 48
0.0503534939
100
AcDbVertex
100
AcDb2dVertex
 10
83.7234287372
 20
-13.3640282649
 30
0.0
 40
0.0
 41
0.0
  0
VERTEX
  5
48C
100
AcDbEntity
  8
EBENE_1
390
0
  6
Continuous
 62
       250
 48
0.0503534939
100
AcDbVertex
100
AcDb2dVertex
 10
83.680670354
 20
-13.373295054
 30
0.0
 40
0.0
 41
0.0
  0
VERTEX
  5
48D
100
AcDbEntity
  8
EBENE_1
390
0
  6
Continuous
 62
       250
 48
0.0503534939
100
AcDbVertex
100
AcDb2dVertex
 10
83.6382156894
 20
-13.3842145884
 30
0.0
 40
0.0
 41
0.0
  0
VERTEX
  5
48E
100
AcDbEntity
  8
EBENE_1
390
0
  6
Continuous
 62
       250
 48
0.0503534939
100
AcDbVertex
100
AcDb2dVertex
 10
83.5962126038
 20
-13.3967555523
 30
0.0
 40
0.0
 41
0.0
  0
VERTEX
  5
48F
100
AcDbEntity
  8
EBENE_1
390
0
  6
Continuous
 62
       250
 48
0.0503534939
100
AcDbVertex
100
AcDb2dVertex
 10
83.5547253252
 20
-13.4109050816
 30
0.0
 40
0.0
 41
0.0
  0
VERTEX
  5
490
100
AcDbEntity
  8
EBENE_1
390
0
  6
Continuous
 62
       250
 48
0.0503534939
100
AcDbVertex
100
AcDb2dVertex
 10
83.5138180819
 20
-13.426650312
 30
0.0
 40
0.0
 41
0.0
  0
VERTEX
  5
491
100
AcDbEntity
  8
EBENE_1
390
0
  6
Continuous
 62
       250
 48
0.0503534939
100
AcDbVertex
100
AcDb2dVertex
 10
83.4733939589
 20
-13.4440460478
 30
0.0
 40
0.0
 41
0.0
  0
VERTEX
  5
492
100
AcDbEntity
  8
EBENE_1
390
0
  6
Continuous
 62
       250
 48
0.0503534939
100
AcDbVertex
100
AcDb2dVertex
 10
83.4336732418
 20
-13.4629964234
 30
0.0
 40
0.0
 41
0.0
  0
VERTEX
  5
493
100
AcDbEntity
  8
EBENE_1
390
0
  6
Continuous
 62
       250
 48
0.0503534939
100
AcDbVertex
100
AcDb2dVertex
 10
83.3947099201
 20
-13.4834605828
 30
0.0
 40
0.0
 41
0.0
  0
VERTEX
  5
494
100
AcDbEntity
  8
EBENE_1
390
0
  6
Continuous
 62
       250
 48
0.0503534939
100
AcDbVertex
100
AcDb2dVertex
 10
83.3565579834
 20
-13.5053976699
 30
0.0
 40
0.0
 41
0.0
  0
VERTEX
  5
495
100
AcDbEntity
  8
EBENE_1
390
0
  6
Continuous
 62
       250
 48
0.0503534939
100
AcDbVertex
100
AcDb2dVertex
 10
83.3193412529
 20
-13.5287175834
 30
0.0
 40
0.0
 41
0.0
  0
VERTEX
  5
496
100
AcDbEntity
  8
EBENE_1
390
0
  6
Continuous
 62
       250
 48
0.0503534939
100
AcDbVertex
100
AcDb2dVertex
 10
83.2830231727
 20
-13.5534127142
 30
0.0
 40
0.0
 41
0.0
  0
VERTEX
  5
497
100
AcDbEntity
  8
EBENE_1
390
0
  6
Continuous
 62
       250
 48
0.0503534939
100
AcDbVertex
100
AcDb2dVertex
 10
83.2476404291
 20
-13.5794318523
 30
0.0
 40
0.0
 41
0.0
  0
VERTEX
  5
498
100
AcDbEntity
  8
EBENE_1
390
0
  6
Continuous
 62
       250
 48
0.0503534939
100
AcDbVertex
100
AcDb2dVertex
 10
83.2132297084
 20
-13.6067237876
 30
0.0
 40
0.0
 41
0.0
  0
VERTEX
  5
499
100
AcDbEntity
  8
EBENE_1
390
0
  6
Continuous
 62
       250
 48
0.0503534939
100
AcDbVertex
100
AcDb2dVertex
 10
83.1798064971
 20
-13.6352560058
 30
0.0
 40
0.0
 41
0.0
  0
VERTEX
  5
49A
100
AcDbEntity
  8
EBENE_1
390
0
  6
Continuous
 62
       250
 48
0.0503534939
100
AcDbVertex
100
AcDb2dVertex
 10
83.147425157
 20
-13.6649638964
 30
0.0
 40
0.0
 41
0.0
  0
VERTEX
  5
49B
100
AcDbEntity
  8
EBENE_1
390
0
  6
Continuous
 62
       250
 48
0.0503534939
100
AcDbVertex
100
AcDb2dVertex
 10
83.1161175987
 20
-13.6958000294
 30
0.0
 40
0.0
 41
0.0
  0
VERTEX
  5
49C
100
AcDbEntity
  8
EBENE_1
390
0
  6
Continuous
 62
       250
 48
0.0503534939
100
AcDbVertex
100
AcDb2dVertex
 10
83.0859157329
 20
-13.7277169746
 30
0.0
 40
0.0
 41
0.0
  0
VERTEX
  5
49D
100
AcDbEntity
  8
EBENE_1
390
0
  6
Continuous
 62
       250
 48
0.0503534939
100
AcDbVertex
100
AcDb2dVertex
 10
83.0568258923
 20
-13.7606984825
 30
0.0
 40
0.0
 41
0.0
  0
VERTEX
  5
49E
100
AcDbEntity
  8
EBENE_1
390
0
  6
Continuous
 62
       250
 48
0.0503534939
100
AcDbVertex
100
AcDb2dVertex
 10
83.0289061184
 20
-13.7946763319
 30
0.0
 40
0.0
 41
0.0
  0
VERTEX
  5
49F
100
AcDbEntity
  8
EBENE_1
390
0
  6
Continuous
 62
       250
 48
0.0503534939
100
AcDbVertex
100
AcDb2dVertex
 10
83.0021868519
 20
-13.829611644
 30
0.0
 40
0.0
 41
0.0
  0
VERTEX
  5
4A0
100
AcDbEntity
  8
EBENE_1
390
0
  6
Continuous
 62
       250
 48
0.0503534939
100
AcDbVertex
100
AcDb2dVertex
 10
82.976698533
 20
-13.8654655403
 30
0.0
 40
0.0
 41
0.0
  0
VERTEX
  5
4A1
100
AcDbEntity
  8
EBENE_1
390
0
  6
Continuous
 62
       250
 48
0.0503534939
100
AcDbVertex
100
AcDb2dVertex
 10
82.9410572956
 20
-13.9205232454
 30
0.0
 40
0.0
 41
0.0
  0
VERTEX
  5
4A2
100
AcDbEntity
  8
EBENE_1
390
0
  6
Continuous
 62
       250
 48
0.0503534939
100
AcDbVertex
100
AcDb2dVertex
 10
82.9083148529
 20
-13.9773797424
 30
0.0
 40
0.0
 41
0.0
  0
VERTEX
  5
4A3
100
AcDbEntity
  8
EBENE_1
390
0
  6
Continuous
 62
       250
 48
0.0503534939
100
AcDbVertex
100
AcDb2dVertex
 10
82.8785676143
 20
-14.03587941
 30
0.0
 40
0.0
 41
0.0
  0
VERTEX
  5
4A4
100
AcDbEntity
  8
EBENE_1
390
0
  6
Continuous
 62
       250
 48
0.0503534939
100
AcDbVertex
100
AcDb2dVertex
 10
82.8519119891
 20
-14.0958666265
 30
0.0
 40
0.0
 41
0.0
  0
VERTEX
  5
4A5
100
AcDbEntity
  8
EBENE_1
390
0
  6
Continuous
 62
       250
 48
0.0503534939
100
AcDbVertex
100
AcDb2dVertex
 10
82.8218310533
 20
-14.1763285067
 30
0.0
 40
0.0
 41
0.0
  0
VERTEX
  5
4A6
100
AcDbEntity
  8
EBENE_1
390
0
  6
Continuous
 62
       250
 48
0.0503534939
100
AcDbVertex
100
AcDb2dVertex
 10
82.7972128499
 20
-14.2586634284
 30
0.0
 40
0.0
 41
0.0
  0
VERTEX
  5
4A7
100
AcDbEntity
  8
EBENE_1
390
0
  6
Continuous
 62
       250
 48
0.0503534939
100
AcDbVertex
100
AcDb2dVertex
 10
82.7780628923
 20
-14.3424644553
 30
0.0
 40
0.0
 41
0.0
  0
VERTEX
  5
4A8
100
AcDbEntity
  8
EBENE_1
390
0
  6
Continuous
 62
       250
 48
0.0503534939
100
AcDbVertex
100
AcDb2dVertex
 10
82.764386694
 20
-14.4273246514
 30
0.0
 40
0.0
 41
0.0
  0
VERTEX
  5
4A9
100
AcDbEntity
  8
EBENE_1
390
0
  6
Continuous
 62
       250
 48
0.0503534939
100
AcDbVertex
100
AcDb2dVertex
 10
82.7561937611
 20
-14.5125478525
 30
0.0
 40
0.0
 41
0.0
  0
VERTEX
  5
4AA
100
AcDbEntity
  8
EBENE_1
390
0
  6
Continuous
 62
       250
 48
0.0503534939
100
AcDbVertex
100
AcDb2dVertex
 10
82.7533546879
 20
-14.5981012374
 30
0.0
 40
0.0
 41
0.0
  0
VERTEX
  5
4AB
100
AcDbEntity
  8
EBENE_1
390
0
  6
Continuous
 62
       250
 48
0.0503534939
100
AcDbVertex
100
AcDb2dVertex
 10
82.7557827909
 20
-14.6836673669
 30
0.0
 40
0.0
 41
0.0
  0
VERTEX
  5
4AC
100
AcDbEntity
  8
EBENE_1
390
0
  6
Continuous
 62
       250
 48
0.0503534939
100
AcDbVertex
100
AcDb2dVertex
 10
82.7633913867
 20
-14.7689288021
 30
0.0
 40
0.0
 41
0.0
  0
VERTEX
  5
4AD
100
AcDbEntity
  8
EBENE_1
390
0
  6
Continuous
 62
       250
 48
0.0503534939
100
AcDbVertex
100
AcDb2dVertex
 10
82.7761565671
 20
-14.8539160226
 30
0.0
 40
0.0
 41
0.0
  0
VERTEX
  5
4AE
100
AcDbEntity
  8
EBENE_1
390
0
  6
Continuous
 62
       250
 48
0.0503534939
100
AcDbVertex
100
AcDb2dVertex
 10
82.793974127
 20
-14.9379858515
 30
0.0
 40
0.0
 41
0.0
  0
VERTEX
  5
4AF
100
AcDbEntity
  8
EBENE_1
390
0
  6
Continuous
 62
       250
 48
0.0503534939
100
AcDbVertex
100
AcDb2dVertex
 10
82.8167610944
 20
-15.0208481044
 30
0.0
 40
0.0
 41
0.0
  0
VERTEX
  5
4B0
100
AcDbEntity
  8
EBENE_1
390
0
  6
Continuous
 62
       250
 48
0.0503534939
100
AcDbVertex
100
AcDb2dVertex
 10
82.8444344973
 20
-15.1022125966
 30
0.0
 40
0.0
 41
0.0
  0
VERTEX
  5
4B1
100
AcDbEntity
  8
EBENE_1
390
0
  6
Continuous
 62
       250
 48
0.0503534939
100
AcDbVertex
100
AcDb2dVertex
 10
82.8771170112
 20
-15.1822715476
 30
0.0
 40
0.0
 41
0.0
  0
VERTEX
  5
4B2
100
AcDbEntity
  8
EBENE_1
390
0
  6
Continuous
 62
       250
 48
0.0503534939
100
AcDbVertex
100
AcDb2dVertex
 10
82.9145305018
 20
-15.260232651
 30
0.0
 40
0.0
 41
0.0
  0
VERTEX
  5
4B3
100
AcDbEntity
  8
EBENE_1
390
0
  6
Continuous
 62
       250
 48
0.0503534939
100
AcDbVertex
100
AcDb2dVertex
 10
82.9565434798
 20
-15.3358079664
 30
0.0
 40
0.0
 41
0.0
  0
VERTEX
  5
4B4
100
AcDbEntity
  8
EBENE_1
390
0
  6
Continuous
 62
       250
 48
0.0503534939
100
AcDbVertex
100
AcDb2dVertex
 10
83.0030244558
 20
-15.4087095532
 30
0.0
 40
0.0
 41
0.0
  0
VERTEX
  5
4B5
100
AcDbEntity
  8
EBENE_1
390
0
  6
Continuous
 62
       250
 48
0.0503534939
100
AcDbVertex
100
AcDb2dVertex
 10
83.0549449092
 20
-15.4801203023
 30
0.0
 40
0.0
 41
0.0
  0
VERTEX
  5
4B6
100
AcDbEntity
  8
EBENE_1
390
0
  6
Continuous
 62
       250
 48
0.0503534939
100
AcDbVertex
100
AcDb2dVertex
 10
83.1111138784
 20
-15.5482536595
 30
0.0
 40
0.0
 41
0.0
  0
VERTEX
  5
4B7
100
AcDbEntity
  8
EBENE_1
390
0
  6
Continuous
 62
       250
 48
0.0503534939
100
AcDbVertex
100
AcDb2dVertex
 10
83.1712572184
 20
-15.6129210365
 30
0.0
 40
0.0
 41
0.0
  0
VERTEX
  5
4B8
100
AcDbEntity
  8
EBENE_1
390
0
  6
Continuous
 62
       250
 48
0.0503534939
100
AcDbVertex
100
AcDb2dVertex
 10
83.2351007847
 20
-15.673933845
 30
0.0
 40
0.0
 41
0.0
  0
VERTEX
  5
4B9
100
AcDbEntity
  8
EBENE_1
390
0
  6
Continuous
 62
       250
 48
0.0503534939
100
AcDbVertex
100
AcDb2dVertex
 10
83.3017364712
 20
-15.730605932
 30
0.0
 40
0.0
 41
0.0
  0
VERTEX
  5
4BA
100
AcDbEntity
  8
EBENE_1
390
0
  6
Continuous
 62
       250
 48
0.0503534939
100
AcDbVertex
100
AcDb2dVertex
 10
83.3714782507
 20
-15.7833929967
 30
0.0
 40
0.0
 41
0.0
  0
VERTEX
  5
4BB
100
AcDbEntity
  8
EBENE_1
390
0
  6
Continuous
 62
       250
 48
0.0503534939
100
AcDbVertex
100
AcDb2dVertex
 10
83.4440690706
 20
-15.8321825754
 30
0.0
 40
0.0
 41
0.0
  0
VERTEX
  5
4BC
100
AcDbEntity
  8
EBENE_1
390
0
  6
Continuous
 62
       250
 48
0.0503534939
100
AcDbVertex
100
AcDb2dVertex
 10
83.5192518786
 20
-15.8768622048
 30
0.0
 40
0.0
 41
0.0
  0
VERTEX
  5
4BD
100
AcDbEntity
  8
EBENE_1
390
0
  6
Continuous
 62
       250
 48
0.0503534939
100
AcDbVertex
100
AcDb2dVertex
 10
83.5968008256
 20
-15.9173413033
 30
0.0
 40
0.0
 41
0.0
  0
VERTEX
  5
4BE
100
AcDbEntity
  8
EBENE_1
390
0
  6
Continuous
 62
       250
 48
0.0503534939
100
AcDbVertex
100
AcDb2dVertex
 10
83.6764427282
 20
-15.9535289856
 30
0.0
 40
0.0
 41
0.0
  0
VERTEX
  5
4BF
100
AcDbEntity
  8
EBENE_1
390
0
  6
Continuous
 62
       250
 48
0.0503534939
100
AcDbVertex
100
AcDb2dVertex
 10
83.757933887
 20
-15.9853593573
 30
0.0
 40
0.0
 41
0.0
  0
VERTEX
  5
4C0
100
AcDbEntity
  8
EBENE_1
390
0
  6
Continuous
 62
       250
 48
0.0503534939
100
AcDbVertex
100
AcDb2dVertex
 10
83.8410306027
 20
-16.012766524
 30
0.0
 40
0.0
 41
0.0
  0
VERTEX
  5
4C1
100
AcDbEntity
  8
EBENE_1
390
0
  6
Continuous
 62
       250
 48
0.0503534939
100
AcDbVertex
100
AcDb2dVertex
 10
83.9258692054
 20
-16.0357767764
 30
0.0
 40
0.0
 41
0.0
  0
VERTEX
  5
4C2
100
AcDbEntity
  8
EBENE_1
390
0
  6
Continuous
 62
       250
 48
0.0503534939
100
AcDbVertex
100
AcDb2dVertex
 10
84.0118179468
 20
-16.0541863041
 30
0.0
 40
0.0
 41
0.0
  0
VERTEX
  5
4C3
100
AcDbEntity
  8
EBENE_1
390
0
  6
Continuous
 62
       250
 48
0.0503534939
100
AcDbVertex
100
AcDb2dVertex
 10
84.0986128209
 20
-16.0679239843
 30
0.0
 40
0.0
 41
0.0
  0
VERTEX
  5
4C4
100
AcDbEntity
  8
EBENE_1
390
0
  6
Continuous
 62
       250
 48
0.0503534939
100
AcDbVertex
100
AcDb2dVertex
 10
84.1859898218
 20
-16.0769186942
 30
0.0
 40
0.0
 41
0.0
  0
VERTEX
  5
4C5
100
AcDbEntity
  8
EBENE_1
390
0
  6
Continuous
 62
       250
 48
0.0503534939
100
AcDbVertex
100
AcDb2dVertex
 10
84.2680427028
 20
-16.0807696499
 30
0.0
 40
0.0
 41
0.0
  0
VERTEX
  5
4C6
100
AcDbEntity
  8
EBENE_1
390
0
  6
Continuous
 62
       250
 48
0.0503534939
100
AcDbVertex
100
AcDb2dVertex
 10
84.3501598131
 20
-16.080944396
 30
0.0
 40
0.0
 41
0.0
  0
VERTEX
  5
4C7
100
AcDbEntity
  8
EBENE_1
390
0
  6
Continuous
 62
       250
 48
0.0503534939
100
AcDbVertex
100
AcDb2dVertex
 10
84.4364456735
 20
-16.0763402304
 30
0.0
 40
0.0
 41
0.0
  0
VERTEX
  5
4C8
100
AcDbEntity
  8
EBENE_1
390
0
  6
Continuous
 62
       250
 48
0.0503534939
100
AcDbVertex
100
AcDb2dVertex
 10
84.4890366101
 20
-16.0716174166
 30
0.0
 40
0.0
 41
0.0
  0
VERTEX
  5
4C9
100
AcDbEntity
  8
EBENE_1
390
0
  6
Continuous
 62
       250
 48
0.0503534939
100
AcDbVertex
100
AcDb2dVertex
 10
84.5518523858
 20
-16.0633400116
 30
0.0
 40
0.0
 41
0.0
  0
VERTEX
  5
4CA
100
AcDbEntity
  8
EBENE_1
390
0
  6
Continuous
 62
       250
 48
0.0503534939
100
AcDbVertex
100
AcDb2dVertex
 10
84.6143981823
 20
-16.0532265293
 30
0.0
 40
0.0
 41
0.0
  0
VERTEX
  5
4CB
100
AcDbEntity
  8
EBENE_1
390
0
  6
Continuous
 62
       250
 48
0.0503534939
100
AcDbVertex
100
AcDb2dVertex
 10
84.6763988952
 20
-16.0401842043
 30
0.0
 40
0.0
 41
0.0
  0
VERTEX
  5
4CC
100
AcDbEntity
  8
EBENE_1
390
0
  6
Continuous
 62
       250
 48
0.0503534939
100
AcDbVertex
100
AcDb2dVertex
 10
84.7379850868
 20
-16.025290828
 30
0.0
 40
0.0
 41
0.0
  0
VERTEX
  5
4CD
100
AcDbEntity
  8
EBENE_1
390
0
  6
Continuous
 62
       250
 48
0.0503534939
100
AcDbVertex
100
AcDb2dVertex
 10
84.8002083356
 20
-16.0072267877
 30
0.0
 40
0.0
 41
0.0
  0
VERTEX
  5
4CE
100
AcDbEntity
  8
EBENE_1
390
0
  6
Continuous
 62
       250
 48
0.0503534939
100
AcDbVertex
100
AcDb2dVertex
 10
84.8617128185
 20
-15.9874014754
 30
0.0
 40
0.0
 41
0.0
  0
VERTEX
  5
4CF
100
AcDbEntity
  8
EBENE_1
390
0
  6
Continuous
 62
       250
 48
0.0503534939
100
AcDbVertex
100
AcDb2dVertex
 10
84.9220135861
 20
-15.9650152432
 30
0.0
 40
0.0
 41
0.0
  0
VERTEX
  5
4D0
100
AcDbEntity
  8
EBENE_1
390
0
  6
Continuous
 62
       250
 48
0.0503534939
100
AcDbVertex
100
AcDb2dVertex
 10
84.9814133971
 20
-15.940952541
 30
0.0
 40
0.0
 41
0.0
  0
VERTEX
  5
4D1
100
AcDbEntity
  8
EBENE_1
390
0
  6
Continuous
 62
       250
 48
0.0503534939
100
AcDbVertex
100
AcDb2dVertex
 10
85.0394865091
 20
-15.9143646417
 30
0.0
 40
0.0
 41
0.0
  0
VERTEX
  5
4D2
100
AcDbEntity
  8
EBENE_1
390
0
  6
Continuous
 62
       250
 48
0.0503534939
100
AcDbVertex
100
AcDb2dVertex
 10
85.0965553303
 20
-15.8861452745
 30
0.0
 40
0.0
 41
0.0
  0
VERTEX
  5
4D3
100
AcDbEntity
  8
EBENE_1
390
0
  6
Continuous
 62
       250
 48
0.0503534939
100
AcDbVertex
100
AcDb2dVertex
 10
85.1529884872
 20
-15.8549580539
 30
0.0
 40
0.0
 41
0.0
  0
VERTEX
  5
4D4
100
AcDbEntity
  8
EBENE_1
390
0
  6
Continuous
 62
       250
 48
0.0503534939
100
AcDbVertex
100
AcDb2dVertex
 10
85.208955604
 20
-15.8218134022
 30
0.0
 40
0.0
 41
0.0
  0
VERTEX
  5
4D5
100
AcDbEntity
  8
EBENE_1
390
0
  6
Continuous
 62
       250
 48
0.0503534939
100
AcDbVertex
100
AcDb2dVertex
 10
85.264528402
 20
-15.7855727821
 30
0.0
 40
0.0
 41
0.0
  0
VERTEX
  5
4D6
100
AcDbEntity
  8
EBENE_1
390
0
  6
Continuous
 62
       250
 48
0.0503534939
100
AcDbVertex
100
AcDb2dVertex
 10
85.3188899484
 20
-15.7478325493
 30
0.0
 40
0.0
 41
0.0
  0
VERTEX
  5
4D7
100
AcDbEntity
  8
EBENE_1
390
0
  6
Continuous
 62
       250
 48
0.0503534939
100
AcDbVertex
100
AcDb2dVertex
 10
85.3713131526
 20
-15.7079135036
 30
0.0
 40
0.0
 41
0.0
  0
VERTEX
  5
4D8
100
AcDbEntity
  8
EBENE_1
390
0
  6
Continuous
 62
       250
 48
0.0503534939
100
AcDbVertex
100
AcDb2dVertex
 10
85.4223659655
 20
-15.6666072089
 30
0.0
 40
0.0
 41
0.0
  0
VERTEX
  5
4D9
100
AcDbEntity
  8
EBENE_1
390
0
  6
Continuous
 62
       250
 48
0.0503534939
100
AcDbVertex
100
AcDb2dVertex
 10
85.4713605535
 20
-15.6231910435
 30
0.0
 40
0.0
 41
0.0
  0
VERTEX
  5
4DA
100
AcDbEntity
  8
EBENE_1
390
0
  6
Continuous
 62
       250
 48
0.0503534939
100
AcDbVertex
100
AcDb2dVertex
 10
85.5188893266
 20
-15.5784516138
 30
0.0
 40
0.0
 41
0.0
  0
VERTEX
  5
4DB
100
AcDbEntity
  8
EBENE_1
390
0
  6
Continuous
 62
       250
 48
0.0503534939
100
AcDbVertex
100
AcDb2dVertex
 10
85.5656547911
 20
-15.5303126794
 30
0.0
 40
0.0
 41
0.0
  0
VERTEX
  5
4DC
100
AcDbEntity
  8
EBENE_1
390
0
  6
Continuous
 62
       250
 48
0.0503534939
100
AcDbVertex
100
AcDb2dVertex
 10
85.6118329219
 20
-15.4799028241
 30
0.0
 40
0.0
 41
0.0
  0
VERTEX
  5
4DD
100
AcDbEntity
  8
EBENE_1
390
0
  6
Continuous
 62
       250
 48
0.0503534939
100
AcDbVertex
100
AcDb2dVertex
 10
85.655482127
 20
-15.4278809023
 30
0.0
 40
0.0
 41
0.0
  0
VERTEX
  5
4DE
100
AcDbEntity
  8
EBENE_1
390
0
  6
Continuous
 62
       250
 48
0.0503534939
100
AcDbVertex
100
AcDb2dVertex
 10
85.6974944393
 20
-15.3747385883
 30
0.0
 40
0.0
 41
0.0
  0
VERTEX
  5
4DF
100
AcDbEntity
  8
EBENE_1
390
0
  6
Continuous
 62
       250
 48
0.0503534939
100
AcDbVertex
100
AcDb2dVertex
 10
85.7369486614
 20
-15.3200177897
 30
0.0
 40
0.0
 41
0.0
  0
VERTEX
  5
4E0
100
AcDbEntity
  8
EBENE_1
390
0
  6
Continuous
 62
       250
 48
0.0503534939
100
AcDbVertex
100
AcDb2dVertex
 10
85.7746412894
 20
-15.2643310425
 30
0.0
 40
0.0
 41
0.0
  0
VERTEX
  5
4E1
100
AcDbEntity
  8
EBENE_1
390
0
  6
Continuous
 62
       250
 48
0.0503534939
100
AcDbVertex
100
AcDb2dVertex
 10
85.8099450133
 20
-15.2067278778
 30
0.0
 40
0.0
 41
0.0
  0
VERTEX
  5
4E2
100
AcDbEntity
  8
EBENE_1
390
0
  6
Continuous
 62
       250
 48
0.0503534939
100
AcDbVertex
100
AcDb2dVertex
 10
85.8439209318
 20
-15.1473437717
 30
0.0
 40
0.0
 41
0.0
  0
VERTEX
  5
4E3
100
AcDbEntity
  8
EBENE_1
390
0
  6
Continuous
 62
       250
 48
0.0503534939
100
AcDbVertex
100
AcDb2dVertex
 10
85.8757034128
 20
-15.0857011558
 30
0.0
 40
0.0
 41
0.0
  0
VERTEX
  5
4E4
100
AcDbEntity
  8
EBENE_1
390
0
  6
Continuous
 62
       250
 48
0.0503534939
100
AcDbVertex
100
AcDb2dVertex
 10
85.9059302443
 20
-15.0226960086
 30
0.0
 40
0.0
 41
0.0
  0
VERTEX
  5
4E5
100
AcDbEntity
  8
EBENE_1
390
0
  6
Continuous
 62
       250
 48
0.0503534939
100
AcDbVertex
100
AcDb2dVertex
 10
85.9332018462
 20
-14.9588097657
 30
0.0
 40
0.0
 41
0.0
  0
VERTEX
  5
4E6
100
AcDbEntity
  8
EBENE_1
390
0
  6
Continuous
 62
       250
 48
0.0503534939
100
AcDbVertex
100
AcDb2dVertex
 10
85.958533576
 20
-14.8942866919
 30
0.0
 40
0.0
 41
0.0
  0
VERTEX
  5
4E7
100
AcDbEntity
  8
EBENE_1
390
0
  6
Continuous
 62
       250
 48
0.0503534939
100
AcDbVertex
100
AcDb2dVertex
 10
85.9808902455
 20
-14.8289396908
 30
0.0
 40
0.0
 41
0.0
  0
VERTEX
  5
4E8
100
AcDbEntity
  8
EBENE_1
390
0
  6
Continuous
 62
       250
 48
0.0503534939
100
AcDbVertex
100
AcDb2dVertex
 10
86.0012223469
 20
-14.7631311594
 30
0.0
 40
0.0
 41
0.0
  0
VERTEX
  5
4E9
100
AcDbEntity
  8
EBENE_1
390
0
  6
Continuous
 62
       250
 48
0.0503534939
100
AcDbVertex
100
AcDb2dVertex
 10
86.0188004193
 20
-14.6956697479
 30
0.0
 40
0.0
 41
0.0
  0
VERTEX
  5
4EA
100
AcDbEntity
  8
EBENE_1
390
0
  6
Continuous
 62
       250
 48
0.0503534939
100
AcDbVertex
100
AcDb2dVertex
 10
86.0347995984
 20
-14.625908607
 30
0.0
 40
0.0
 41
0.0
  0
VERTEX
  5
4EB
100
AcDbEntity
  8
EBENE_1
390
0
  6
Continuous
 62
       250
 48
0.0503534939
100
AcDbVertex
100
AcDb2dVertex
 10
86.0477513899
 20
-14.5554720419
 30
0.0
 40
0.0
 41
0.0
  0
VERTEX
  5
4EC
100
AcDbEntity
  8
EBENE_1
390
0
  6
Continuous
 62
       250
 48
0.0503534939
100
AcDbVertex
100
AcDb2dVertex
 10
86.0586280752
 20
-14.4848652798
 30
0.0
 40
0.0
 41
0.0
  0
VERTEX
  5
4ED
100
AcDbEntity
  8
EBENE_1
390
0
  6
Continuous
 62
       250
 48
0.0503534939
100
AcDbVertex
100
AcDb2dVertex
 10
86.0663413754
 20
-14.4142415641
 30
0.0
 40
0.0
 41
0.0
  0
VERTEX
  5
4EE
100
AcDbEntity
  8
EBENE_1
390
0
  6
Continuous
 62
       250
 48
0.0503534939
100
AcDbVertex
100
AcDb2dVertex
 10
86.0719548554
 20
-14.3435581674
 30
0.0
 40
0.0
 41
0.0
  0
VERTEX
  5
4EF
100
AcDbEntity
  8
EBENE_1
390
0
  6
Continuous
 62
       250
 48
0.0503534939
100
AcDbVertex
100
AcDb2dVertex
 10
86.0743963139
 20
-14.2727590565
 30
0.0
 40
0.0
 41
0.0
  0
VERTEX
  5
4F0
100
AcDbEntity
  8
EBENE_1
390
0
  6
Continuous
 62
       250
 48
0.0503534939
100
AcDbVertex
100
AcDb2dVertex
 10
86.0746985461
 20
-14.2010564886
 30
0.0
 40
0.0
 41
0.0
  0
VERTEX
  5
4F1
100
AcDbEntity
  8
EBENE_1
390
0
  6
Continuous
 62
       250
 48
0.0503534939
100
AcDbVertex
100
AcDb2dVertex
 10
86.0718026458
 20
-14.1285838581
 30
0.0
 40
0.0
 41
0.0
  0
VERTEX
  5
4F2
100
AcDbEntity
  8
EBENE_1
390
0
  6
Continuous
 62
       250
 48
0.0503534939
100
AcDbVertex
100
AcDb2dVertex
 10
86.066779834
 20
-14.0554402121
 30
0.0
 40
0.0
 41
0.0
  0
VERTEX
  5
4F3
100
AcDbEntity
  8
EBENE_1
390
0
  6
Continuous
 62
       250
 48
0.0503534939
100
AcDbVertex
100
AcDb2dVertex
 10
86.05858949
 20
-13.9827141307
 30
0.0
 40
0.0
 41
0.0
  0
VERTEX
  5
4F4
100
AcDbEntity
  8
EBENE_1
390
0
  6
Continuous
 62
       250
 48
0.0503534939
100
AcDbVertex
100
AcDb2dVertex
 10
86.0482914871
 20
-13.9104306716
 30
0.0
 40
0.0
 41
0.0
  0
VERTEX
  5
4F5
100
AcDbEntity
  8
EBENE_1
390
0
  6
Continuous
 62
       250
 48
0.0503534939
100
AcDbVertex
100
AcDb2dVertex
 10
86.0348782011
 20
-13.8390531818
 30
0.0
 40
0.0
 41
0.0
  0
VERTEX
  5
4F6
100
AcDbEntity
  8
EBENE_1
390
0
  6
Continuous
 62
       250
 48
0.0503534939
100
AcDbVertex
100
AcDb2dVertex
 10
86.0193639644
 20
-13.7682412576
 30
0.0
 40
0.0
 41
0.0
  0
VERTEX
  5
4F7
100
AcDbEntity
  8
EBENE_1
390
0
  6
Continuous
 62
       250
 48
0.0503534939
100
AcDbVertex
100
AcDb2dVertex
 10
86.0006648396
 20
-13.6980826738
 30
0.0
 40
0.0
 41
0.0
  0
VERTEX
  5
4F8
100
AcDbEntity
  8
EBENE_1
390
0
  6
Continuous
 62
       250
 48
0.0503534939
100
AcDbVertex
100
AcDb2dVertex
 10
85.9793711858
 20
-13.6266840788
 30
0.0
 40
0.0
 41
0.0
  0
VERTEX
  5
4F9
100
AcDbEntity
  8
EBENE_1
390
0
  6
Continuous
 62
       250
 48
0.0503534939
100
AcDbVertex
100
AcDb2dVertex
 10
85.9547215469
 20
-13.555512181
 30
0.0
 40
0.0
 41
0.0
  0
VERTEX
  5
4FA
100
AcDbEntity
  8
EBENE_1
390
0
  6
Continuous
 62
       250
 48
0.0503534939
100
AcDbVertex
100
AcDb2dVertex
 10
85.9281166623
 20
-13.4853389621
 30
0.0
 40
0.0
 41
0.0
  0
VERTEX
  5
4FB
100
AcDbEntity
  8
EBENE_1
390
0
  6
Continuous
 62
       250
 48
0.0503534939
100
AcDbVertex
100
AcDb2dVertex
 10
85.8985755833
 20
-13.4166650565
 30
0.0
 40
0.0
 41
0.0
  0
VERTEX
  5
4FC
100
AcDbEntity
  8
EBENE_1
390
0
  6
Continuous
 62
       250
 48
0.0503534939
100
AcDbVertex
100
AcDb2dVertex
 10
85.8670899675
 20
-13.3490388962
 30
0.0
 40
0.0
 41
0.0
  0
VERTEX
  5
4FD
100
AcDbEntity
  8
EBENE_1
390
0
  6
Continuous
 62
       250
 48
0.0503534939
100
AcDbVertex
100
AcDb2dVertex
 10
85.8327927228
 20
-13.2831929084
 30
0.0
 40
0.0
 41
0.0
  0
VERTEX
  5
4FE
100
AcDbEntity
  8
EBENE_1
390
0
  6
Continuous
 62
       250
 48
0.0503534939
100
AcDbVertex
100
AcDb2dVertex
 10
85.7962493721
 20
-13.2179176544
 30
0.0
 40
0.0
 41
0.0
  0
VERTEX
  5
4FF
100
AcDbEntity
  8
EBENE_1
390
0
  6
Continuous
 62
       250
 48
0.0503534939
100
AcDbVertex
100
AcDb2dVertex
 10
85.7563042218
 20
-13.153507393
 30
0.0
 40
0.0
 41
0.0
  0
VERTEX
  5
500
100
AcDbEntity
  8
EBENE_1
390
0
  6
Continuous
 62
       250
 48
0.0503534939
100
AcDbVertex
100
AcDb2dVertex
 10
85.7140860389
 20
-13.0896213288
 30
0.0
 40
0.0
 41
0.0
  0
VERTEX
  5
501
100
AcDbEntity
  8
EBENE_1
390
0
  6
Continuous
 62
       250
 48
0.0503534939
100
AcDbVertex
100
AcDb2dVertex
 10
85.6689907935
 20
-13.0274026685
 30
0.0
 40
0.0
 41
0.0
  0
VERTEX
  5
502
100
AcDbEntity
  8
EBENE_1
390
0
  6
Continuous
 62
       250
 48
0.0503534939
100
AcDbVertex
100
AcDb2dVertex
 10
85.6222475805
 20
-12.9667225822
 30
0.0
 40
0.0
 41
0.0
  0
VERTEX
  5
503
100
AcDbEntity
  8
EBENE_1
390
0
  6
Continuous
 62
       250
 48
0.0503534939
100
AcDbVertex
100
AcDb2dVertex
 10
85.5730452491
 20
-12.908349698
 30
0.0
 40
0.0
 41
0.0
  0
VERTEX
  5
504
100
AcDbEntity
  8
EBENE_1
390
0
  6
Continuous
 62
       250
 48
0.0503534939
100
AcDbVertex
100
AcDb2dVertex
 10
85.5222309715
 20
-12.8515656153
 30
0.0
 40
0.0
 41
0.0
  0
VERTEX
  5
505
100
AcDbEntity
  8
EBENE_1
390
0
  6
Continuous
 62
       250
 48
0.0503534939
100
AcDbVertex
100
AcDb2dVertex
 10
85.4691360647
 20
-12.7973186339
 30
0.0
 40
0.0
 41
0.0
  0
VERTEX
  5
506
100
AcDbEntity
  8
EBENE_1
390
0
  6
Continuous
 62
       250
 48
0.0503534939
100
AcDbVertex
100
AcDb2dVertex
 10
85.4135593856
 20
-12.7438142727
 30
0.0
 40
0.0
 41
0.0
  0
VERTEX
  5
507
100
AcDbEntity
  8
EBENE_1
390
0
  6
Continuous
 62
       250
 48
0.0503534939
100
AcDbVertex
100
AcDb2dVertex
 10
85.3543214483
 20
-12.6916092019
 30
0.0
 40
0.0
 41
0.0
  0
VERTEX
  5
508
100
AcDbEntity
  8
EBENE_1
390
0
  6
Continuous
 62
       250
 48
0.0503534939
100
AcDbVertex
100
AcDb2dVertex
 10
85.2938088581
 20
-12.6413189791
 30
0.0
 40
0.0
 41
0.0
  0
VERTEX
  5
509
100
AcDbEntity
  8
EBENE_1
390
0
  6
Continuous
 62
       250
 48
0.0503534939
100
AcDbVertex
100
AcDb2dVertex
 10
85.2313737604
 20
-12.5938695366
 30
0.0
 40
0.0
 41
0.0
  0
VERTEX
  5
50A
100
AcDbEntity
  8
EBENE_1
390
0
  6
Continuous
 62
       250
 48
0.0503534939
100
AcDbVertex
100
AcDb2dVertex
 10
85.1677722323
 20
-12.5484165723
 30
0.0
 40
0.0
 41
0.0
  0
VERTEX
  5
50B
100
AcDbEntity
  8
EBENE_1
390
0
  6
Continuous
 62
       250
 48
0.0503534939
100
AcDbVertex
100
AcDb2dVertex
 10
85.1024366917
 20
-12.5059566773
 30
0.0
 40
0.0
 41
0.0
  0
VERTEX
  5
50C
100
AcDbEntity
  8
EBENE_1
390
0
  6
Continuous
 62
       250
 48
0.0503534939
100
AcDbVertex
100
AcDb2dVertex
 10
85.0359898073
 20
-12.4655325315
 30
0.0
 40
0.0
 41
0.0
  0
VERTEX
  5
50D
100
AcDbEntity
  8
EBENE_1
390
0
  6
Continuous
 62
       250
 48
0.0503534939
100
AcDbVertex
100
AcDb2dVertex
 10
84.9665315434
 20
-12.4274450973
 30
0.0
 40
0.0
 41
0.0
  0
VERTEX
  5
50E
100
AcDbEntity
  8
EBENE_1
390
0
  6
Continuous
 62
       250
 48
0.0503534939
100
AcDbVertex
100
AcDb2dVertex
 10
84.8955169007
 20
-12.3911650216
 30
0.0
 40
0.0
 41
0.0
  0
VERTEX
  5
50F
100
AcDbEntity
  8
EBENE_1
390
0
  6
Continuous
 62
       250
 48
0.0503534939
100
AcDbVertex
100
AcDb2dVertex
 10
84.8223243111
 20
-12.3576677275
 30
0.0
 40
0.0
 41
0.0
  0
VERTEX
  5
510
100
AcDbEntity
  8
EBENE_1
390
0
  6
Continuous
 62
       250
 48
0.0503534939
100
AcDbVertex
100
AcDb2dVertex
 10
84.748420392
 20
-12.3264140093
 30
0.0
 40
0.0
 41
0.0
  0
VERTEX
  5
511
100
AcDbEntity
  8
EBENE_1
390
0
  6
Continuous
 62
       250
 48
0.0503534939
100
AcDbVertex
100
AcDb2dVertex
 10
84.6734366904
 20
-12.2985159353
 30
0.0
 40
0.0
 41
0.0
  0
VERTEX
  5
512
100
AcDbEntity
  8
EBENE_1
390
0
  6
Continuous
 62
       250
 48
0.0503534939
100
AcDbVertex
100
AcDb2dVertex
 10
84.59787254
 20
-12.2729089676
 30
0.0
 40
0.0
 41
0.0
  0
VERTEX
  5
513
100
AcDbEntity
  8
EBENE_1
390
0
  6
Continuous
 62
       250
 48
0.0503534939
100
AcDbVertex
100
AcDb2dVertex
 10
84.5214537128
 20
-12.2507646778
 30
0.0
 40
0.0
 41
0.0
  0
VERTEX
  5
514
100
AcDbEntity
  8
EBENE_1
390
0
  6
Continuous
 62
       250
 48
0.0503534939
100
AcDbVertex
100
AcDb2dVertex
 10
84.4445317985
 20
-12.2309211332
 30
0.0
 40
0.0
 41
0.0
  0
VERTEX
  5
515
100
AcDbEntity
  8
EBENE_1
390
0
  6
Continuous
 62
       250
 48
0.0503534939
100
AcDbVertex
100
AcDb2dVertex
 10
84.363768744
 20
-12.2138401935
 30
0.0
 40
0.0
 41
0.0
  0
VERTEX
  5
516
100
AcDbEntity
  8
EBENE_1
390
0
  6
Continuous
 62
       250
 48
0.0503534939
100
AcDbVertex
100
AcDb2dVertex
 10
84.2827202452
 20
-12.1991553241
 30
0.0
 40
0.0
 41
0.0
  0
VERTEX
  5
517
100
AcDbEntity
  8
EBENE_1
390
0
  6
Continuous
 62
       250
 48
0.0503534939
100
AcDbVertex
100
AcDb2dVertex
 10
84.2014215556
 20
-12.1880483911
 30
0.0
 40
0.0
 41
0.0
  0
VERTEX
  5
518
100
AcDbEntity
  8
EBENE_1
390
0
  6
Continuous
 62
       250
 48
0.0503534939
100
AcDbVertex
100
AcDb2dVertex
 10
84.1200737866
 20
-12.1793477184
 30
0.0
 40
0.0
 41
0.0
  0
VERTEX
  5
519
100
AcDbEntity
  8
EBENE_1
390
0
  6
Continuous
 62
       250
 48
0.0503534939
100
AcDbVertex
100
AcDb2dVertex
 10
84.0386457609
 20
-12.1742564916
 30
0.0
 40
0.0
 41
0.0
  0
VERTEX
  5
51A
100
AcDbEntity
  8
EBENE_1
390
0
  6
Continuous
 62
       250
 48
0.0503534939
100
AcDbVertex
100
AcDb2dVertex
 10
83.9573118246
 20
-12.1715818656
 30
0.0
 40
0.0
 41
0.0
  0
VERTEX
  5
51B
100
AcDbEntity
  8
EBENE_1
390
0
  6
Continuous
 62
       250
 48
0.0503534939
100
AcDbVertex
100
AcDb2dVertex
 10
83.8751101972
 20
-12.1725724132
 30
0.0
 40
0.0
 41
0.0
  0
VERTEX
  5
51C
100
AcDbEntity
  8
EBENE_1
390
0
  6
Continuous
 62
       250
 48
0.0503534939
100
AcDbVertex
100
AcDb2dVertex
 10
83.792394886
 20
-12.1760103881
 30
0.0
 40
0.0
 41
0.0
  0
VERTEX
  5
51D
100
AcDbEntity
  8
EBENE_1
390
0
  6
Continuous
 62
       250
 48
0.0503534939
100
AcDbVertex
100
AcDb2dVertex
 10
83.7085935604
 20
-12.1831295125
 30
0.0
 40
0.0
 41
0.0
  0
VERTEX
  5
51E
100
AcDbEntity
  8
EBENE_1
390
0
  6
Continuous
 62
       250
 48
0.0503534939
100
AcDbVertex
100
AcDb2dVertex
 10
83.6252049622
 20
-12.1926557895
 30
0.0
 40
0.0
 41
0.0
  0
VERTEX
  5
51F
100
AcDbEntity
  8
EBENE_1
390
0
  6
Continuous
 62
       250
 48
0.0503534939
100
AcDbVertex
100
AcDb2dVertex
 10
83.5426041344
 20
-12.2057815885
 30
0.0
 40
0.0
 41
0.0
  0
VERTEX
  5
520
100
AcDbEntity
  8
EBENE_1
390
0
  6
Continuous
 62
       250
 48
0.0503534939
100
AcDbVertex
100
AcDb2dVertex
 10
83.4606458715
 20
-12.2212795615
 30
0.0
 40
0.0
 41
0.0
  0
VERTEX
  5
521
100
AcDbEntity
  8
EBENE_1
390
0
  6
Continuous
 62
       250
 48
0.0503534939
100
AcDbVertex
100
AcDb2dVertex
 10
83.3796639307
 20
-12.2403561598
 30
0.0
 40
0.0
 41
0.0
  0
VERTEX
  5
522
100
AcDbEntity
  8
EBENE_1
390
0
  6
Continuous
 62
       250
 48
0.0503534939
100
AcDbVertex
100
AcDb2dVertex
 10
83.2994729541
 20
-12.2617825095
 30
0.0
 40
0.0
 41
0.0
  0
VERTEX
  5
523
100
AcDbEntity
  8
EBENE_1
390
0
  6
Continuous
 62
       250
 48
0.0503534939
100
AcDbVertex
100
AcDb2dVertex
 10
83.2185337599
 20
-12.2872852226
 30
0.0
 40
0.0
 41
0.0
  0
VERTEX
  5
524
100
AcDbEntity
  8
EBENE_1
390
0
  6
Continuous
 62
       250
 48
0.0503534939
100
AcDbVertex
100
AcDb2dVertex
 10
83.1371806894
 20
-12.3155457178
 30
0.0
 40
0.0
 41
0.0
  0
VERTEX
  5
525
100
AcDbEntity
  8
EBENE_1
390
0
  6
Continuous
 62
       250
 48
0.0503534939
100
AcDbVertex
100
AcDb2dVertex
 10
83.0575582779
 20
-12.3471495832
 30
0.0
 40
0.0
 41
0.0
  0
VERTEX
  5
526
100
AcDbEntity
  8
EBENE_1
390
0
  6
Continuous
 62
       250
 48
0.0503534939
100
AcDbVertex
100
AcDb2dVertex
 10
82.9790374996
 20
-12.3809932533
 30
0.0
 40
0.0
 41
0.0
  0
VERTEX
  5
527
100
AcDbEntity
  8
EBENE_1
390
0
  6
Continuous
 62
       250
 48
0.0503534939
100
AcDbVertex
100
AcDb2dVertex
 10
82.902330024
 20
-12.4181404221
 30
0.0
 40
0.0
 41
0.0
  0
VERTEX
  5
528
100
AcDbEntity
  8
EBENE_1
390
0
  6
Continuous
 62
       250
 48
0.0503534939
100
AcDbVertex
100
AcDb2dVertex
 10
82.8269327038
 20
-12.4574356517
 30
0.0
 40
0.0
 41
0.0
  0
VERTEX
  5
529
100
AcDbEntity
  8
EBENE_1
390
0
  6
Continuous
 62
       250
 48
0.0503534939
100
AcDbVertex
100
AcDb2dVertex
 10
82.7530793927
 20
-12.5002340394
 30
0.0
 40
0.0
 41
0.0
  0
VERTEX
  5
52A
100
AcDbEntity
  8
EBENE_1
390
0
  6
Continuous
 62
       250
 48
0.0503534939
100
AcDbVertex
100
AcDb2dVertex
 10
82.6797878174
 20
-12.5456830669
 30
0.0
 40
0.0
 41
0.0
  0
VERTEX
  5
52B
100
AcDbEntity
  8
EBENE_1
390
0
  6
Continuous
 62
       250
 48
0.0503534939
100
AcDbVertex
100
AcDb2dVertex
 10
82.607772351
 20
-12.5947988085
 30
0.0
 40
0.0
 41
0.0
  0
VERTEX
  5
52C
100
AcDbEntity
  8
EBENE_1
390
0
  6
Continuous
 62
       250
 48
0.0503534939
100
AcDbVertex
100
AcDb2dVertex
 10
82.5367745508
 20
-12.6462646231
 30
0.0
 40
0.0
 41
0.0
  0
VERTEX
  5
52D
100
AcDbEntity
  8
EBENE_1
390
0
  6
Continuous
 62
       250
 48
0.0503534939
100
AcDbVertex
100
AcDb2dVertex
 10
82.4684522451
 20
-12.7004927609
 30
0.0
 40
0.0
 41
0.0
  0
VERTEX
  5
52E
100
AcDbEntity
  8
EBENE_1
390
0
  6
Continuous
 62
       250
 48
0.0503534939
100
AcDbVertex
100
AcDb2dVertex
 10
82.4018637958
 20
-12.7565910168
 30
0.0
 40
0.0
 41
0.0
  0
VERTEX
  5
52F
100
AcDbEntity
  8
EBENE_1
390
0
  6
Continuous
 62
       250
 48
0.0503534939
100
AcDbVertex
100
AcDb2dVertex
 10
82.3380215718
 20
-12.8153947624
 30
0.0
 40
0.0
 41
0.0
  0
VERTEX
  5
530
100
AcDbEntity
  8
EBENE_1
390
0
  6
Continuous
 62
       250
 48
0.0503534939
100
AcDbVertex
100
AcDb2dVertex
 10
82.2761015205
 20
-12.8759373042
 30
0.0
 40
0.0
 41
0.0
  0
VERTEX
  5
531
100
AcDbEntity
  8
EBENE_1
390
0
  6
Continuous
 62
       250
 48
0.0503534939
100
AcDbVertex
100
AcDb2dVertex
 10
82.2163433409
 20
-12.9397992347
 30
0.0
 40
0.0
 41
0.0
  0
VERTEX
  5
532
100
AcDbEntity
  8
EBENE_1
390
0
  6
Continuous
 62
       250
 48
0.0503534939
100
AcDbVertex
100
AcDb2dVertex
 10
82.1572093879
 20
-13.0068188369
 30
0.0
 40
0.0
 41
0.0
  0
VERTEX
  5
533
100
AcDbEntity
  8
EBENE_1
390
0
  6
Continuous
 62
       250
 48
0.0503534939
100
AcDbVertex
100
AcDb2dVertex
 10
82.1010203737
 20
-13.0763731394
 30
0.0
 40
0.0
 41
0.0
  0
VERTEX
  5
534
100
AcDbEntity
  8
EBENE_1
390
0
  6
Continuous
 62
       250
 48
0.0503534939
100
AcDbVertex
100
AcDb2dVertex
 10
82.0469830652
 20
-13.1473735171
 30
0.0
 40
0.0
 41
0.0
  0
VERTEX
  5
535
100
AcDbEntity
  8
EBENE_1
390
0
  6
Continuous
 62
       250
 48
0.0503534939
100
AcDbVertex
100
AcDb2dVertex
 10
81.9963446445
 20
-13.2203339776
 30
0.0
 40
0.0
 41
0.0
  0
VERTEX
  5
536
100
AcDbEntity
  8
EBENE_1
390
0
  6
Continuous
 62
       250
 48
0.0503534939
100
AcDbVertex
100
AcDb2dVertex
 10
81.9479451096
 20
-13.2946317314
 30
0.0
 40
0.0
 41
0.0
  0
VERTEX
  5
537
100
AcDbEntity
  8
EBENE_1
390
0
  6
Continuous
 62
       250
 48
0.0503534939
100
AcDbVertex
100
AcDb2dVertex
 10
81.9029261949
 20
-13.3709459029
 30
0.0
 40
0.0
 41
0.0
  0
VERTEX
  5
538
100
AcDbEntity
  8
EBENE_1
390
0
  6
Continuous
 62
       250
 48
0.0503534939
100
AcDbVertex
100
AcDb2dVertex
 10
81.8597976587
 20
-13.4493253561
 30
0.0
 40
0.0
 41
0.0
  0
VERTEX
  5
539
100
AcDbEntity
  8
EBENE_1
390
0
  6
Continuous
 62
       250
 48
0.0503534939
100
AcDbVertex
100
AcDb2dVertex
 10
81.8197903353
 20
-13.5302637352
 30
0.0
 40
0.0
 41
0.0
  0
VERTEX
  5
53A
100
AcDbEntity
  8
EBENE_1
390
0
  6
Continuous
 62
       250
 48
0.0503534939
100
AcDbVertex
100
AcDb2dVertex
 10
81.7817938421
 20
-13.6130285854
 30
0.0
 40
0.0
 41
0.0
  0
VERTEX
  5
53B
100
AcDbEntity
  8
EBENE_1
390
0
  6
Continuous
 62
       250
 48
0.0503534939
100
AcDbVertex
100
AcDb2dVertex
 10
81.7474771344
 20
-13.6972570525
 30
0.0
 40
0.0
 41
0.0
  0
VERTEX
  5
53C
100
AcDbEntity
  8
EBENE_1
390
0
  6
Continuous
 62
       250
 48
0.0503534939
100
AcDbVertex
100
AcDb2dVertex
 10
81.7156944829
 20
-13.7822977183
 30
0.0
 40
0.0
 41
0.0
  0
VERTEX
  5
53D
100
AcDbEntity
  8
EBENE_1
390
0
  6
Continuous
 62
       250
 48
0.0503534939
100
AcDbVertex
100
AcDb2dVertex
 10
81.6877915888
 20
-13.8683131467
 30
0.0
 40
0.0
 41
0.0
  0
VERTEX
  5
53E
100
AcDbEntity
  8
EBENE_1
390
0
  6
Continuous
 62
       250
 48
0.0503534939
100
AcDbVertex
100
AcDb2dVertex
 10
81.6624816965
 20
-13.9550023339
 30
0.0
 40
0.0
 41
0.0
  0
VERTEX
  5
53F
100
AcDbEntity
  8
EBENE_1
390
0
  6
Continuous
 62
       250
 48
0.0503534939
100
AcDbVertex
100
AcDb2dVertex
 10
81.6410149883
 20
-14.0428620539
 30
0.0
 40
0.0
 41
0.0
  0
VERTEX
  5
540
100
AcDbEntity
  8
EBENE_1
390
0
  6
Continuous
 62
       250
 48
0.0503534939
100
AcDbVertex
100
AcDb2dVertex
 10
81.621746505
 20
-14.1331517789
 30
0.0
 40
0.0
 41
0.0
  0
VERTEX
  5
541
100
AcDbEntity
  8
EBENE_1
390
0
  6
Continuous
 62
       250
 48
0.0503534939
100
AcDbVertex
100
AcDb2dVertex
 10
81.6062979526
 20
-14.2249834496
 30
0.0
 40
0.0
 41
0.0
  0
VERTEX
  5
542
100
AcDbEntity
  8
EBENE_1
390
0
  6
Continuous
 62
       250
 48
0.0503534939
100
AcDbVertex
100
AcDb2dVertex
 10
81.5935474684
 20
-14.3169436794
 30
0.0
 40
0.0
 41
0.0
  0
VERTEX
  5
543
100
AcDbEntity
  8
EBENE_1
390
0
  6
Continuous
 62
       250
 48
0.0503534939
100
AcDbVertex
100
AcDb2dVertex
 10
81.5848517755
 20
-14.409080081
 30
0.0
 40
0.0
 41
0.0
  0
VERTEX
  5
544
100
AcDbEntity
  8
EBENE_1
390
0
  6
Continuous
 62
       250
 48
0.0503534939
100
AcDbVertex
100
AcDb2dVertex
 10
81.5788738979
 20
-14.5012686355
 30
0.0
 40
0.0
 41
0.0
  0
VERTEX
  5
545
100
AcDbEntity
  8
EBENE_1
390
0
  6
Continuous
 62
       250
 48
0.0503534939
100
AcDbVertex
100
AcDb2dVertex
 10
81.5769813385
 20
-14.5932828291
 30
0.0
 40
0.0
 41
0.0
  0
VERTEX
  5
546
100
AcDbEntity
  8
EBENE_1
390
0
  6
Continuous
 62
       250
 48
0.0503534939
100
AcDbVertex
100
AcDb2dVertex
 10
81.57784445
 20
-14.6858915342
 30
0.0
 40
0.0
 41
0.0
  0
VERTEX
  5
547
100
AcDbEntity
  8
EBENE_1
390
0
  6
Continuous
 62
       250
 48
0.0503534939
100
AcDbVertex
100
AcDb2dVertex
 10
81.5828770068
 20
-14.7793723725
 30
0.0
 40
0.0
 41
0.0
  0
VERTEX
  5
548
100
AcDbEntity
  8
EBENE_1
390
0
  6
Continuous
 62
       250
 48
0.0503534939
100
AcDbVertex
100
AcDb2dVertex
 10
81.5906692842
 20
-14.8734516469
 30
0.0
 40
0.0
 41
0.0
  0
VERTEX
  5
549
100
AcDbEntity
  8
EBENE_1
390
0
  6
Continuous
 62
       250
 48
0.0503534939
100
AcDbVertex
100
AcDb2dVertex
 10
81.6025537831
 20
-14.9673635518
 30
0.0
 40
0.0
 41
0.0
  0
VERTEX
  5
54A
100
AcDbEntity
  8
EBENE_1
390
0
  6
Continuous
 62
       250
 48
0.0503534939
100
AcDbVertex
100
AcDb2dVertex
 10
81.6171293824
 20
-15.0606308164
 30
0.0
 40
0.0
 41
0.0
  0
VERTEX
  5
54B
100
AcDbEntity
  8
EBENE_1
390
0
  6
Continuous
 62
       250
 48
0.0503534939
100
AcDbVertex
100
AcDb2dVertex
 10
81.6357242101
 20
-15.1529059159
 30
0.0
 40
0.0
 41
0.0
  0
VERTEX
  5
54C
100
AcDbEntity
  8
EBENE_1
390
0
  6
Continuous
 62
       250
 48
0.0503534939
100
AcDbVertex
100
AcDb2dVertex
 10
81.6569975196
 20
-15.2444448321
 30
0.0
 40
0.0
 41
0.0
  0
VERTEX
  5
54D
100
AcDbEntity
  8
EBENE_1
390
0
  6
Continuous
 62
       250
 48
0.0503534939
100
AcDbVertex
100
AcDb2dVertex
 10
81.6822339425
 20
-15.3346461481
 30
0.0
 40
0.0
 41
0.0
  0
VERTEX
  5
54E
100
AcDbEntity
  8
EBENE_1
390
0
  6
Continuous
 62
       250
 48
0.0503534939
100
AcDbVertex
100
AcDb2dVertex
 10
81.7104923883
 20
-15.4252725185
 30
0.0
 40
0.0
 41
0.0
  0
VERTEX
  5
54F
100
AcDbEntity
  8
EBENE_1
390
0
  6
Continuous
 62
       250
 48
0.0503534939
100
AcDbVertex
100
AcDb2dVertex
 10
81.7433086389
 20
-15.5163182963
 30
0.0
 40
0.0
 41
0.0
  0
VERTEX
  5
550
100
AcDbEntity
  8
EBENE_1
390
0
  6
Continuous
 62
       250
 48
0.0503534939
100
AcDbVertex
100
AcDb2dVertex
 10
81.7786416117
 20
-15.6061143393
 30
0.0
 40
0.0
 41
0.0
  0
VERTEX
  5
551
100
AcDbEntity
  8
EBENE_1
390
0
  6
Continuous
 62
       250
 48
0.0503534939
100
AcDbVertex
100
AcDb2dVertex
 10
81.8177388042
 20
-15.6940466181
 30
0.0
 40
0.0
 41
0.0
  0
VERTEX
  5
552
100
AcDbEntity
  8
EBENE_1
390
0
  6
Continuous
 62
       250
 48
0.0503534939
100
AcDbVertex
100
AcDb2dVertex
 10
81.8592864761
 20
-15.7805758828
 30
0.0
 40
0.0
 41
0.0
  0
VERTEX
  5
553
100
AcDbEntity
  8
EBENE_1
390
0
  6
Continuous
 62
       250
 48
0.0503534939
100
AcDbVertex
100
AcDb2dVertex
 10
81.9044889725
 20
-15.8649733871
 30
0.0
 40
0.0
 41
0.0
  0
VERTEX
  5
554
100
AcDbEntity
  8
EBENE_1
390
0
  6
Continuous
 62
       250
 48
0.0503534939
100
AcDbVertex
100
AcDb2dVertex
 10
81.9521023088
 20
-15.9478746822
 30
0.0
 40
0.0
 41
0.0
  0
VERTEX
  5
555
100
AcDbEntity
  8
EBENE_1
390
0
  6
Continuous
 62
       250
 48
0.0503534939
100
AcDbVertex
100
AcDb2dVertex
 10
82.00416162
 20
-16.0297998129
 30
0.0
 40
0.0
 41
0.0
  0
VERTEX
  5
556
100
AcDbEntity
  8
EBENE_1
390
0
  6
Continuous
 62
       250
 48
0.0503534939
100
AcDbVertex
100
AcDb2dVertex
 10
82.0588819589
 20
-16.1106054614
 30
0.0
 40
0.0
 41
0.0
  0
VERTEX
  5
557
100
AcDbEntity
  8
EBENE_1
390
0
  6
Continuous
 62
       250
 48
0.0503534939
100
AcDbVertex
100
AcDb2dVertex
 10
82.1174681411
 20
-16.1895723086
 30
0.0
 40
0.0
 41
0.0
  0
VERTEX
  5
558
100
AcDbEntity
  8
EBENE_1
390
0
  6
Continuous
 62
       250
 48
0.0503534939
100
AcDbVertex
100
AcDb2dVertex
 10
82.1781540404
 20
-16.2665939516
 30
0.0
 40
0.0
 41
0.0
  0
VERTEX
  5
559
100
AcDbEntity
  8
EBENE_1
390
0
  6
Continuous
 62
       250
 48
0.0503534939
100
AcDbVertex
100
AcDb2dVertex
 10
82.241986392
 20
-16.3406995536
 30
0.0
 40
0.0
 41
0.0
  0
VERTEX
  5
55A
100
AcDbEntity
  8
EBENE_1
390
0
  6
Continuous
 62
       250
 48
0.0503534939
100
AcDbVertex
100
AcDb2dVertex
 10
82.3078077265
 20
-16.4127304641
 30
0.0
 40
0.0
 41
0.0
  0
VERTEX
  5
55B
100
AcDbEntity
  8
EBENE_1
390
0
  6
Continuous
 62
       250
 48
0.0503534939
100
AcDbVertex
100
AcDb2dVertex
 10
82.3766009751
 20
-16.4816036667
 30
0.0
 40
0.0
 41
0.0
  0
VERTEX
  5
55C
100
AcDbEntity
  8
EBENE_1
390
0
  6
Continuous
 62
       250
 48
0.0503534939
100
AcDbVertex
100
AcDb2dVertex
 10
82.447301516
 20
-16.548333785
 30
0.0
 40
0.0
 41
0.0
  0
VERTEX
  5
55D
100
AcDbEntity
  8
EBENE_1
390
0
  6
Continuous
 62
       250
 48
0.0503534939
100
AcDbVertex
100
AcDb2dVertex
 10
82.5232612733
 20
-16.6139685724
 30
0.0
 40
0.0
 41
0.0
  0
VERTEX
  5
55E
100
AcDbEntity
  8
EBENE_1
390
0
  6
Continuous
 62
       250
 48
0.0503534939
100
AcDbVertex
100
AcDb2dVertex
 10
82.6009544269
 20
-16.6772468594
 30
0.0
 40
0.0
 41
0.0
  0
VERTEX
  5
55F
100
AcDbEntity
  8
EBENE_1
390
0
  6
Continuous
 62
       250
 48
0.0503534939
100
AcDbVertex
100
AcDb2dVertex
 10
82.6810612705
 20
-16.7369024239
 30
0.0
 40
0.0
 41
0.0
  0
VERTEX
  5
560
100
AcDbEntity
  8
EBENE_1
390
0
  6
Continuous
 62
       250
 48
0.0503534939
100
AcDbVertex
100
AcDb2dVertex
 10
82.7626734436
 20
-16.7940591748
 30
0.0
 40
0.0
 41
0.0
  0
VERTEX
  5
561
100
AcDbEntity
  8
EBENE_1
390
0
  6
Continuous
 62
       250
 48
0.0503534939
100
AcDbVertex
100
AcDb2dVertex
 10
82.8465288302
 20
-16.8474596843
 30
0.0
 40
0.0
 41
0.0
  0
VERTEX
  5
562
100
AcDbEntity
  8
EBENE_1
390
0
  6
Continuous
 62
       250
 48
0.0503534939
100
AcDbVertex
100
AcDb2dVertex
 10
82.9317447063
 20
-16.8982667129
 30
0.0
 40
0.0
 41
0.0
  0
VERTEX
  5
563
100
AcDbEntity
  8
EBENE_1
390
0
  6
Continuous
 62
       250
 48
0.0503534939
100
AcDbVertex
100
AcDb2dVertex
 10
83.0199006371
 20
-16.9456152721
 30
0.0
 40
0.0
 41
0.0
  0
VERTEX
  5
564
100
AcDbEntity
  8
EBENE_1
390
0
  6
Continuous
 62
       250
 48
0.0503534939
100
AcDbVertex
100
AcDb2dVertex
 10
83.1099459121
 20
-16.9906115112
 30
0.0
 40
0.0
 41
0.0
  0
VERTEX
  5
565
100
AcDbEntity
  8
EBENE_1
390
0
  6
Continuous
 62
       250
 48
0.0503534939
100
AcDbVertex
100
AcDb2dVertex
 10
83.2030401569
 20
-17.0322033167
 30
0.0
 40
0.0
 41
0.0
  0
VERTEX
  5
566
100
AcDbEntity
  8
EBENE_1
390
0
  6
Continuous
 62
       250
 48
0.0503534939
100
AcDbVertex
100
AcDb2dVertex
 10
83.2971233922
 20
-17.0710144307
 30
0.0
 40
0.0
 41
0.0
  0
VERTEX
  5
567
100
AcDbEntity
  8
EBENE_1
390
0
  6
Continuous
 62
       250
 48
0.0503534939
100
AcDbVertex
100
AcDb2dVertex
 10
83.3925079282
 20
-17.1055748101
 30
0.0
 40
0.0
 41
0.0
  0
VERTEX
  5
568
100
AcDbEntity
  8
EBENE_1
390
0
  6
Continuous
 62
       250
 48
0.0503534939
100
AcDbVertex
100
AcDb2dVertex
 10
83.4886302712
 20
-17.1372602674
 30
0.0
 40
0.0
 41
0.0
  0
VERTEX
  5
569
100
AcDbEntity
  8
EBENE_1
390
0
  6
Continuous
 62
       250
 48
0.0503534939
100
AcDbVertex
100
AcDb2dVertex
 10
83.5858454563
 20
-17.1646016667
 30
0.0
 40
0.0
 41
0.0
  0
VERTEX
  5
56A
100
AcDbEntity
  8
EBENE_1
390
0
  6
Continuous
 62
       250
 48
0.0503534939
100
AcDbVertex
100
AcDb2dVertex
 10
83.683633056
 20
-17.1890034223
 30
0.0
 40
0.0
 41
0.0
  0
VERTEX
  5
56B
100
AcDbEntity
  8
EBENE_1
390
0
  6
Continuous
 62
       250
 48
0.0503534939
100
AcDbVertex
100
AcDb2dVertex
 10
83.7842597326
 20
-17.2094475378
 30
0.0
 40
0.0
 41
0.0
  0
VERTEX
  5
56C
100
AcDbEntity
  8
EBENE_1
390
0
  6
Continuous
 62
       250
 48
0.0503534939
100
AcDbVertex
100
AcDb2dVertex
 10
83.8867061277
 20
-17.2271766403
 30
0.0
 40
0.0
 41
0.0
  0
VERTEX
  5
56D
100
AcDbEntity
  8
EBENE_1
390
0
  6
Continuous
 62
       250
 48
0.0503534939
100
AcDbVertex
100
AcDb2dVertex
 10
83.9893457794
 20
-17.2403881733
 30
0.0
 40
0.0
 41
0.0
  0
VERTEX
  5
56E
100
AcDbEntity
  8
EBENE_1
390
0
  6
Continuous
 62
       250
 48
0.0503534939
100
AcDbVertex
100
AcDb2dVertex
 10
84.0921597728
 20
-17.2506025884
 30
0.0
 40
0.0
 41
0.0
  0
VERTEX
  5
56F
100
AcDbEntity
  8
EBENE_1
390
0
  6
Continuous
 62
       250
 48
0.0503534939
100
AcDbVertex
100
AcDb2dVertex
 10
84.1950413644
 20
-17.25628528
 30
0.0
 40
0.0
 41
0.0
  0
VERTEX
  5
570
100
AcDbEntity
  8
EBENE_1
390
0
  6
Continuous
 62
       250
 48
0.0503534939
100
AcDbVertex
100
AcDb2dVertex
 10
84.297841249
 20
-17.2589436989
 30
0.0
 40
0.0
 41
0.0
  0
VERTEX
  5
571
100
AcDbEntity
  8
EBENE_1
390
0
  6
Continuous
 62
       250
 48
0.0503534939
100
AcDbVertex
100
AcDb2dVertex
 10
84.4009959396
 20
-17.2570183416
 30
0.0
 40
0.0
 41
0.0
  0
VERTEX
  5
572
100
AcDbEntity
  8
EBENE_1
390
0
  6
Continuous
 62
       250
 48
0.0503534939
100
AcDbVertex
100
AcDb2dVertex
 10
84.5049325827
 20
-17.251984476
 30
0.0
 40
0.0
 41
0.0
  0
VERTEX
  5
573
100
AcDbEntity
  8
EBENE_1
390
0
  6
Continuous
 62
       250
 48
0.0503534939
100
AcDbVertex
100
AcDb2dVertex
 10
84.6094788064
 20
-17.2423463534
 30
0.0
 40
0.0
 41
0.0
  0
VERTEX
  5
574
100
AcDbEntity
  8
EBENE_1
390
0
  6
Continuous
 62
       250
 48
0.0503534939
100
AcDbVertex
100
AcDb2dVertex
 10
84.7142205359
 20
-17.2296435725
 30
0.0
 40
0.0
 41
0.0
  0
VERTEX
  5
575
100
AcDbEntity
  8
EBENE_1
390
0
  6
Continuous
 62
       250
 48
0.0503534939
100
AcDbVertex
100
AcDb2dVertex
 10
84.8178644418
 20
-17.2124616984
 30
0.0
 40
0.0
 41
0.0
  0
VERTEX
  5
576
100
AcDbEntity
  8
EBENE_1
390
0
  6
Continuous
 62
       250
 48
0.0503534939
100
AcDbVertex
100
AcDb2dVertex
 10
84.9208144723
 20
-17.1922971633
 30
0.0
 40
0.0
 41
0.0
  0
VERTEX
  5
577
100
AcDbEntity
  8
EBENE_1
390
0
  6
Continuous
 62
       250
 48
0.0503534939
100
AcDbVertex
100
AcDb2dVertex
 10
85.0225232587
 20
-17.167681264
 30
0.0
 40
0.0
 41
0.0
  0
VERTEX
  5
578
100
AcDbEntity
  8
EBENE_1
390
0
  6
Continuous
 62
       250
 48
0.0503534939
100
AcDbVertex
100
AcDb2dVertex
 10
85.1232793615
 20
-17.1401138474
 30
0.0
 40
0.0
 41
0.0
  0
VERTEX
  5
579
100
AcDbEntity
  8
EBENE_1
390
0
  6
Continuous
 62
       250
 48
0.0503534939
100
AcDbVertex
100
AcDb2dVertex
 10
85.2235352756
 20
-17.1078586267
 30
0.0
 40
0.0
 41
0.0
  0
VERTEX
  5
57A
100
AcDbEntity
  8
EBENE_1
390
0
  6
Continuous
 62
       250
 48
0.0503534939
100
AcDbVertex
100
AcDb2dVertex
 10
85.3245975463
 20
-17.0720587821
 30
0.0
 40
0.0
 41
0.0
  0
VERTEX
  5
57B
100
AcDbEntity
  8
EBENE_1
390
0
  6
Continuous
 62
       250
 48
0.0503534939
100
AcDbVertex
100
AcDb2dVertex
 10
85.4240410541
 20
-17.031891913
 30
0.0
 40
0.0
 41
0.0
  0
VERTEX
  5
57C
100
AcDbEntity
  8
EBENE_1
390
0
  6
Continuous
 62
       250
 48
0.0503534939
100
AcDbVertex
100
AcDb2dVertex
 10
85.5221068957
 20
-16.9889411613
 30
0.0
 40
0.0
 41
0.0
  0
VERTEX
  5
57D
100
AcDbEntity
  8
EBENE_1
390
0
  6
Continuous
 62
       250
 48
0.0503534939
100
AcDbVertex
100
AcDb2dVertex
 10
85.6178368122
 20
-16.9419223513
 30
0.0
 40
0.0
 41
0.0
  0
VERTEX
  5
57E
100
AcDbEntity
  8
EBENE_1
390
0
  6
Continuous
 62
       250
 48
0.0503534939
100
AcDbVertex
100
AcDb2dVertex
 10
85.712032401
 20
-16.8921855032
 30
0.0
 40
0.0
 41
0.0
  0
VERTEX
  5
57F
100
AcDbEntity
  8
EBENE_1
390
0
  6
Continuous
 62
       250
 48
0.0503534939
100
AcDbVertex
100
AcDb2dVertex
 10
85.8038878748
 20
-16.8383597887
 30
0.0
 40
0.0
 41
0.0
  0
VERTEX
  5
580
100
AcDbEntity
  8
EBENE_1
390
0
  6
Continuous
 62
       250
 48
0.0503534939
100
AcDbVertex
100
AcDb2dVertex
 10
85.8948400783
 20
-16.7813552736
 30
0.0
 40
0.0
 41
0.0
  0
VERTEX
  5
581
100
AcDbEntity
  8
EBENE_1
390
0
  6
Continuous
 62
       250
 48
0.0503534939
100
AcDbVertex
100
AcDb2dVertex
 10
85.9838848016
 20
-16.7199428209
 30
0.0
 40
0.0
 41
0.0
  0
VERTEX
  5
582
100
AcDbEntity
  8
EBENE_1
390
0
  6
Continuous
 62
       250
 48
0.0503534939
100
AcDbVertex
100
AcDb2dVertex
 10
86.071754828
 20
-16.6555406887
 30
0.0
 40
0.0
 41
0.0
  0
VERTEX
  5
583
100
AcDbEntity
  8
EBENE_1
390
0
  6
Continuous
 62
       250
 48
0.0503534939
100
AcDbVertex
100
AcDb2dVertex
 10
86.1566380612
 20
-16.5874696632
 30
0.0
 40
0.0
 41
0.0
  0
VERTEX
  5
584
100
AcDbEntity
  8
EBENE_1
390
0
  6
Continuous
 62
       250
 48
0.0503534939
100
AcDbVertex
100
AcDb2dVertex
 10
86.2393666088
 20
-16.5170676732
 30
0.0
 40
0.0
 41
0.0
  0
VERTEX
  5
585
100
AcDbEntity
  8
EBENE_1
390
0
  6
Continuous
 62
       250
 48
0.0503534939
100
AcDbVertex
100
AcDb2dVertex
 10
86.3186501884
 20
-16.4433624813
 30
0.0
 40
0.0
 41
0.0
  0
VERTEX
  5
586
100
AcDbEntity
  8
EBENE_1
390
0
  6
Continuous
 62
       250
 48
0.0503534939
100
AcDbVertex
100
AcDb2dVertex
 10
86.3956330605
 20
-16.3674349727
 30
0.0
 40
0.0
 41
0.0
  0
VERTEX
  5
587
100
AcDbEntity
  8
EBENE_1
390
0
  6
Continuous
 62
       250
 48
0.0503534939
100
AcDbVertex
100
AcDb2dVertex
 10
86.4692681681
 20
-16.2880750575
 30
0.0
 40
0.0
 41
0.0
  0
VERTEX
  5
588
100
AcDbEntity
  8
EBENE_1
390
0
  6
Continuous
 62
       250
 48
0.0503534939
100
AcDbVertex
100
AcDb2dVertex
 10
86.5418039579
 20
-16.2051595377
 30
0.0
 40
0.0
 41
0.0
  0
VERTEX
  5
589
100
AcDbEntity
  8
EBENE_1
390
0
  6
Continuous
 62
       250
 48
0.0503534939
100
AcDbVertex
100
AcDb2dVertex
 10
86.6111702441
 20
-16.118537455
 30
0.0
 40
0.0
 41
0.0
  0
VERTEX
  5
58A
100
AcDbEntity
  8
EBENE_1
390
0
  6
Continuous
 62
       250
 48
0.0503534939
100
AcDbVertex
100
AcDb2dVertex
 10
86.6778304251
 20
-16.0301810951
 30
0.0
 40
0.0
 41
0.0
  0
VERTEX
  5
58B
100
AcDbEntity
  8
EBENE_1
390
0
  6
Continuous
 62
       250
 48
0.0503534939
100
AcDbVertex
100
AcDb2dVertex
 10
86.740407491
 20
-15.9392494973
 30
0.0
 40
0.0
 41
0.0
  0
VERTEX
  5
58C
100
AcDbEntity
  8
EBENE_1
390
0
  6
Continuous
 62
       250
 48
0.0503534939
100
AcDbVertex
100
AcDb2dVertex
 10
86.8002088949
 20
-15.8466658862
 30
0.0
 40
0.0
 41
0.0
  0
VERTEX
  5
58D
100
AcDbEntity
  8
EBENE_1
390
0
  6
Continuous
 62
       250
 48
0.0503534939
100
AcDbVertex
100
AcDb2dVertex
 10
86.855705788
 20
-15.751835542
 30
0.0
 40
0.0
 41
0.0
  0
VERTEX
  5
58E
100
AcDbEntity
  8
EBENE_1
390
0
  6
Continuous
 62
       250
 48
0.0503534939
100
AcDbVertex
100
AcDb2dVertex
 10
86.9086407938
 20
-15.6548817648
 30
0.0
 40
0.0
 41
0.0
  0
VERTEX
  5
58F
100
AcDbEntity
  8
EBENE_1
390
0
  6
Continuous
 62
       250
 48
0.0503534939
100
AcDbVertex
100
AcDb2dVertex
 10
86.9576750706
 20
-15.5547662246
 30
0.0
 40
0.0
 41
0.0
  0
VERTEX
  5
590
100
AcDbEntity
  8
EBENE_1
390
0
  6
Continuous
 62
       250
 48
0.0503534939
100
AcDbVertex
100
AcDb2dVertex
 10
87.0041203316
 20
-15.4525664957
 30
0.0
 40
0.0
 41
0.0
  0
VERTEX
  5
591
100
AcDbEntity
  8
EBENE_1
390
0
  6
Continuous
 62
       250
 48
0.0503534939
100
AcDbVertex
100
AcDb2dVertex
 10
87.0461977093
 20
-15.3482200083
 30
0.0
 40
0.0
 41
0.0
  0
VERTEX
  5
592
100
AcDbEntity
  8
EBENE_1
390
0
  6
Continuous
 62
       250
 48
0.0503534939
100
AcDbVertex
100
AcDb2dVertex
 10
87.0851297246
 20
-15.2429478676
 30
0.0
 40
0.0
 41
0.0
  0
VERTEX
  5
593
100
AcDbEntity
  8
EBENE_1
390
0
  6
Continuous
 62
       250
 48
0.0503534939
100
AcDbVertex
100
AcDb2dVertex
 10
87.1193397663
 20
-15.1363343486
 30
0.0
 40
0.0
 41
0.0
  0
VERTEX
  5
594
100
AcDbEntity
  8
EBENE_1
390
0
  6
Continuous
 62
       250
 48
0.0503534939
100
AcDbVertex
100
AcDb2dVertex
 10
87.1503616241
 20
-15.0289089761
 30
0.0
 40
0.0
 41
0.0
  0
VERTEX
  5
595
100
AcDbEntity
  8
EBENE_1
390
0
  6
Continuous
 62
       250
 48
0.0503534939
100
AcDbVertex
100
AcDb2dVertex
 10
87.1765290627
 20
-14.9205126554
 30
0.0
 40
0.0
 41
0.0
  0
VERTEX
  5
596
100
AcDbEntity
  8
EBENE_1
390
0
  6
Continuous
 62
       250
 48
0.0503534939
100
AcDbVertex
100
AcDb2dVertex
 10
87.1997577159
 20
-14.8101494957
 30
0.0
 40
0.0
 41
0.0
  0
VERTEX
  5
597
100
AcDbEntity
  8
EBENE_1
390
0
  6
Continuous
 62
       250
 48
0.0503534939
100
AcDbVertex
100
AcDb2dVertex
 10
87.2184413314
 20
-14.6970429337
 30
0.0
 40
0.0
 41
0.0
  0
VERTEX
  5
598
100
AcDbEntity
  8
EBENE_1
390
0
  6
Continuous
 62
       250
 48
0.0503534939
100
AcDbVertex
100
AcDb2dVertex
 10
87.2338068652
 20
-14.5837315303
 30
0.0
 40
0.0
 41
0.0
  0
VERTEX
  5
599
100
AcDbEntity
  8
EBENE_1
390
0
  6
Continuous
 62
       250
 48
0.0503534939
100
AcDbVertex
100
AcDb2dVertex
 10
87.2442115728
 20
-14.4701290063
 30
0.0
 40
0.0
 41
0.0
  0
VERTEX
  5
59A
100
AcDbEntity
  8
EBENE_1
390
0
  6
Continuous
 62
       250
 48
0.0503534939
100
AcDbVertex
100
AcDb2dVertex
 10
87.2512806107
 20
-14.3565176722
 30
0.0
 40
0.0
 41
0.0
  0
VERTEX
  5
59B
100
AcDbEntity
  8
EBENE_1
390
0
  6
Continuous
 62
       250
 48
0.0503534939
100
AcDbVertex
100
AcDb2dVertex
 10
87.253351953
 20
-14.2429474725
 30
0.0
 40
0.0
 41
0.0
  0
VERTEX
  5
59C
100
AcDbEntity
  8
EBENE_1
390
0
  6
Continuous
 62
       250
 48
0.0503534939
100
AcDbVertex
100
AcDb2dVertex
 10
87.252077079
 20
-14.1295009007
 30
0.0
 40
0.0
 41
0.0
  0
VERTEX
  5
59D
100
AcDbEntity
  8
EBENE_1
390
0
  6
Continuous
 62
       250
 48
0.0503534939
100
AcDbVertex
100
AcDb2dVertex
 10
87.2456745171
 20
-14.014745006
 30
0.0
 40
0.0
 41
0.0
  0
VERTEX
  5
59E
100
AcDbEntity
  8
EBENE_1
390
0
  6
Continuous
 62
       250
 48
0.0503534939
100
AcDbVertex
100
AcDb2dVertex
 10
87.2358850744
 20
-13.8997065246
 30
0.0
 40
0.0
 41
0.0
  0
VERTEX
  5
59F
100
AcDbEntity
  8
EBENE_1
390
0
  6
Continuous
 62
       250
 48
0.0503534939
100
AcDbVertex
100
AcDb2dVertex
 10
87.2210472616
 20
-13.7844738687
 30
0.0
 40
0.0
 41
0.0
  0
VERTEX
  5
5A0
100
AcDbEntity
  8
EBENE_1
390
0
  6
Continuous
 62
       250
 48
0.0503534939
100
AcDbVertex
100
AcDb2dVertex
 10
87.2029149378
 20
-13.6699912745
 30
0.0
 40
0.0
 41
0.0
  0
VERTEX
  5
5A1
100
AcDbEntity
  8
EBENE_1
390
0
  6
Continuous
 62
       250
 48
0.0503534939
100
AcDbVertex
100
AcDb2dVertex
 10
87.1798507944
 20
-13.5566559901
 30
0.0
 40
0.0
 41
0.0
  0
VERTEX
  5
5A2
100
AcDbEntity
  8
EBENE_1
390
0
  6
Continuous
 62
       250
 48
0.0503534939
100
AcDbVertex
100
AcDb2dVertex
 10
87.1535334063
 20
-13.444268514
 30
0.0
 40
0.0
 41
0.0
  0
VERTEX
  5
5A3
100
AcDbEntity
  8
EBENE_1
390
0
  6
Continuous
 62
       250
 48
0.0503534939
100
AcDbVertex
100
AcDb2dVertex
 10
87.1223295091
 20
-13.3333704274
 30
0.0
 40
0.0
 41
0.0
  0
VERTEX
  5
5A4
100
AcDbEntity
  8
EBENE_1
390
0
  6
Continuous
 62
       250
 48
0.0503534939
100
AcDbVertex
100
AcDb2dVertex
 10
87.0879197135
 20
-13.2235522931
 30
0.0
 40
0.0
 41
0.0
  0
VERTEX
  5
5A5
100
AcDbEntity
  8
EBENE_1
390
0
  6
Continuous
 62
       250
 48
0.0503534939
100
AcDbVertex
100
AcDb2dVertex
 10
87.0476521494
 20
-13.1123553262
 30
0.0
 40
0.0
 41
0.0
  0
VERTEX
  5
5A6
100
AcDbEntity
  8
EBENE_1
390
0
  6
Continuous
 62
       250
 48
0.0503534939
100
AcDbVertex
100
AcDb2dVertex
 10
87.0042401702
 20
-13.0025573536
 30
0.0
 40
0.0
 41
0.0
  0
VERTEX
  5
5A7
100
AcDbEntity
  8
EBENE_1
390
0
  6
Continuous
 62
       250
 48
0.0503534939
100
AcDbVertex
100
AcDb2dVertex
 10
86.9562409069
 20
-12.8950530438
 30
0.0
 40
0.0
 41
0.0
  0
VERTEX
  5
5A8
100
AcDbEntity
  8
EBENE_1
390
0
  6
Continuous
 62
       250
 48
0.0503534939
100
AcDbVertex
100
AcDb2dVertex
 10
86.9052409903
 20
-12.7892159168
 30
0.0
 40
0.0
 41
0.0
  0
VERTEX
  5
5A9
100
AcDbEntity
  8
EBENE_1
390
0
  6
Continuous
 62
       250
 48
0.0503534939
100
AcDbVertex
100
AcDb2dVertex
 10
86.8497573583
 20
-12.6859144431
 30
0.0
 40
0.0
 41
0.0
  0
VERTEX
  5
5AA
100
AcDbEntity
  8
EBENE_1
390
0
  6
Continuous
 62
       250
 48
0.0503534939
100
AcDbVertex
100
AcDb2dVertex
 10
86.7913666002
 20
-12.5844622881
 30
0.0
 40
0.0
 41
0.0
  0
VERTEX
  5
5AB
100
AcDbEntity
  8
EBENE_1
390
0
  6
Continuous
 62
       250
 48
0.0503534939
100
AcDbVertex
100
AcDb2dVertex
 10
86.7280605665
 20
-12.4849848864
 30
0.0
 40
0.0
 41
0.0
  0
VERTEX
  5
5AC
100
AcDbEntity
  8
EBENE_1
390
0
  6
Continuous
 62
       250
 48
0.0503534939
100
AcDbVertex
100
AcDb2dVertex
 10
86.6615273344
 20
-12.3869142648
 30
0.0
 40
0.0
 41
0.0
  0
VERTEX
  5
5AD
100
AcDbEntity
  8
EBENE_1
390
0
  6
Continuous
 62
       250
 48
0.0503534939
100
AcDbVertex
100
AcDb2dVertex
 10
86.5900407093
 20
-12.2907711285
 30
0.0
 40
0.0
 41
0.0
  0
VERTEX
  5
5AE
100
AcDbEntity
  8
EBENE_1
390
0
  6
Continuous
 62
       250
 48
0.0503534939
100
AcDbVertex
100
AcDb2dVertex
 10
86.5159173167
 20
-12.1968830575
 30
0.0
 40
0.0
 41
0.0
  0
VERTEX
  5
5AF
100
AcDbEntity
  8
EBENE_1
390
0
  6
Continuous
 62
       250
 48
0.0503534939
100
AcDbVertex
100
AcDb2dVertex
 10
86.4379748542
 20
-12.1065574591
 30
0.0
 40
0.0
 41
0.0
  0
VERTEX
  5
5B0
100
AcDbEntity
  8
EBENE_1
390
0
  6
Continuous
 62
       250
 48
0.0503534939
100
AcDbVertex
100
AcDb2dVertex
 10
86.3575897681
 20
-12.0187144584
 30
0.0
 40
0.0
 41
0.0
  0
VERTEX
  5
5B1
100
AcDbEntity
  8
EBENE_1
390
0
  6
Continuous
 62
       250
 48
0.0503534939
100
AcDbVertex
100
AcDb2dVertex
 10
86.2735595436
 20
-11.9346502676
 30
0.0
 40
0.0
 41
0.0
  0
VERTEX
  5
5B2
100
AcDbEntity
  8
EBENE_1
390
0
  6
Continuous
 62
       250
 48
0.0503534939
100
AcDbVertex
100
AcDb2dVertex
 10
86.1872227341
 20
-11.8532280807
 30
0.0
 40
0.0
 41
0.0
  0
VERTEX
  5
5B3
100
AcDbEntity
  8
EBENE_1
390
0
  6
Continuous
 62
       250
 48
0.0503534939
100
AcDbVertex
100
AcDb2dVertex
 10
86.095968592
 20
-11.774450515
 30
0.0
 40
0.0
 41
0.0
  0
VERTEX
  5
5B4
100
AcDbEntity
  8
EBENE_1
390
0
  6
Continuous
 62
       250
 48
0.0503534939
100
AcDbVertex
100
AcDb2dVertex
 10
86.0014757938
 20
-11.6975541197
 30
0.0
 40
0.0
 41
0.0
  0
VERTEX
  5
5B5
100
AcDbEntity
  8
EBENE_1
390
0
  6
Continuous
 62
       250
 48
0.0503534939
100
AcDbVertex
100
AcDb2dVertex
 10
85.9041199354
 20
-11.6251194292
 30
0.0
 40
0.0
 41
0.0
  0
VERTEX
  5
5B6
100
AcDbEntity
  8
EBENE_1
390
0
  6
Continuous
 62
       250
 48
0.0503534939
100
AcDbVertex
100
AcDb2dVertex
 10
85.8048374487
 20
-11.5556331061
 30
0.0
 40
0.0
 41
0.0
  0
VERTEX
  5
5B7
100
AcDbEntity
  8
EBENE_1
390
0
  6
Continuous
 62
       250
 48
0.0503534939
100
AcDbVertex
100
AcDb2dVertex
 10
85.7028403578
 20
-11.4907092027
 30
0.0
 40
0.0
 41
0.0
  0
VERTEX
  5
5B8
100
AcDbEntity
  8
EBENE_1
390
0
  6
Continuous
 62
       250
 48
0.0503534939
100
AcDbVertex
100
AcDb2dVertex
 10
85.5991548038
 20
-11.4289004372
 30
0.0
 40
0.0
 41
0.0
  0
VERTEX
  5
5B9
100
AcDbEntity
  8
EBENE_1
390
0
  6
Continuous
 62
       250
 48
0.0503534939
100
AcDbVertex
100
AcDb2dVertex
 10
85.4925332278
 20
-11.3715869061
 30
0.0
 40
0.0
 41
0.0
  0
VERTEX
  5
5BA
100
AcDbEntity
  8
EBENE_1
390
0
  6
Continuous
 62
       250
 48
0.0503534939
100
AcDbVertex
100
AcDb2dVertex
 10
85.3834772922
 20
-11.3170574913
 30
0.0
 40
0.0
 41
0.0
  0
VERTEX
  5
5BB
100
AcDbEntity
  8
EBENE_1
390
0
  6
Continuous
 62
       250
 48
0.0503534939
100
AcDbVertex
100
AcDb2dVertex
 10
85.2713165062
 20
-11.2669432569
 30
0.0
 40
0.0
 41
0.0
  0
VERTEX
  5
5BC
100
AcDbEntity
  8
EBENE_1
390
0
  6
Continuous
 62
       250
 48
0.0503534939
100
AcDbVertex
100
AcDb2dVertex
 10
85.1572872604
 20
-11.2198809252
 30
0.0
 40
0.0
 41
0.0
  0
VERTEX
  5
5BD
100
AcDbEntity
  8
EBENE_1
390
0
  6
Continuous
 62
       250
 48
0.0503534939
100
AcDbVertex
100
AcDb2dVertex
 10
85.0417287641
 20
-11.1779804125
 30
0.0
 40
0.0
 41
0.0
  0
VERTEX
  5
5BE
100
AcDbEntity
  8
EBENE_1
390
0
  6
Continuous
 62
       250
 48
0.0503534939
100
AcDbVertex
100
AcDb2dVertex
 10
84.9251372942
 20
-11.1395063636
 30
0.0
 40
0.0
 41
0.0
  0
VERTEX
  5
5BF
100
AcDbEntity
  8
EBENE_1
390
0
  6
Continuous
 62
       250
 48
0.0503534939
100
AcDbVertex
100
AcDb2dVertex
 10
84.8072066243
 20
-11.1062580684
 30
0.0
 40
0.0
 41
0.0
  0
VERTEX
  5
5C0
100
AcDbEntity
  8
EBENE_1
390
0
  6
Continuous
 62
       250
 48
0.0503534939
100
AcDbVertex
100
AcDb2dVertex
 10
84.6885119821
 20
-11.0765457151
 30
0.0
 40
0.0
 41
0.0
  0
VERTEX
  5
5C1
100
AcDbEntity
  8
EBENE_1
390
0
  6
Continuous
 62
       250
 48
0.0503534939
100
AcDbVertex
100
AcDb2dVertex
 10
84.5677873781
 20
-11.0519242337
 30
0.0
 40
0.0
 41
0.0
  0
VERTEX
  5
5C2
100
AcDbEntity
  8
EBENE_1
390
0
  6
Continuous
 62
       250
 48
0.0503534939
100
AcDbVertex
100
AcDb2dVertex
 10
84.4445496786
 20
-11.0305118205
 30
0.0
 40
0.0
 41
0.0
  0
VERTEX
  5
5C3
100
AcDbEntity
  8
EBENE_1
390
0
  6
Continuous
 62
       250
 48
0.0503534939
100
AcDbVertex
100
AcDb2dVertex
 10
84.3204745581
 20
-11.0144710691
 30
0.0
 40
0.0
 41
0.0
  0
VERTEX
  5
5C4
100
AcDbEntity
  8
EBENE_1
390
0
  6
Continuous
 62
       250
 48
0.0503534939
100
AcDbVertex
100
AcDb2dVertex
 10
84.196179931
 20
-11.0020474408
 30
0.0
 40
0.0
 41
0.0
  0
VERTEX
  5
5C5
100
AcDbEntity
  8
EBENE_1
390
0
  6
Continuous
 62
       250
 48
0.0503534939
100
AcDbVertex
100
AcDb2dVertex
 10
84.0718666846
 20
-10.9950857113
 30
0.0
 40
0.0
 41
0.0
  0
VERTEX
  5
5C6
100
AcDbEntity
  8
EBENE_1
390
0
  6
Continuous
 62
       250
 48
0.0503534939
100
AcDbVertex
100
AcDb2dVertex
 10
83.9475333321
 20
-10.9917581048
 30
0.0
 40
0.0
 41
0.0
  0
VERTEX
  5
5C7
100
AcDbEntity
  8
EBENE_1
390
0
  6
Continuous
 62
       250
 48
0.0503534939
100
AcDbVertex
100
AcDb2dVertex
 10
83.8232228321
 20
-10.9939119248
 30
0.0
 40
0.0
 41
0.0
  0
VERTEX
  5
5C8
100
AcDbEntity
  8
EBENE_1
390
0
  6
Continuous
 62
       250
 48
0.0503534939
100
AcDbVertex
100
AcDb2dVertex
 10
83.6981412179
 20
-10.9997954594
 30
0.0
 40
0.0
 41
0.0
  0
VERTEX
  5
5C9
100
AcDbEntity
  8
EBENE_1
390
0
  6
Continuous
 62
       250
 48
0.0503534939
100
AcDbVertex
100
AcDb2dVertex
 10
83.5726071399
 20
-11.0112356544
 30
0.0
 40
0.0
 41
0.0
  0
VERTEX
  5
5CA
100
AcDbEntity
  8
EBENE_1
390
0
  6
Continuous
 62
       250
 48
0.0503534939
100
AcDbVertex
100
AcDb2dVertex
 10
83.4466887181
 20
-11.0263774244
 30
0.0
 40
0.0
 41
0.0
  0
VERTEX
  5
5CB
100
AcDbEntity
  8
EBENE_1
390
0
  6
Continuous
 62
       250
 48
0.0503534939
100
AcDbVertex
100
AcDb2dVertex
 10
83.3216928387
 20
-11.0469509672
 30
0.0
 40
0.0
 41
0.0
  0
VERTEX
  5
5CC
100
AcDbEntity
  8
EBENE_1
390
0
  6
Continuous
 62
       250
 48
0.0503534939
100
AcDbVertex
100
AcDb2dVertex
 10
83.1975286607
 20
-11.0711201344
 30
0.0
 40
0.0
 41
0.0
  0
VERTEX
  5
5CD
100
AcDbEntity
  8
EBENE_1
390
0
  6
Continuous
 62
       250
 48
0.0503534939
100
AcDbVertex
100
AcDb2dVertex
 10
83.0749118146
 20
-11.1006141428
 30
0.0
 40
0.0
 41
0.0
  0
VERTEX
  5
5CE
100
AcDbEntity
  8
EBENE_1
390
0
  6
Continuous
 62
       250
 48
0.0503534939
100
AcDbVertex
100
AcDb2dVertex
 10
82.9533317927
 20
-11.1336728865
 30
0.0
 40
0.0
 41
0.0
  0
VERTEX
  5
5CF
100
AcDbEntity
  8
EBENE_1
390
0
  6
Continuous
 62
       250
 48
0.0503534939
100
AcDbVertex
100
AcDb2dVertex
 10
82.8331955567
 20
-11.1721098953
 30
0.0
 40
0.0
 41
0.0
  0
VERTEX
  5
5D0
100
AcDbEntity
  8
EBENE_1
390
0
  6
Continuous
 62
       250
 48
0.0503534939
100
AcDbVertex
100
AcDb2dVertex
 10
82.7124327932
 20
-11.2146801986
 30
0.0
 40
0.0
 41
0.0
  0
VERTEX
  5
5D1
100
AcDbEntity
  8
EBENE_1
390
0
  6
Continuous
 62
       250
 48
0.0503534939
100
AcDbVertex
100
AcDb2dVertex
 10
82.5928882583
 20
-11.2627633226
 30
0.0
 40
0.0
 41
0.0
  0
VERTEX
  5
5D2
100
AcDbEntity
  8
EBENE_1
390
0
  6
Continuous
 62
       250
 48
0.0503534939
100
AcDbVertex
100
AcDb2dVertex
 10
82.475057844
 20
-11.3141570087
 30
0.0
 40
0.0
 41
0.0
  0
VERTEX
  5
5D3
100
AcDbEntity
  8
EBENE_1
390
0
  6
Continuous
 62
       250
 48
0.0503534939
100
AcDbVertex
100
AcDb2dVertex
 10
82.3598497395
 20
-11.3704982647
 30
0.0
 40
0.0
 41
0.0
  0
VERTEX
  5
5D4
100
AcDbEntity
  8
EBENE_1
390
0
  6
Continuous
 62
       250
 48
0.0503534939
100
AcDbVertex
100
AcDb2dVertex
 10
82.2464843533
 20
-11.4301007561
 30
0.0
 40
0.0
 41
0.0
  0
VERTEX
  5
5D5
100
AcDbEntity
  8
EBENE_1
390
0
  6
Continuous
 62
       250
 48
0.0503534939
100
AcDbVertex
100
AcDb2dVertex
 10
82.1361382692
 20
-11.494453586
 30
0.0
 40
0.0
 41
0.0
  0
VERTEX
  5
5D6
100
AcDbEntity
  8
EBENE_1
390
0
  6
Continuous
 62
       250
 48
0.0503534939
100
AcDbVertex
100
AcDb2dVertex
 10
82.0272341101
 20
-11.5623668419
 30
0.0
 40
0.0
 41
0.0
  0
VERTEX
  5
5D7
100
AcDbEntity
  8
EBENE_1
390
0
  6
Continuous
 62
       250
 48
0.0503534939
100
AcDbVertex
100
AcDb2dVertex
 10
81.9205791403
 20
-11.6356131676
 30
0.0
 40
0.0
 41
0.0
  0
VERTEX
  5
5D8
100
AcDbEntity
  8
EBENE_1
390
0
  6
Continuous
 62
       250
 48
0.0503534939
100
AcDbVertex
100
AcDb2dVertex
 10
81.8154578159
 20
-11.7123633826
 30
0.0
 40
0.0
 41
0.0
  0
VERTEX
  5
5D9
100
AcDbEntity
  8
EBENE_1
390
0
  6
Continuous
 62
       250
 48
0.0503534939
100
AcDbVertex
100
AcDb2dVertex
 10
81.7135675708
 20
-11.7937368076
 30
0.0
 40
0.0
 41
0.0
  0
VERTEX
  5
5DA
100
AcDbEntity
  8
EBENE_1
390
0
  6
Continuous
 62
       250
 48
0.0503534939
100
AcDbVertex
100
AcDb2dVertex
 10
81.6143085066
 20
-11.8778495043
 30
0.0
 40
0.0
 41
0.0
  0
VERTEX
  5
5DB
100
AcDbEntity
  8
EBENE_1
390
0
  6
Continuous
 62
       250
 48
0.0503534939
100
AcDbVertex
100
AcDb2dVertex
 10
81.5190256695
 20
-11.9660295866
 30
0.0
 40
0.0
 41
0.0
  0
VERTEX
  5
5DC
100
AcDbEntity
  8
EBENE_1
390
0
  6
Continuous
 62
       250
 48
0.0503534939
100
AcDbVertex
100
AcDb2dVertex
 10
81.426484798
 20
-12.0568610029
 30
0.0
 40
0.0
 41
0.0
  0
VERTEX
  5
5DD
100
AcDbEntity
  8
EBENE_1
390
0
  6
Continuous
 62
       250
 48
0.0503534939
100
AcDbVertex
100
AcDb2dVertex
 10
81.3382436303
 20
-12.1514906848
 30
0.0
 40
0.0
 41
0.0
  0
VERTEX
  5
5DE
100
AcDbEntity
  8
EBENE_1
390
0
  6
Continuous
 62
       250
 48
0.0503534939
100
AcDbVertex
100
AcDb2dVertex
 10
81.251978034
 20
-12.249610892
 30
0.0
 40
0.0
 41
0.0
  0
VERTEX
  5
5DF
100
AcDbEntity
  8
EBENE_1
390
0
  6
Continuous
 62
       250
 48
0.0503534939
100
AcDbVertex
100
AcDb2dVertex
 10
81.1689090292
 20
-12.3528283495
 30
0.0
 40
0.0
 41
0.0
  0
VERTEX
  5
5E0
100
AcDbEntity
  8
EBENE_1
390
0
  6
Continuous
 62
       250
 48
0.0503534939
100
AcDbVertex
100
AcDb2dVertex
 10
81.0890365122
 20
-12.4581780176
 30
0.0
 40
0.0
 41
0.0
  0
VERTEX
  5
5E1
100
AcDbEntity
  8
EBENE_1
390
0
  6
Continuous
 62
       250
 48
0.0503534939
100
AcDbVertex
100
AcDb2dVertex
 10
81.0139709854
 20
-12.5666841956
 30
0.0
 40
0.0
 41
0.0
  0
VERTEX
  5
5E2
100
AcDbEntity
  8
EBENE_1
390
0
  6
Continuous
 62
       250
 48
0.0503534939
100
AcDbVertex
100
AcDb2dVertex
 10
80.9422312889
 20
-12.6771332599
 30
0.0
 40
0.0
 41
0.0
  0
VERTEX
  5
5E3
100
AcDbEntity
  8
EBENE_1
390
0
  6
Continuous
 62
       250
 48
0.0503534939
100
AcDbVertex
100
AcDb2dVertex
 10
80.8755181156
 20
-12.7904264597
 30
0.0
 40
0.0
 41
0.0
  0
VERTEX
  5
5E4
100
AcDbEntity
  8
EBENE_1
390
0
  6
Continuous
 62
       250
 48
0.0503534939
100
AcDbVertex
100
AcDb2dVertex
 10
80.8122267247
 20
-12.905522621
 30
0.0
 40
0.0
 41
0.0
  0
VERTEX
  5
5E5
100
AcDbEntity
  8
EBENE_1
390
0
  6
Continuous
 62
       250
 48
0.0503534939
100
AcDbVertex
100
AcDb2dVertex
 10
80.7534399939
 20
-13.0246525848
 30
0.0
 40
0.0
 41
0.0
  0
VERTEX
  5
5E6
100
AcDbEntity
  8
EBENE_1
390
0
  6
Continuous
 62
       250
 48
0.0503534939
100
AcDbVertex
100
AcDb2dVertex
 10
80.6979346984
 20
-13.1459073583
 30
0.0
 40
0.0
 41
0.0
  0
VERTEX
  5
5E7
100
AcDbEntity
  8
EBENE_1
390
0
  6
Continuous
 62
       250
 48
0.0503534939
100
AcDbVertex
100
AcDb2dVertex
 10
80.6474479014
 20
-13.2701063341
 30
0.0
 40
0.0
 41
0.0
  0
VERTEX
  5
5E8
100
AcDbEntity
  8
EBENE_1
390
0
  6
Continuous
 62
       250
 48
0.0503534939
100
AcDbVertex
100
AcDb2dVertex
 10
80.6006841963
 20
-13.3954525549
 30
0.0
 40
0.0
 41
0.0
  0
VERTEX
  5
5E9
100
AcDbEntity
  8
EBENE_1
390
0
  6
Continuous
 62
       250
 48
0.0503534939
100
AcDbVertex
100
AcDb2dVertex
 10
80.5595144505
 20
-13.522475174
 30
0.0
 40
0.0
 41
0.0
  0
VERTEX
  5
5EA
100
AcDbEntity
  8
EBENE_1
390
0
  6
Continuous
 62
       250
 48
0.0503534939
100
AcDbVertex
100
AcDb2dVertex
 10
80.5221402291
 20
-13.6504215959
 30
0.0
 40
0.0
 41
0.0
  0
VERTEX
  5
5EB
100
AcDbEntity
  8
EBENE_1
390
0
  6
Continuous
 62
       250
 48
0.0503534939
100
AcDbVertex
100
AcDb2dVertex
 10
80.4905084501
 20
-13.7796777579
 30
0.0
 40
0.0
 41
0.0
  0
VERTEX
  5
5EC
100
AcDbEntity
  8
EBENE_1
390
0
  6
Continuous
 62
       250
 48
0.0503534939
100
AcDbVertex
100
AcDb2dVertex
 10
80.4627042436
 20
-13.9096874318
 30
0.0
 40
0.0
 41
0.0
  0
VERTEX
  5
5ED
100
AcDbEntity
  8
EBENE_1
390
0
  6
Continuous
 62
       250
 48
0.0503534939
100
AcDbVertex
100
AcDb2dVertex
 10
80.4400694642
 20
-14.0439693836
 30
0.0
 40
0.0
 41
0.0
  0
VERTEX
  5
5EE
100
AcDbEntity
  8
EBENE_1
390
0
  6
Continuous
 62
       250
 48
0.0503534939
100
AcDbVertex
100
AcDb2dVertex
 10
80.4213728847
 20
-14.1786486716
 30
0.0
 40
0.0
 41
0.0
  0
VERTEX
  5
5EF
100
AcDbEntity
  8
EBENE_1
390
0
  6
Continuous
 62
       250
 48
0.0503534939
100
AcDbVertex
100
AcDb2dVertex
 10
80.4085735389
 20
-14.3136616898
 30
0.0
 40
0.0
 41
0.0
  0
VERTEX
  5
5F0
100
AcDbEntity
  8
EBENE_1
390
0
  6
Continuous
 62
       250
 48
0.0503534939
100
AcDbVertex
100
AcDb2dVertex
 10
80.39972393
 20
-14.4487323106
 30
0.0
 40
0.0
 41
0.0
  0
VERTEX
  5
5F1
100
AcDbEntity
  8
EBENE_1
390
0
  6
Continuous
 62
       250
 48
0.0503534939
100
AcDbVertex
100
AcDb2dVertex
 10
80.3968023359
 20
-14.583830217
 30
0.0
 40
0.0
 41
0.0
  0
VERTEX
  5
5F2
100
AcDbEntity
  8
EBENE_1
390
0
  6
Continuous
 62
       250
 48
0.0503534939
100
AcDbVertex
100
AcDb2dVertex
 10
80.3978409362
 20
-14.7187504642
 30
0.0
 40
0.0
 41
0.0
  0
VERTEX
  5
5F3
100
AcDbEntity
  8
EBENE_1
390
0
  6
Continuous
 62
       250
 48
0.0503534939
100
AcDbVertex
100
AcDb2dVertex
 10
80.4049103955
 20
-14.8543525907
 30
0.0
 40
0.0
 41
0.0
  0
VERTEX
  5
5F4
100
AcDbEntity
  8
EBENE_1
390
0
  6
Continuous
 62
       250
 48
0.0503534939
100
AcDbVertex
100
AcDb2dVertex
 10
80.4159993263
 20
-14.9902877882
 30
0.0
 40
0.0
 41
0.0
  0
VERTEX
  5
5F5
100
AcDbEntity
  8
EBENE_1
390
0
  6
Continuous
 62
       250
 48
0.0503534939
100
AcDbVertex
100
AcDb2dVertex
 10
80.4331177558
 20
-15.1269007627
 30
0.0
 40
0.0
 41
0.0
  0
VERTEX
  5
5F6
100
AcDbEntity
  8
EBENE_1
390
0
  6
Continuous
 62
       250
 48
0.0503534939
100
AcDbVertex
100
AcDb2dVertex
 10
80.4541513622
 20
-15.2627772374
 30
0.0
 40
0.0
 41
0.0
  0
VERTEX
  5
5F7
100
AcDbEntity
  8
EBENE_1
390
0
  6
Continuous
 62
       250
 48
0.0503534939
100
AcDbVertex
100
AcDb2dVertex
 10
80.4810246373
 20
-15.3972987428
 30
0.0
 40
0.0
 41
0.0
  0
VERTEX
  5
5F8
100
AcDbEntity
  8
EBENE_1
390
0
  6
Continuous
 62
       250
 48
0.0503534939
100
AcDbVertex
100
AcDb2dVertex
 10
80.5117525339
 20
-15.5307596321
 30
0.0
 40
0.0
 41
0.0
  0
VERTEX
  5
5F9
100
AcDbEntity
  8
EBENE_1
390
0
  6
Continuous
 62
       250
 48
0.0503534939
100
AcDbVertex
100
AcDb2dVertex
 10
80.5482653958
 20
-15.662546355
 30
0.0
 40
0.0
 41
0.0
  0
VERTEX
  5
5FA
100
AcDbEntity
  8
EBENE_1
390
0
  6
Continuous
 62
       250
 48
0.0503534939
100
AcDbVertex
100
AcDb2dVertex
 10
80.5885875733
 20
-15.7930369068
 30
0.0
 40
0.0
 41
0.0
  0
VERTEX
  5
5FB
100
AcDbEntity
  8
EBENE_1
390
0
  6
Continuous
 62
       250
 48
0.0503534939
100
AcDbVertex
100
AcDb2dVertex
 10
80.6352482965
 20
-15.9234069605
 30
0.0
 40
0.0
 41
0.0
  0
VERTEX
  5
5FC
100
AcDbEntity
  8
EBENE_1
390
0
  6
Continuous
 62
       250
 48
0.0503534939
100
AcDbVertex
100
AcDb2dVertex
 10
80.686150325
 20
-16.0535556144
 30
0.0
 40
0.0
 41
0.0
  0
VERTEX
  5
5FD
100
AcDbEntity
  8
EBENE_1
390
0
  6
Continuous
 62
       250
 48
0.0503534939
100
AcDbVertex
100
AcDb2dVertex
 10
80.7424412067
 20
-16.1809028789
 30
0.0
 40
0.0
 41
0.0
  0
VERTEX
  5
5FE
100
AcDbEntity
  8
EBENE_1
390
0
  6
Continuous
 62
       250
 48
0.0503534939
100
AcDbVertex
100
AcDb2dVertex
 10
80.8023247062
 20
-16.3064109272
 30
0.0
 40
0.0
 41
0.0
  0
VERTEX
  5
5FF
100
AcDbEntity
  8
EBENE_1
390
0
  6
Continuous
 62
       250
 48
0.0503534939
100
AcDbVertex
100
AcDb2dVertex
 10
80.8675031043
 20
-16.4289259985
 30
0.0
 40
0.0
 41
0.0
  0
VERTEX
  5
600
100
AcDbEntity
  8
EBENE_1
390
0
  6
Continuous
 62
       250
 48
0.0503534939
100
AcDbVertex
100
AcDb2dVertex
 10
80.9361345737
 20
-16.549310409
 30
0.0
 40
0.0
 41
0.0
  0
VERTEX
  5
601
100
AcDbEntity
  8
EBENE_1
390
0
  6
Continuous
 62
       250
 48
0.0503534939
100
AcDbVertex
100
AcDb2dVertex
 10
81.0102065944
 20
-16.6668346977
 30
0.0
 40
0.0
 41
0.0
  0
VERTEX
  5
602
100
AcDbEntity
  8
EBENE_1
390
0
  6
Continuous
 62
       250
 48
0.0503534939
100
AcDbVertex
100
AcDb2dVertex
 10
81.0882166907
 20
-16.782864462
 30
0.0
 40
0.0
 41
0.0
  0
VERTEX
  5
603
100
AcDbEntity
  8
EBENE_1
390
0
  6
Continuous
 62
       250
 48
0.0503534939
100
AcDbVertex
100
AcDb2dVertex
 10
81.1717453689
 20
-16.896133579
 30
0.0
 40
0.0
 41
0.0
  0
VERTEX
  5
604
100
AcDbEntity
  8
EBENE_1
390
0
  6
Continuous
 62
       250
 48
0.0503534939
100
AcDbVertex
100
AcDb2dVertex
 10
81.2588157766
 20
-17.0073542666
 30
0.0
 40
0.0
 41
0.0
  0
VERTEX
  5
605
100
AcDbEntity
  8
EBENE_1
390
0
  6
Continuous
 62
       250
 48
0.0503534939
100
AcDbVertex
100
AcDb2dVertex
 10
81.35034341
 20
-17.1143329571
 30
0.0
 40
0.0
 41
0.0
  0
VERTEX
  5
606
100
AcDbEntity
  8
EBENE_1
390
0
  6
Continuous
 62
       250
 48
0.0503534939
100
AcDbVertex
100
AcDb2dVertex
 10
81.4448422667
 20
-17.218497141
 30
0.0
 40
0.0
 41
0.0
  0
VERTEX
  5
607
100
AcDbEntity
  8
EBENE_1
390
0
  6
Continuous
 62
       250
 48
0.0503534939
100
AcDbVertex
100
AcDb2dVertex
 10
81.5436376404
 20
-17.3182434718
 30
0.0
 40
0.0
 41
0.0
  0
VERTEX
  5
608
100
AcDbEntity
  8
EBENE_1
390
0
  6
Continuous
 62
       250
 48
0.0503534939
100
AcDbVertex
100
AcDb2dVertex
 10
81.6452007449
 20
-17.4149296217
 30
0.0
 40
0.0
 41
0.0
  0
VERTEX
  5
609
100
AcDbEntity
  8
EBENE_1
390
0
  6
Continuous
 62
       250
 48
0.0503534939
100
AcDbVertex
100
AcDb2dVertex
 10
81.7515812885
 20
-17.5076131607
 30
0.0
 40
0.0
 41
0.0
  0
VERTEX
  5
60A
100
AcDbEntity
  8
EBENE_1
390
0
  6
Continuous
 62
       250
 48
0.0503534939
100
AcDbVertex
100
AcDb2dVertex
 10
81.862096778
 20
-17.5983482005
 30
0.0
 40
0.0
 41
0.0
  0
VERTEX
  5
60B
100
AcDbEntity
  8
EBENE_1
390
0
  6
Continuous
 62
       250
 48
0.0503534939
100
AcDbVertex
100
AcDb2dVertex
 10
81.976462693
 20
-17.6842040662
 30
0.0
 40
0.0
 41
0.0
  0
VERTEX
  5
60C
100
AcDbEntity
  8
EBENE_1
390
0
  6
Continuous
 62
       250
 48
0.0503534939
100
AcDbVertex
100
AcDb2dVertex
 10
82.0930957644
 20
-17.7666025414
 30
0.0
 40
0.0
 41
0.0
  0
VERTEX
  5
60D
100
AcDbEntity
  8
EBENE_1
390
0
  6
Continuous
 62
       250
 48
0.0503534939
100
AcDbVertex
100
AcDb2dVertex
 10
82.2128616878
 20
-17.8436093703
 30
0.0
 40
0.0
 41
0.0
  0
VERTEX
  5
60E
100
AcDbEntity
  8
EBENE_1
390
0
  6
Continuous
 62
       250
 48
0.0503534939
100
AcDbVertex
100
AcDb2dVertex
 10
82.3347107985
 20
-17.9170246609
 30
0.0
 40
0.0
 41
0.0
  0
VERTEX
  5
60F
100
AcDbEntity
  8
EBENE_1
390
0
  6
Continuous
 62
       250
 48
0.0503534939
100
AcDbVertex
100
AcDb2dVertex
 10
82.459630898
 20
-17.9849854161
 30
0.0
 40
0.0
 41
0.0
  0
VERTEX
  5
610
100
AcDbEntity
  8
EBENE_1
390
0
  6
Continuous
 62
       250
 48
0.0503534939
100
AcDbVertex
100
AcDb2dVertex
 10
82.5873105193
 20
-18.0496250102
 30
0.0
 40
0.0
 41
0.0
  0
VERTEX
  5
611
100
AcDbEntity
  8
EBENE_1
390
0
  6
Continuous
 62
       250
 48
0.0503534939
100
AcDbVertex
100
AcDb2dVertex
 10
82.7184616362
 20
-18.1089533162
 30
0.0
 40
0.0
 41
0.0
  0
VERTEX
  5
612
100
AcDbEntity
  8
EBENE_1
390
0
  6
Continuous
 62
       250
 48
0.0503534939
100
AcDbVertex
100
AcDb2dVertex
 10
82.8519738647
 20
-18.1647759099
 30
0.0
 40
0.0
 41
0.0
  0
VERTEX
  5
613
100
AcDbEntity
  8
EBENE_1
390
0
  6
Continuous
 62
       250
 48
0.0503534939
100
AcDbVertex
100
AcDb2dVertex
 10
82.9876386844
 20
-18.2146961962
 30
0.0
 40
0.0
 41
0.0
  0
VERTEX
  5
614
100
AcDbEntity
  8
EBENE_1
390
0
  6
Continuous
 62
       250
 48
0.0503534939
100
AcDbVertex
100
AcDb2dVertex
 10
83.1245205048
 20
-18.260590745
 30
0.0
 40
0.0
 41
0.0
  0
VERTEX
  5
615
100
AcDbEntity
  8
EBENE_1
390
0
  6
Continuous
 62
       250
 48
0.0503534939
100
AcDbVertex
100
AcDb2dVertex
 10
83.2629129688
 20
-18.3003530735
 30
0.0
 40
0.0
 41
0.0
  0
VERTEX
  5
616
100
AcDbEntity
  8
EBENE_1
390
0
  6
Continuous
 62
       250
 48
0.0503534939
100
AcDbVertex
100
AcDb2dVertex
 10
83.4023008958
 20
-18.3360103595
 30
0.0
 40
0.0
 41
0.0
  0
VERTEX
  5
617
100
AcDbEntity
  8
EBENE_1
390
0
  6
Continuous
 62
       250
 48
0.0503534939
100
AcDbVertex
100
AcDb2dVertex
 10
83.5432698978
 20
-18.3655229322
 30
0.0
 40
0.0
 41
0.0
  0
VERTEX
  5
618
100
AcDbEntity
  8
EBENE_1
390
0
  6
Continuous
 62
       250
 48
0.0503534939
100
AcDbVertex
100
AcDb2dVertex
 10
83.6869300007
 20
-18.3912302602
 30
0.0
 40
0.0
 41
0.0
  0
VERTEX
  5
619
100
AcDbEntity
  8
EBENE_1
390
0
  6
Continuous
 62
       250
 48
0.0503534939
100
AcDbVertex
100
AcDb2dVertex
 10
83.8323715983
 20
-18.4107622254
 30
0.0
 40
0.0
 41
0.0
  0
VERTEX
  5
61A
100
AcDbEntity
  8
EBENE_1
390
0
  6
Continuous
 62
       250
 48
0.0503534939
100
AcDbVertex
100
AcDb2dVertex
 10
83.9780088071
 20
-18.4260542153
 30
0.0
 40
0.0
 41
0.0
  0
VERTEX
  5
61B
100
AcDbEntity
  8
EBENE_1
390
0
  6
Continuous
 62
       250
 48
0.0503534939
100
AcDbVertex
100
AcDb2dVertex
 10
84.1238665835
 20
-18.4349747366
 30
0.0
 40
0.0
 41
0.0
  0
VERTEX
  5
61C
100
AcDbEntity
  8
EBENE_1
390
0
  6
Continuous
 62
       250
 48
0.0503534939
100
AcDbVertex
100
AcDb2dVertex
 10
84.2697532104
 20
-18.4396320306
 30
0.0
 40
0.0
 41
0.0
  0
VERTEX
  5
61D
100
AcDbEntity
  8
EBENE_1
390
0
  6
Continuous
 62
       250
 48
0.0503534939
100
AcDbVertex
100
AcDb2dVertex
 10
84.4153710211
 20
-18.437892059
 30
0.0
 40
0.0
 41
0.0
  0
VERTEX
  5
61E
100
AcDbEntity
  8
EBENE_1
390
0
  6
Continuous
 62
       250
 48
0.0503534939
100
AcDbVertex
100
AcDb2dVertex
 10
84.5614758931
 20
-18.4318256361
 30
0.0
 40
0.0
 41
0.0
  0
VERTEX
  5
61F
100
AcDbEntity
  8
EBENE_1
390
0
  6
Continuous
 62
       250
 48
0.0503534939
100
AcDbVertex
100
AcDb2dVertex
 10
84.7082040198
 20
-18.4192316725
 30
0.0
 40
0.0
 41
0.0
  0
VERTEX
  5
620
100
AcDbEntity
  8
EBENE_1
390
0
  6
Continuous
 62
       250
 48
0.0503534939
100
AcDbVertex
100
AcDb2dVertex
 10
84.8552748143
 20
-18.4023132607
 30
0.0
 40
0.0
 41
0.0
  0
VERTEX
  5
621
100
AcDbEntity
  8
EBENE_1
390
0
  6
Continuous
 62
       250
 48
0.0503534939
100
AcDbVertex
100
AcDb2dVertex
 10
85.0017144409
 20
-18.3790074526
 30
0.0
 40
0.0
 41
0.0
  0
VERTEX
  5
622
100
AcDbEntity
  8
EBENE_1
390
0
  6
Continuous
 62
       250
 48
0.0503534939
100
AcDbVertex
100
AcDb2dVertex
 10
85.1471356462
 20
-18.3515123449
 30
0.0
 40
0.0
 41
0.0
  0
VERTEX
  5
623
100
AcDbEntity
  8
EBENE_1
390
0
  6
Continuous
 62
       250
 48
0.0503534939
100
AcDbVertex
100
AcDb2dVertex
 10
85.2909475928
 20
-18.3177622207
 30
0.0
 40
0.0
 41
0.0
  0
VERTEX
  5
624
100
AcDbEntity
  8
EBENE_1
390
0
  6
Continuous
 62
       250
 48
0.0503534939
100
AcDbVertex
100
AcDb2dVertex
 10
85.4335601466
 20
-18.2798568623
 30
0.0
 40
0.0
 41
0.0
  0
VERTEX
  5
625
100
AcDbEntity
  8
EBENE_1
390
0
  6
Continuous
 62
       250
 48
0.0503534939
100
AcDbVertex
100
AcDb2dVertex
 10
85.5740860375
 20
-18.2357913777
 30
0.0
 40
0.0
 41
0.0
  0
VERTEX
  5
626
100
AcDbEntity
  8
EBENE_1
390
0
  6
Continuous
 62
       250
 48
0.0503534939
100
AcDbVertex
100
AcDb2dVertex
 10
85.7144669075
 20
-18.187206169
 30
0.0
 40
0.0
 41
0.0
  0
VERTEX
  5
627
100
AcDbEntity
  8
EBENE_1
390
0
  6
Continuous
 62
       250
 48
0.0503534939
100
AcDbVertex
100
AcDb2dVertex
 10
85.8543269591
 20
-18.1318508065
 30
0.0
 40
0.0
 41
0.0
  0
VERTEX
  5
628
100
AcDbEntity
  8
EBENE_1
390
0
  6
Continuous
 62
       250
 48
0.0503534939
100
AcDbVertex
100
AcDb2dVertex
 10
85.9922450249
 20
-18.0725929973
 30
0.0
 40
0.0
 41
0.0
  0
VERTEX
  5
629
100
AcDbEntity
  8
EBENE_1
390
0
  6
Continuous
 62
       250
 48
0.0503534939
100
AcDbVertex
100
AcDb2dVertex
 10
86.1272071296
 20
-18.0075226667
 30
0.0
 40
0.0
 41
0.0
  0
VERTEX
  5
62A
100
AcDbEntity
  8
EBENE_1
390
0
  6
Continuous
 62
       250
 48
0.0503534939
100
AcDbVertex
100
AcDb2dVertex
 10
86.2599944942
 20
-17.938663644
 30
0.0
 40
0.0
 41
0.0
  0
VERTEX
  5
62B
100
AcDbEntity
  8
EBENE_1
390
0
  6
Continuous
 62
       250
 48
0.0503534939
100
AcDbVertex
100
AcDb2dVertex
 10
86.3894381993
 20
-17.864173597
 30
0.0
 40
0.0
 41
0.0
  0
VERTEX
  5
62C
100
AcDbEntity
  8
EBENE_1
390
0
  6
Continuous
 62
       250
 48
0.0503534939
100
AcDbVertex
100
AcDb2dVertex
 10
86.5165299032
 20
-17.7859838285
 30
0.0
 40
0.0
 41
0.0
  0
VERTEX
  5
62D
100
AcDbEntity
  8
EBENE_1
390
0
  6
Continuous
 62
       250
 48
0.0503534939
100
AcDbVertex
100
AcDb2dVertex
 10
86.641281513
 20
-17.7014030577
 30
0.0
 40
0.0
 41
0.0
  0
VERTEX
  5
62E
100
AcDbEntity
  8
EBENE_1
390
0
  6
Continuous
 62
       250
 48
0.0503534939
100
AcDbVertex
100
AcDb2dVertex
 10
86.763929349
 20
-17.6129275358
 30
0.0
 40
0.0
 41
0.0
  0
VERTEX
  5
62F
100
AcDbEntity
  8
EBENE_1
390
0
  6
Continuous
 62
       250
 48
0.0503534939
100
AcDbVertex
100
AcDb2dVertex
 10
86.8831954533
 20
-17.5187910453
 30
0.0
 40
0.0
 41
0.0
  0
VERTEX
  5
630
100
AcDbEntity
  8
EBENE_1
390
0
  6
Continuous
 62
       250
 48
0.0503534939
100
AcDbVertex
100
AcDb2dVertex
 10
86.9994644806
 20
-17.4214160432
 30
0.0
 40
0.0
 41
0.0
  0
VERTEX
  5
631
100
AcDbEntity
  8
EBENE_1
390
0
  6
Continuous
 62
       250
 48
0.0503534939
100
AcDbVertex
100
AcDb2dVertex
 10
87.1111905286
 20
-17.3192333039
 30
0.0
 40
0.0
 41
0.0
  0
VERTEX
  5
632
100
AcDbEntity
  8
EBENE_1
390
0
  6
Continuous
 62
       250
 48
0.0503534939
100
AcDbVertex
100
AcDb2dVertex
 10
87.2197266693
 20
-17.2139896865
 30
0.0
 40
0.0
 41
0.0
  0
VERTEX
  5
633
100
AcDbEntity
  8
EBENE_1
390
0
  6
Continuous
 62
       250
 48
0.0503534939
100
AcDbVertex
100
AcDb2dVertex
 10
87.3233851977
 20
-17.1042141254
 30
0.0
 40
0.0
 41
0.0
  0
VERTEX
  5
634
100
AcDbEntity
  8
EBENE_1
390
0
  6
Continuous
 62
       250
 48
0.0503534939
100
AcDbVertex
100
AcDb2dVertex
 10
87.4237145443
 20
-16.9915314533
 30
0.0
 40
0.0
 41
0.0
  0
VERTEX
  5
635
100
AcDbEntity
  8
EBENE_1
390
0
  6
Continuous
 62
       250
 48
0.0503534939
100
AcDbVertex
100
AcDb2dVertex
 10
87.5210205188
 20
-16.8721098766
 30
0.0
 40
0.0
 41
0.0
  0
VERTEX
  5
636
100
AcDbEntity
  8
EBENE_1
390
0
  6
Continuous
 62
       250
 48
0.0503534939
100
AcDbVertex
100
AcDb2dVertex
 10
87.6146898548
 20
-16.7500739631
 30
0.0
 40
0.0
 41
0.0
  0
VERTEX
  5
637
100
AcDbEntity
  8
EBENE_1
390
0
  6
Continuous
 62
       250
 48
0.0503534939
100
AcDbVertex
100
AcDb2dVertex
 10
87.7027729802
 20
-16.6243763202
 30
0.0
 40
0.0
 41
0.0
  0
VERTEX
  5
638
100
AcDbEntity
  8
EBENE_1
390
0
  6
Continuous
 62
       250
 48
0.0503534939
100
AcDbVertex
100
AcDb2dVertex
 10
87.7870264784
 20
-16.4963816763
 30
0.0
 40
0.0
 41
0.0
  0
VERTEX
  5
639
100
AcDbEntity
  8
EBENE_1
390
0
  6
Continuous
 62
       250
 48
0.0503534939
100
AcDbVertex
100
AcDb2dVertex
 10
87.8654877244
 20
-16.3650142563
 30
0.0
 40
0.0
 41
0.0
  0
VERTEX
  5
63A
100
AcDbEntity
  8
EBENE_1
390
0
  6
Continuous
 62
       250
 48
0.0503534939
100
AcDbVertex
100
AcDb2dVertex
 10
87.9399771132
 20
-16.2315749897
 30
0.0
 40
0.0
 41
0.0
  0
VERTEX
  5
63B
100
AcDbEntity
  8
EBENE_1
390
0
  6
Continuous
 62
       250
 48
0.0503534939
100
AcDbVertex
100
AcDb2dVertex
 10
88.0088814475
 20
-16.0941862644
 30
0.0
 40
0.0
 41
0.0
  0
VERTEX
  5
63C
100
AcDbEntity
  8
EBENE_1
390
0
  6
Continuous
 62
       250
 48
0.0503534939
100
AcDbVertex
100
AcDb2dVertex
 10
88.0739922846
 20
-15.9542877932
 30
0.0
 40
0.0
 41
0.0
  0
VERTEX
  5
63D
100
AcDbEntity
  8
EBENE_1
390
0
  6
Continuous
 62
       250
 48
0.0503534939
100
AcDbVertex
100
AcDb2dVertex
 10
88.1334730938
 20
-15.810523283
 30
0.0
 40
0.0
 41
0.0
  0
VERTEX
  5
63E
100
AcDbEntity
  8
EBENE_1
390
0
  6
Continuous
 62
       250
 48
0.0503534939
100
AcDbVertex
100
AcDb2dVertex
 10
88.1886999801
 20
-15.665276987
 30
0.0
 40
0.0
 41
0.0
  0
VERTEX
  5
63F
100
AcDbEntity
  8
EBENE_1
390
0
  6
Continuous
 62
       250
 48
0.0503534939
100
AcDbVertex
100
AcDb2dVertex
 10
88.237442387
 20
-15.5180691398
 30
0.0
 40
0.0
 41
0.0
  0
VERTEX
  5
640
100
AcDbEntity
  8
EBENE_1
390
0
  6
Continuous
 62
       250
 48
0.0503534939
100
AcDbVertex
100
AcDb2dVertex
 10
88.2818133803
 20
-15.369723405
 30
0.0
 40
0.0
 41
0.0
  0
VERTEX
  5
641
100
AcDbEntity
  8
EBENE_1
390
0
  6
Continuous
 62
       250
 48
0.0503534939
100
AcDbVertex
100
AcDb2dVertex
 10
88.3195720278
 20
-15.2197641034
 30
0.0
 40
0.0
 41
0.0
  0
VERTEX
  5
642
100
AcDbEntity
  8
EBENE_1
390
0
  6
Continuous
 62
       250
 48
0.0503534939
100
AcDbVertex
100
AcDb2dVertex
 10
88.3528715302
 20
-15.0689234401
 30
0.0
 40
0.0
 41
0.0
  0
VERTEX
  5
643
100
AcDbEntity
  8
EBENE_1
390
0
  6
Continuous
 62
       250
 48
0.0503534939
100
AcDbVertex
100
AcDb2dVertex
 10
88.3798515231
 20
-14.914900414
 30
0.0
 40
0.0
 41
0.0
  0
VERTEX
  5
644
100
AcDbEntity
  8
EBENE_1
390
0
  6
Continuous
 62
       250
 48
0.0503534939
100
AcDbVertex
100
AcDb2dVertex
 10
88.4025317988
 20
-14.7588897226
 30
0.0
 40
0.0
 41
0.0
  0
VERTEX
  5
645
100
AcDbEntity
  8
EBENE_1
390
0
  6
Continuous
 62
       250
 48
0.0503534939
100
AcDbVertex
100
AcDb2dVertex
 10
88.4183671105
 20
-14.6025649689
 30
0.0
 40
0.0
 41
0.0
  0
VERTEX
  5
646
100
AcDbEntity
  8
EBENE_1
390
0
  6
Continuous
 62
       250
 48
0.0503534939
100
AcDbVertex
100
AcDb2dVertex
 10
88.4296519792
 20
-14.4460201577
 30
0.0
 40
0.0
 41
0.0
  0
VERTEX
  5
647
100
AcDbEntity
  8
EBENE_1
390
0
  6
Continuous
 62
       250
 48
0.0503534939
100
AcDbVertex
100
AcDb2dVertex
 10
88.4340763904
 20
-14.2894241172
 30
0.0
 40
0.0
 41
0.0
  0
VERTEX
  5
648
100
AcDbEntity
  8
EBENE_1
390
0
  6
Continuous
 62
       250
 48
0.0503534939
100
AcDbVertex
100
AcDb2dVertex
 10
88.4339244515
 20
-14.132966603
 30
0.0
 40
0.0
 41
0.0
  0
VERTEX
  5
649
100
AcDbEntity
  8
EBENE_1
390
0
  6
Continuous
 62
       250
 48
0.0503534939
100
AcDbVertex
100
AcDb2dVertex
 10
88.4268495197
 20
-13.9763201466
 30
0.0
 40
0.0
 41
0.0
  0
VERTEX
  5
64A
100
AcDbEntity
  8
EBENE_1
390
0
  6
Continuous
 62
       250
 48
0.0503534939
100
AcDbVertex
100
AcDb2dVertex
 10
88.4150955063
 20
-13.8190499059
 30
0.0
 40
0.0
 41
0.0
  0
VERTEX
  5
64B
100
AcDbEntity
  8
EBENE_1
390
0
  6
Continuous
 62
       250
 48
0.0503534939
100
AcDbVertex
100
AcDb2dVertex
 10
88.3964070343
 20
-13.6615240406
 30
0.0
 40
0.0
 41
0.0
  0
VERTEX
  5
64C
100
AcDbEntity
  8
EBENE_1
390
0
  6
Continuous
 62
       250
 48
0.0503534939
100
AcDbVertex
100
AcDb2dVertex
 10
88.3731121008
 20
-13.5040961311
 30
0.0
 40
0.0
 41
0.0
  0
VERTEX
  5
64D
100
AcDbEntity
  8
EBENE_1
390
0
  6
Continuous
 62
       250
 48
0.0503534939
100
AcDbVertex
100
AcDb2dVertex
 10
88.343073541
 20
-13.3482856889
 30
0.0
 40
0.0
 41
0.0
  0
VERTEX
  5
64E
100
AcDbEntity
  8
EBENE_1
390
0
  6
Continuous
 62
       250
 48
0.0503534939
100
AcDbVertex
100
AcDb2dVertex
 10
88.3085497392
 20
-13.1935555801
 30
0.0
 40
0.0
 41
0.0
  0
VERTEX
  5
64F
100
AcDbEntity
  8
EBENE_1
390
0
  6
Continuous
 62
       250
 48
0.0503534939
100
AcDbVertex
100
AcDb2dVertex
 10
88.2673464428
 20
-13.0407220124
 30
0.0
 40
0.0
 41
0.0
  0
VERTEX
  5
650
100
AcDbEntity
  8
EBENE_1
390
0
  6
Continuous
 62
       250
 48
0.0503534939
100
AcDbVertex
100
AcDb2dVertex
 10
88.2217189242
 20
-12.8893132871
 30
0.0
 40
0.0
 41
0.0
  0
VERTEX
  5
651
100
AcDbEntity
  8
EBENE_1
390
0
  6
Continuous
 62
       250
 48
0.0503534939
100
AcDbVertex
100
AcDb2dVertex
 10
88.169186708
 20
-12.7392405585
 30
0.0
 40
0.0
 41
0.0
  0
VERTEX
  5
652
100
AcDbEntity
  8
EBENE_1
390
0
  6
Continuous
 62
       250
 48
0.0503534939
100
AcDbVertex
100
AcDb2dVertex
 10
88.1116186074
 20
-12.5890015785
 30
0.0
 40
0.0
 41
0.0
  0
VERTEX
  5
653
100
AcDbEntity
  8
EBENE_1
390
0
  6
Continuous
 62
       250
 48
0.0503534939
100
AcDbVertex
100
AcDb2dVertex
 10
88.047576298
 20
-12.4414018765
 30
0.0
 40
0.0
 41
0.0
  0
VERTEX
  5
654
100
AcDbEntity
  8
EBENE_1
390
0
  6
Continuous
 62
       250
 48
0.0503534939
100
AcDbVertex
100
AcDb2dVertex
 10
87.979382453
 20
-12.2959045921
 30
0.0
 40
0.0
 41
0.0
  0
VERTEX
  5
655
100
AcDbEntity
  8
EBENE_1
390
0
  6
Continuous
 62
       250
 48
0.0503534939
100
AcDbVertex
100
AcDb2dVertex
 10
87.9051038193
 20
-12.1538913793
 30
0.0
 40
0.0
 41
0.0
  0
VERTEX
  5
656
100
AcDbEntity
  8
EBENE_1
390
0
  6
Continuous
 62
       250
 48
0.0503534939
100
AcDbVertex
100
AcDb2dVertex
 10
87.8267795125
 20
-12.0142132495
 30
0.0
 40
0.0
 41
0.0
  0
VERTEX
  5
657
100
AcDbEntity
  8
EBENE_1
390
0
  6
Continuous
 62
       250
 48
0.0503534939
100
AcDbVertex
100
AcDb2dVertex
 10
87.7424140526
 20
-11.8781461504
 30
0.0
 40
0.0
 41
0.0
  0
VERTEX
  5
658
100
AcDbEntity
  8
EBENE_1
390
0
  6
Continuous
 62
       250
 48
0.0503534939
100
AcDbVertex
100
AcDb2dVertex
 10
87.6535697199
 20
-11.7438737429
 30
0.0
 40
0.0
 41
0.0
  0
VERTEX
  5
659
100
AcDbEntity
  8
EBENE_1
390
0
  6
Continuous
 62
       250
 48
0.0503534939
100
AcDbVertex
100
AcDb2dVertex
 10
87.5584453182
 20
-11.6129415047
 30
0.0
 40
0.0
 41
0.0
  0
VERTEX
  5
65A
100
AcDbEntity
  8
EBENE_1
390
0
  6
Continuous
 62
       250
 48
0.0503534939
100
AcDbVertex
100
AcDb2dVertex
 10
87.4591246517
 20
-11.48420481
 30
0.0
 40
0.0
 41
0.0
  0
VERTEX
  5
65B
100
AcDbEntity
  8
EBENE_1
390
0
  6
Continuous
 62
       250
 48
0.0503534939
100
AcDbVertex
100
AcDb2dVertex
 10
87.3544042308
 20
-11.3600239637
 30
0.0
 40
0.0
 41
0.0
  0
VERTEX
  5
65C
100
AcDbEntity
  8
EBENE_1
390
0
  6
Continuous
 62
       250
 48
0.0503534939
100
AcDbVertex
100
AcDb2dVertex
 10
87.2462394384
 20
-11.2390814494
 30
0.0
 40
0.0
 41
0.0
  0
VERTEX
  5
65D
100
AcDbEntity
  8
EBENE_1
390
0
  6
Continuous
 62
       250
 48
0.0503534939
100
AcDbVertex
100
AcDb2dVertex
 10
87.1331449055
 20
-11.1232434576
 30
0.0
 40
0.0
 41
0.0
  0
VERTEX
  5
65E
100
AcDbEntity
  8
EBENE_1
390
0
  6
Continuous
 62
       250
 48
0.0503534939
100
AcDbVertex
100
AcDb2dVertex
 10
87.0167752187
 20
-11.010844266
 30
0.0
 40
0.0
 41
0.0
  0
VERTEX
  5
65F
100
AcDbEntity
  8
EBENE_1
390
0
  6
Continuous
 62
       250
 48
0.0503534939
100
AcDbVertex
100
AcDb2dVertex
 10
86.8954496695
 20
-10.9035660348
 30
0.0
 40
0.0
 41
0.0
  0
VERTEX
  5
660
100
AcDbEntity
  8
EBENE_1
390
0
  6
Continuous
 62
       250
 48
0.0503534939
100
AcDbVertex
100
AcDb2dVertex
 10
86.7695860758
 20
-10.7986624586
 30
0.0
 40
0.0
 41
0.0
  0
VERTEX
  5
661
100
AcDbEntity
  8
EBENE_1
390
0
  6
Continuous
 62
       250
 48
0.0503534939
100
AcDbVertex
100
AcDb2dVertex
 10
86.6386479951
 20
-10.6988547325
 30
0.0
 40
0.0
 41
0.0
  0
VERTEX
  5
662
100
AcDbEntity
  8
EBENE_1
390
0
  6
Continuous
 62
       250
 48
0.0503534939
100
AcDbVertex
100
AcDb2dVertex
 10
86.5051356172
 20
-10.6030581059
 30
0.0
 40
0.0
 41
0.0
  0
VERTEX
  5
663
100
AcDbEntity
  8
EBENE_1
390
0
  6
Continuous
 62
       250
 48
0.0503534939
100
AcDbVertex
100
AcDb2dVertex
 10
86.3678366405
 20
-10.5133316505
 30
0.0
 40
0.0
 41
0.0
  0
VERTEX
  5
664
100
AcDbEntity
  8
EBENE_1
390
0
  6
Continuous
 62
       250
 48
0.0503534939
100
AcDbVertex
100
AcDb2dVertex
 10
86.2281246652
 20
-10.4277322972
 30
0.0
 40
0.0
 41
0.0
  0
VERTEX
  5
665
100
AcDbEntity
  8
EBENE_1
390
0
  6
Continuous
 62
       250
 48
0.0503534939
100
AcDbVertex
100
AcDb2dVertex
 10
86.0850739046
 20
-10.3484885866
 30
0.0
 40
0.0
 41
0.0
  0
VERTEX
  5
666
100
AcDbEntity
  8
EBENE_1
390
0
  6
Continuous
 62
       250
 48
0.0503534939
100
AcDbVertex
100
AcDb2dVertex
 10
85.9392083094
 20
-10.2732206419
 30
0.0
 40
0.0
 41
0.0
  0
VERTEX
  5
667
100
AcDbEntity
  8
EBENE_1
390
0
  6
Continuous
 62
       250
 48
0.0503534939
100
AcDbVertex
100
AcDb2dVertex
 10
85.7892211684
 20
-10.2040196314
 30
0.0
 40
0.0
 41
0.0
  0
VERTEX
  5
668
100
AcDbEntity
  8
EBENE_1
390
0
  6
Continuous
 62
       250
 48
0.0503534939
100
AcDbVertex
100
AcDb2dVertex
 10
85.6365968049
 20
-10.1388917592
 30
0.0
 40
0.0
 41
0.0
  0
VERTEX
  5
669
100
AcDbEntity
  8
EBENE_1
390
0
  6
Continuous
 62
       250
 48
0.0503534939
100
AcDbVertex
100
AcDb2dVertex
 10
85.4810777281
 20
-10.0803549112
 30
0.0
 40
0.0
 41
0.0
  0
VERTEX
  5
66A
100
AcDbEntity
  8
EBENE_1
390
0
  6
Continuous
 62
       250
 48
0.0503534939
100
AcDbVertex
100
AcDb2dVertex
 10
85.3241999511
 20
-10.0264506343
 30
0.0
 40
0.0
 41
0.0
  0
VERTEX
  5
66B
100
AcDbEntity
  8
EBENE_1
390
0
  6
Continuous
 62
       250
 48
0.0503534939
100
AcDbVertex
100
AcDb2dVertex
 10
85.1653858244
 20
-9.9795152831
 30
0.0
 40
0.0
 41
0.0
  0
VERTEX
  5
66C
100
AcDbEntity
  8
EBENE_1
390
0
  6
Continuous
 62
       250
 48
0.0503534939
100
AcDbVertex
100
AcDb2dVertex
 10
85.0054154507
 20
-9.9372802696
 30
0.0
 40
0.0
 41
0.0
  0
VERTEX
  5
66D
100
AcDbEntity
  8
EBENE_1
390
0
  6
Continuous
 62
       250
 48
0.0503534939
100
AcDbVertex
100
AcDb2dVertex
 10
84.8440070735
 20
-9.9021776557
 30
0.0
 40
0.0
 41
0.0
  0
VERTEX
  5
66E
100
AcDbEntity
  8
EBENE_1
390
0
  6
Continuous
 62
       250
 48
0.0503534939
100
AcDbVertex
100
AcDb2dVertex
 10
84.680379781
 20
-9.8715797905
 30
0.0
 40
0.0
 41
0.0
  0
VERTEX
  5
66F
100
AcDbEntity
  8
EBENE_1
390
0
  6
Continuous
 62
       250
 48
0.0503534939
100
AcDbVertex
100
AcDb2dVertex
 10
84.5137212678
 20
-9.847890808
 30
0.0
 40
0.0
 41
0.0
  0
VERTEX
  5
670
100
AcDbEntity
  8
EBENE_1
390
0
  6
Continuous
 62
       250
 48
0.0503534939
100
AcDbVertex
100
AcDb2dVertex
 10
84.3467635384
 20
-9.8290743784
 30
0.0
 40
0.0
 41
0.0
  0
VERTEX
  5
671
100
AcDbEntity
  8
EBENE_1
390
0
  6
Continuous
 62
       250
 48
0.0503534939
100
AcDbVertex
100
AcDb2dVertex
 10
84.1794353839
 20
-9.817552141
 30
0.0
 40
0.0
 41
0.0
  0
VERTEX
  5
672
100
AcDbEntity
  8
EBENE_1
390
0
  6
Continuous
 62
       250
 48
0.0503534939
100
AcDbVertex
100
AcDb2dVertex
 10
84.012101201
 20
-9.8109185281
 30
0.0
 40
0.0
 41
0.0
  0
VERTEX
  5
673
100
AcDbEntity
  8
EBENE_1
390
0
  6
Continuous
 62
       250
 48
0.0503534939
100
AcDbVertex
100
AcDb2dVertex
 10
83.8448768435
 20
-9.8116145596
 30
0.0
 40
0.0
 41
0.0
  0
VERTEX
  5
674
100
AcDbEntity
  8
EBENE_1
390
0
  6
Continuous
 62
       250
 48
0.0503534939
100
AcDbVertex
100
AcDb2dVertex
 10
83.6778771414
 20
-9.8172078334
 30
0.0
 40
0.0
 41
0.0
  0
VERTEX
  5
675
100
AcDbEntity
  8
EBENE_1
390
0
  6
Continuous
 62
       250
 48
0.0503534939
100
AcDbVertex
100
AcDb2dVertex
 10
83.509780078
 20
-9.8302817067
 30
0.0
 40
0.0
 41
0.0
  0
VERTEX
  5
676
100
AcDbEntity
  8
EBENE_1
390
0
  6
Continuous
 62
       250
 48
0.0503534939
100
AcDbVertex
100
AcDb2dVertex
 10
83.3416251594
 20
-9.8482923197
 30
0.0
 40
0.0
 41
0.0
  0
VERTEX
  5
677
100
AcDbEntity
  8
EBENE_1
390
0
  6
Continuous
 62
       250
 48
0.0503534939
100
AcDbVertex
100
AcDb2dVertex
 10
83.1736971819
 20
-9.8736650426
 30
0.0
 40
0.0
 41
0.0
  0
VERTEX
  5
678
100
AcDbEntity
  8
EBENE_1
390
0
  6
Continuous
 62
       250
 48
0.0503534939
100
AcDbVertex
100
AcDb2dVertex
 10
83.0068502117
 20
-9.9038508035
 30
0.0
 40
0.0
 41
0.0
  0
VERTEX
  5
679
100
AcDbEntity
  8
EBENE_1
390
0
  6
Continuous
 62
       250
 48
0.0503534939
100
AcDbVertex
100
AcDb2dVertex
 10
82.8417176754
 20
-9.9412321284
 30
0.0
 40
0.0
 41
0.0
  0
VERTEX
  5
67A
100
AcDbEntity
  8
EBENE_1
390
0
  6
Continuous
 62
       250
 48
0.0503534939
100
AcDbVertex
100
AcDb2dVertex
 10
82.6779523874
 20
-9.9833606692
 30
0.0
 40
0.0
 41
0.0
  0
VERTEX
  5
67B
100
AcDbEntity
  8
EBENE_1
390
0
  6
Continuous
 62
       250
 48
0.0503534939
100
AcDbVertex
100
AcDb2dVertex
 10
82.5163717819
 20
-10.0325965192
 30
0.0
 40
0.0
 41
0.0
  0
VERTEX
  5
67C
100
AcDbEntity
  8
EBENE_1
390
0
  6
Continuous
 62
       250
 48
0.0503534939
100
AcDbVertex
100
AcDb2dVertex
 10
82.3563930614
 20
-10.0865104146
 30
0.0
 40
0.0
 41
0.0
  0
VERTEX
  5
67D
100
AcDbEntity
  8
EBENE_1
390
0
  6
Continuous
 62
       250
 48
0.0503534939
100
AcDbVertex
100
AcDb2dVertex
 10
82.1959826032
 20
-10.1485240484
 30
0.0
 40
0.0
 41
0.0
  0
VERTEX
  5
67E
100
AcDbEntity
  8
EBENE_1
390
0
  6
Continuous
 62
       250
 48
0.0503534939
100
AcDbVertex
100
AcDb2dVertex
 10
82.0376424225
 20
-10.2150894209
 30
0.0
 40
0.0
 41
0.0
  0
VERTEX
  5
67F
100
AcDbEntity
  8
EBENE_1
390
0
  6
Continuous
 62
       250
 48
0.0503534939
100
AcDbVertex
100
AcDb2dVertex
 10
81.8826738464
 20
-10.2882986859
 30
0.0
 40
0.0
 41
0.0
  0
VERTEX
  5
680
100
AcDbEntity
  8
EBENE_1
390
0
  6
Continuous
 62
       250
 48
0.0503534939
100
AcDbVertex
100
AcDb2dVertex
 10
81.7301321905
 20
-10.3658589128
 30
0.0
 40
0.0
 41
0.0
  0
VERTEX
  5
681
100
AcDbEntity
  8
EBENE_1
390
0
  6
Continuous
 62
       250
 48
0.0503534939
100
AcDbVertex
100
AcDb2dVertex
 10
81.5813255452
 20
-10.4498981813
 30
0.0
 40
0.0
 41
0.0
  0
VERTEX
  5
682
100
AcDbEntity
  8
EBENE_1
390
0
  6
Continuous
 62
       250
 48
0.0503534939
100
AcDbVertex
100
AcDb2dVertex
 10
81.4352085955
 20
-10.5381490906
 30
0.0
 40
0.0
 41
0.0
  0
VERTEX
  5
683
100
AcDbEntity
  8
EBENE_1
390
0
  6
Continuous
 62
       250
 48
0.0503534939
100
AcDbVertex
100
AcDb2dVertex
 10
81.2923790577
 20
-10.6332734516
 30
0.0
 40
0.0
 41
0.0
  0
VERTEX
  5
684
100
AcDbEntity
  8
EBENE_1
390
0
  6
Continuous
 62
       250
 48
0.0503534939
100
AcDbVertex
100
AcDb2dVertex
 10
81.1518785471
 20
-10.7328982871
 30
0.0
 40
0.0
 41
0.0
  0
VERTEX
  5
685
100
AcDbEntity
  8
EBENE_1
390
0
  6
Continuous
 62
       250
 48
0.0503534939
100
AcDbVertex
100
AcDb2dVertex
 10
81.0148210333
 20
-10.8392901459
 30
0.0
 40
0.0
 41
0.0
  0
VERTEX
  5
686
100
AcDbEntity
  8
EBENE_1
390
0
  6
Continuous
 62
       250
 48
0.0503534939
100
AcDbVertex
100
AcDb2dVertex
 10
80.8810626764
 20
-10.9494695159
 30
0.0
 40
0.0
 41
0.0
  0
VERTEX
  5
687
100
AcDbEntity
  8
EBENE_1
390
0
  6
Continuous
 62
       250
 48
0.0503534939
100
AcDbVertex
100
AcDb2dVertex
 10
80.7524953214
 20
-11.0651367347
 30
0.0
 40
0.0
 41
0.0
  0
VERTEX
  5
688
100
AcDbEntity
  8
EBENE_1
390
0
  6
Continuous
 62
       250
 48
0.0503534939
100
AcDbVertex
100
AcDb2dVertex
 10
80.6275184972
 20
-11.1843356461
 30
0.0
 40
0.0
 41
0.0
  0
VERTEX
  5
689
100
AcDbEntity
  8
EBENE_1
390
0
  6
Continuous
 62
       250
 48
0.0503534939
100
AcDbVertex
100
AcDb2dVertex
 10
80.5080304768
 20
-11.3087677075
 30
0.0
 40
0.0
 41
0.0
  0
VERTEX
  5
68A
100
AcDbEntity
  8
EBENE_1
390
0
  6
Continuous
 62
       250
 48
0.0503534939
100
AcDbVertex
100
AcDb2dVertex
 10
80.3923467112
 20
-11.4365415722
 30
0.0
 40
0.0
 41
0.0
  0
VERTEX
  5
68B
100
AcDbEntity
  8
EBENE_1
390
0
  6
Continuous
 62
       250
 48
0.0503534939
100
AcDbVertex
100
AcDb2dVertex
 10
80.2811636652
 20
-11.5707308754
 30
0.0
 40
0.0
 41
0.0
  0
VERTEX
  5
68C
100
AcDbEntity
  8
EBENE_1
390
0
  6
Continuous
 62
       250
 48
0.0503534939
100
AcDbVertex
100
AcDb2dVertex
 10
80.1731357766
 20
-11.7091075223
 30
0.0
 40
0.0
 41
0.0
  0
VERTEX
  5
68D
100
AcDbEntity
  8
EBENE_1
390
0
  6
Continuous
 62
       250
 48
0.0503534939
100
AcDbVertex
100
AcDb2dVertex
 10
80.0715273441
 20
-11.8516039113
 30
0.0
 40
0.0
 41
0.0
  0
VERTEX
  5
68E
100
AcDbEntity
  8
EBENE_1
390
0
  6
Continuous
 62
       250
 48
0.0503534939
100
AcDbVertex
100
AcDb2dVertex
 10
79.9741868278
 20
-11.9968410225
 30
0.0
 40
0.0
 41
0.0
  0
VERTEX
  5
68F
100
AcDbEntity
  8
EBENE_1
390
0
  6
Continuous
 62
       250
 48
0.0503534939
100
AcDbVertex
100
AcDb2dVertex
 10
79.883430914
 20
-12.1459422708
 30
0.0
 40
0.0
 41
0.0
  0
VERTEX
  5
690
100
AcDbEntity
  8
EBENE_1
390
0
  6
Continuous
 62
       250
 48
0.0503534939
100
AcDbVertex
100
AcDb2dVertex
 10
79.797157937
 20
-12.2974613373
 30
0.0
 40
0.0
 41
0.0
  0
VERTEX
  5
691
100
AcDbEntity
  8
EBENE_1
390
0
  6
Continuous
 62
       250
 48
0.0503534939
100
AcDbVertex
100
AcDb2dVertex
 10
79.7174818386
 20
-12.4529529668
 30
0.0
 40
0.0
 41
0.0
  0
VERTEX
  5
692
100
AcDbEntity
  8
EBENE_1
390
0
  6
Continuous
 62
       250
 48
0.0503534939
100
AcDbVertex
100
AcDb2dVertex
 10
79.6420225829
 20
-12.6115441274
 30
0.0
 40
0.0
 41
0.0
  0
VERTEX
  5
693
100
AcDbEntity
  8
EBENE_1
390
0
  6
Continuous
 62
       250
 48
0.0503534939
100
AcDbVertex
100
AcDb2dVertex
 10
79.5731802179
 20
-12.7741071355
 30
0.0
 40
0.0
 41
0.0
  0
VERTEX
  5
694
100
AcDbEntity
  8
EBENE_1
390
0
  6
Continuous
 62
       250
 48
0.0503534939
100
AcDbVertex
100
AcDb2dVertex
 10
79.5088750945
 20
-12.9390581696
 30
0.0
 40
0.0
 41
0.0
  0
VERTEX
  5
695
100
AcDbEntity
  8
EBENE_1
390
0
  6
Continuous
 62
       250
 48
0.0503534939
100
AcDbVertex
100
AcDb2dVertex
 10
79.451963502
 20
-13.1062071638
 30
0.0
 40
0.0
 41
0.0
  0
VERTEX
  5
696
100
AcDbEntity
  8
EBENE_1
390
0
  6
Continuous
 62
       250
 48
0.0503534939
100
AcDbVertex
100
AcDb2dVertex
 10
79.3999757067
 20
-13.2748034063
 30
0.0
 40
0.0
 41
0.0
  0
VERTEX
  5
697
100
AcDbEntity
  8
EBENE_1
390
0
  6
Continuous
 62
       250
 48
0.0503534939
100
AcDbVertex
100
AcDb2dVertex
 10
79.3554750335
 20
-13.4452815497
 30
0.0
 40
0.0
 41
0.0
  0
VERTEX
  5
698
100
AcDbEntity
  8
EBENE_1
390
0
  6
Continuous
 62
       250
 48
0.0503534939
100
AcDbVertex
100
AcDb2dVertex
 10
79.3160223883
 20
-13.6168499299
 30
0.0
 40
0.0
 41
0.0
  0
VERTEX
  5
699
100
AcDbEntity
  8
EBENE_1
390
0
  6
Continuous
 62
       250
 48
0.0503534939
100
AcDbVertex
100
AcDb2dVertex
 10
79.2839907877
 20
-13.7908504488
 30
0.0
 40
0.0
 41
0.0
  0
VERTEX
  5
69A
100
AcDbEntity
  8
EBENE_1
390
0
  6
Continuous
 62
       250
 48
0.0503534939
100
AcDbVertex
100
AcDb2dVertex
 10
79.2567644599
 20
-13.9675904975
 30
0.0
 40
0.0
 41
0.0
  0
VERTEX
  5
69B
100
AcDbEntity
  8
EBENE_1
390
0
  6
Continuous
 62
       250
 48
0.0503534939
100
AcDbVertex
100
AcDb2dVertex
 10
79.2372443504
 20
-14.1453348905
 30
0.0
 40
0.0
 41
0.0
  0
VERTEX
  5
69C
100
AcDbEntity
  8
EBENE_1
390
0
  6
Continuous
 62
       250
 48
0.0503534939
100
AcDbVertex
100
AcDb2dVertex
 10
79.2228890983
 20
-14.3233491257
 30
0.0
 40
0.0
 41
0.0
  0
VERTEX
  5
69D
100
AcDbEntity
  8
EBENE_1
390
0
  6
Continuous
 62
       250
 48
0.0503534939
100
AcDbVertex
100
AcDb2dVertex
 10
79.2163231433
 20
-14.5013819009
 30
0.0
 40
0.0
 41
0.0
  0
VERTEX
  5
69E
100
AcDbEntity
  8
EBENE_1
390
0
  6
Continuous
 62
       250
 48
0.0503534939
100
AcDbVertex
100
AcDb2dVertex
 10
79.2149448465
 20
-14.6794015706
 30
0.0
 40
0.0
 41
0.0
  0
VERTEX
  5
69F
100
AcDbEntity
  8
EBENE_1
390
0
  6
Continuous
 62
       250
 48
0.0503534939
100
AcDbVertex
100
AcDb2dVertex
 10
79.2213845279
 20
-14.857268973
 30
0.0
 40
0.0
 41
0.0
  0
VERTEX
  5
6A0
100
AcDbEntity
  8
EBENE_1
390
0
  6
Continuous
 62
       250
 48
0.0503534939
100
AcDbVertex
100
AcDb2dVertex
 10
79.2331349553
 20
-15.0357940259
 30
0.0
 40
0.0
 41
0.0
  0
VERTEX
  5
6A1
100
AcDbEntity
  8
EBENE_1
390
0
  6
Continuous
 62
       250
 48
0.0503534939
100
AcDbVertex
100
AcDb2dVertex
 10
79.2527861755
 20
-15.214477407
 30
0.0
 40
0.0
 41
0.0
  0
VERTEX
  5
6A2
100
AcDbEntity
  8
EBENE_1
390
0
  6
Continuous
 62
       250
 48
0.0503534939
100
AcDbVertex
100
AcDb2dVertex
 10
79.2776874742
 20
-15.3932764757
 30
0.0
 40
0.0
 41
0.0
  0
VERTEX
  5
6A3
100
AcDbEntity
  8
EBENE_1
390
0
  6
Continuous
 62
       250
 48
0.0503534939
100
AcDbVertex
100
AcDb2dVertex
 10
79.3102947384
 20
-15.5706576581
 30
0.0
 40
0.0
 41
0.0
  0
VERTEX
  5
6A4
100
AcDbEntity
  8
EBENE_1
390
0
  6
Continuous
 62
       250
 48
0.0503534939
100
AcDbVertex
100
AcDb2dVertex
 10
79.3479986032
 20
-15.7468233967
 30
0.0
 40
0.0
 41
0.0
  0
VERTEX
  5
6A5
100
AcDbEntity
  8
EBENE_1
390
0
  6
Continuous
 62
       250
 48
0.0503534939
100
AcDbVertex
100
AcDb2dVertex
 10
79.3932615185
 20
-15.9208022565
 30
0.0
 40
0.0
 41
0.0
  0
VERTEX
  5
6A6
100
AcDbEntity
  8
EBENE_1
390
0
  6
Continuous
 62
       250
 48
0.0503534939
100
AcDbVertex
100
AcDb2dVertex
 10
79.4435720902
 20
-16.0932764448
 30
0.0
 40
0.0
 41
0.0
  0
VERTEX
  5
6A7
100
AcDbEntity
  8
EBENE_1
390
0
  6
Continuous
 62
       250
 48
0.0503534939
100
AcDbVertex
100
AcDb2dVertex
 10
79.5014661148
 20
-16.2635213166
 30
0.0
 40
0.0
 41
0.0
  0
VERTEX
  5
6A8
100
AcDbEntity
  8
EBENE_1
390
0
  6
Continuous
 62
       250
 48
0.0503534939
100
AcDbVertex
100
AcDb2dVertex
 10
79.5649682197
 20
-16.4337877073
 30
0.0
 40
0.0
 41
0.0
  0
VERTEX
  5
6A9
100
AcDbEntity
  8
EBENE_1
390
0
  6
Continuous
 62
       250
 48
0.0503534939
100
AcDbVertex
100
AcDb2dVertex
 10
79.6361310407
 20
-16.6018621335
 30
0.0
 40
0.0
 41
0.0
  0
VERTEX
  5
6AA
100
AcDbEntity
  8
EBENE_1
390
0
  6
Continuous
 62
       250
 48
0.0503534939
100
AcDbVertex
100
AcDb2dVertex
 10
79.7119984881
 20
-16.7675224885
 30
0.0
 40
0.0
 41
0.0
  0
VERTEX
  5
6AB
100
AcDbEntity
  8
EBENE_1
390
0
  6
Continuous
 62
       250
 48
0.0503534939
100
AcDbVertex
100
AcDb2dVertex
 10
79.7948718818
 20
-16.9294564152
 30
0.0
 40
0.0
 41
0.0
  0
VERTEX
  5
6AC
100
AcDbEntity
  8
EBENE_1
390
0
  6
Continuous
 62
       250
 48
0.0503534939
100
AcDbVertex
100
AcDb2dVertex
 10
79.8823509011
 20
-17.0887632446
 30
0.0
 40
0.0
 41
0.0
  0
VERTEX
  5
6AD
100
AcDbEntity
  8
EBENE_1
390
0
  6
Continuous
 62
       250
 48
0.0503534939
100
AcDbVertex
100
AcDb2dVertex
 10
79.9765701204
 20
-17.2438325248
 30
0.0
 40
0.0
 41
0.0
  0
VERTEX
  5
6AE
100
AcDbEntity
  8
EBENE_1
390
0
  6
Continuous
 62
       250
 48
0.0503534939
100
AcDbVertex
100
AcDb2dVertex
 10
80.0756418071
 20
-17.3965723397
 30
0.0
 40
0.0
 41
0.0
  0
VERTEX
  5
6AF
100
AcDbEntity
  8
EBENE_1
390
0
  6
Continuous
 62
       250
 48
0.0503534939
100
AcDbVertex
100
AcDb2dVertex
 10
80.1819338485
 20
-17.5456568469
 30
0.0
 40
0.0
 41
0.0
  0
VERTEX
  5
6B0
100
AcDbEntity
  8
EBENE_1
390
0
  6
Continuous
 62
       250
 48
0.0503534939
100
AcDbVertex
100
AcDb2dVertex
 10
80.2929423097
 20
-17.6921981432
 30
0.0
 40
0.0
 41
0.0
  0
VERTEX
  5
6B1
100
AcDbEntity
  8
EBENE_1
390
0
  6
Continuous
 62
       250
 48
0.0503534939
100
AcDbVertex
100
AcDb2dVertex
 10
80.4103427933
 20
-17.8339635286
 30
0.0
 40
0.0
 41
0.0
  0
VERTEX
  5
6B2
100
AcDbEntity
  8
EBENE_1
390
0
  6
Continuous
 62
       250
 48
0.0503534939
100
AcDbVertex
100
AcDb2dVertex
 10
80.5316228992
 20
-17.9720412869
 30
0.0
 40
0.0
 41
0.0
  0
VERTEX
  5
6B3
100
AcDbEntity
  8
EBENE_1
390
0
  6
Continuous
 62
       250
 48
0.0503534939
100
AcDbVertex
100
AcDb2dVertex
 10
80.6586254664
 20
-18.1045035886
 30
0.0
 40
0.0
 41
0.0
  0
VERTEX
  5
6B4
100
AcDbEntity
  8
EBENE_1
390
0
  6
Continuous
 62
       250
 48
0.0503534939
100
AcDbVertex
100
AcDb2dVertex
 10
80.789338564
 20
-18.2330952539
 30
0.0
 40
0.0
 41
0.0
  0
VERTEX
  5
6B5
100
AcDbEntity
  8
EBENE_1
390
0
  6
Continuous
 62
       250
 48
0.0503534939
100
AcDbVertex
100
AcDb2dVertex
 10
80.9253908537
 20
-18.3556512766
 30
0.0
 40
0.0
 41
0.0
  0
VERTEX
  5
6B6
100
AcDbEntity
  8
EBENE_1
390
0
  6
Continuous
 62
       250
 48
0.0503534939
100
AcDbVertex
100
AcDb2dVertex
 10
81.0659457418
 20
-18.4750002887
 30
0.0
 40
0.0
 41
0.0
  0
VERTEX
  5
6B7
100
AcDbEntity
  8
EBENE_1
390
0
  6
Continuous
 62
       250
 48
0.0503534939
100
AcDbVertex
100
AcDb2dVertex
 10
81.2130458539
 20
-18.5892436291
 30
0.0
 40
0.0
 41
0.0
  0
VERTEX
  5
6B8
100
AcDbEntity
  8
EBENE_1
390
0
  6
Continuous
 62
       250
 48
0.0503534939
100
AcDbVertex
100
AcDb2dVertex
 10
81.3631244759
 20
-18.6989867121
 30
0.0
 40
0.0
 41
0.0
  0
VERTEX
  5
6B9
100
AcDbEntity
  8
EBENE_1
390
0
  6
Continuous
 62
       250
 48
0.0503534939
100
AcDbVertex
100
AcDb2dVertex
 10
81.5175811516
 20
-18.801941911
 30
0.0
 40
0.0
 41
0.0
  0
VERTEX
  5
6BA
100
AcDbEntity
  8
EBENE_1
390
0
  6
Continuous
 62
       250
 48
0.0503534939
100
AcDbVertex
100
AcDb2dVertex
 10
81.6747476735
 20
-18.9002185602
 30
0.0
 40
0.0
 41
0.0
  0
VERTEX
  5
6BB
100
AcDbEntity
  8
EBENE_1
390
0
  6
Continuous
 62
       250
 48
0.0503534939
100
AcDbVertex
100
AcDb2dVertex
 10
81.8358593485
 20
-18.9914102729
 30
0.0
 40
0.0
 41
0.0
  0
VERTEX
  5
6BC
100
AcDbEntity
  8
EBENE_1
390
0
  6
Continuous
 62
       250
 48
0.0503534939
100
AcDbVertex
100
AcDb2dVertex
 10
81.9994607045
 20
-19.0777812237
 30
0.0
 40
0.0
 41
0.0
  0
VERTEX
  5
6BD
100
AcDbEntity
  8
EBENE_1
390
0
  6
Continuous
 62
       250
 48
0.0503534939
100
AcDbVertex
100
AcDb2dVertex
 10
82.1681041662
 20
-19.157504929
 30
0.0
 40
0.0
 41
0.0
  0
VERTEX
  5
6BE
100
AcDbEntity
  8
EBENE_1
390
0
  6
Continuous
 62
       250
 48
0.0503534939
100
AcDbVertex
100
AcDb2dVertex
 10
82.3394589203
 20
-19.2324910508
 30
0.0
 40
0.0
 41
0.0
  0
VERTEX
  5
6BF
100
AcDbEntity
  8
EBENE_1
390
0
  6
Continuous
 62
       250
 48
0.0503534939
100
AcDbVertex
100
AcDb2dVertex
 10
82.5145548721
 20
-19.3002478676
 30
0.0
 40
0.0
 41
0.0
  0
VERTEX
  5
6C0
100
AcDbEntity
  8
EBENE_1
390
0
  6
Continuous
 62
       250
 48
0.0503534939
100
AcDbVertex
100
AcDb2dVertex
 10
82.6912652794
 20
-19.3628001781
 30
0.0
 40
0.0
 41
0.0
  0
VERTEX
  5
6C1
100
AcDbEntity
  8
EBENE_1
390
0
  6
Continuous
 62
       250
 48
0.0503534939
100
AcDbVertex
100
AcDb2dVertex
 10
82.8702878769
 20
-19.417515987
 30
0.0
 40
0.0
 41
0.0
  0
VERTEX
  5
6C2
100
AcDbEntity
  8
EBENE_1
390
0
  6
Continuous
 62
       250
 48
0.0503534939
100
AcDbVertex
100
AcDb2dVertex
 10
83.05061357
 20
-19.4669321239
 30
0.0
 40
0.0
 41
0.0
  0
VERTEX
  5
6C3
100
AcDbEntity
  8
EBENE_1
390
0
  6
Continuous
 62
       250
 48
0.0503534939
100
AcDbVertex
100
AcDb2dVertex
 10
83.2327533299
 20
-19.5083349164
 30
0.0
 40
0.0
 41
0.0
  0
VERTEX
  5
6C4
100
AcDbEntity
  8
EBENE_1
390
0
  6
Continuous
 62
       250
 48
0.0503534939
100
AcDbVertex
100
AcDb2dVertex
 10
83.4159284465
 20
-19.5443760036
 30
0.0
 40
0.0
 41
0.0
  0
VERTEX
  5
6C5
100
AcDbEntity
  8
EBENE_1
390
0
  6
Continuous
 62
       250
 48
0.0503534939
100
AcDbVertex
100
AcDb2dVertex
 10
83.6036374773
 20
-19.5728482139
 30
0.0
 40
0.0
 41
0.0
  0
VERTEX
  5
6C6
100
AcDbEntity
  8
EBENE_1
390
0
  6
Continuous
 62
       250
 48
0.0503534939
100
AcDbVertex
100
AcDb2dVertex
 10
83.7918823892
 20
-19.5958290241
 30
0.0
 40
0.0
 41
0.0
  0
VERTEX
  5
6C7
100
AcDbEntity
  8
EBENE_1
390
0
  6
Continuous
 62
       250
 48
0.0503534939
100
AcDbVertex
100
AcDb2dVertex
 10
83.9805844093
 20
-19.6105883675
 30
0.0
 40
0.0
 41
0.0
  0
VERTEX
  5
6C8
100
AcDbEntity
  8
EBENE_1
390
0
  6
Continuous
 62
       250
 48
0.0503534939
100
AcDbVertex
100
AcDb2dVertex
 10
84.1693856482
 20
-19.6198464589
 30
0.0
 40
0.0
 41
0.0
  0
VERTEX
  5
6C9
100
AcDbEntity
  8
EBENE_1
390
0
  6
Continuous
 62
       250
 48
0.0503534939
100
AcDbVertex
100
AcDb2dVertex
 10
84.3581987438
 20
-19.6208444848
 30
0.0
 40
0.0
 41
0.0
  0
VERTEX
  5
6CA
100
AcDbEntity
  8
EBENE_1
390
0
  6
Continuous
 62
       250
 48
0.0503534939
100
AcDbVertex
100
AcDb2dVertex
 10
84.5467837843
 20
-19.6163283776
 30
0.0
 40
0.0
 41
0.0
  0
VERTEX
  5
6CB
100
AcDbEntity
  8
EBENE_1
390
0
  6
Continuous
 62
       250
 48
0.0503534939
100
AcDbVertex
100
AcDb2dVertex
 10
84.7358762293
 20
-19.603432855
 30
0.0
 40
0.0
 41
0.0
  0
VERTEX
  5
6CC
100
AcDbEntity
  8
EBENE_1
390
0
  6
Continuous
 62
       250
 48
0.0503534939
100
AcDbVertex
100
AcDb2dVertex
 10
84.9251256233
 20
-19.5849554242
 30
0.0
 40
0.0
 41
0.0
  0
VERTEX
  5
6CD
100
AcDbEntity
  8
EBENE_1
390
0
  6
Continuous
 62
       250
 48
0.0503534939
100
AcDbVertex
100
AcDb2dVertex
 10
85.1146185227
 20
-19.5581208901
 30
0.0
 40
0.0
 41
0.0
  0
VERTEX
  5
6CE
100
AcDbEntity
  8
EBENE_1
390
0
  6
Continuous
 62
       250
 48
0.0503534939
100
AcDbVertex
100
AcDb2dVertex
 10
85.3030583215
 20
-19.525845895
 30
0.0
 40
0.0
 41
0.0
  0
VERTEX
  5
6CF
100
AcDbEntity
  8
EBENE_1
390
0
  6
Continuous
 62
       250
 48
0.0503534939
100
AcDbVertex
100
AcDb2dVertex
 10
85.4895857332
 20
-19.4854648341
 30
0.0
 40
0.0
 41
0.0
  0
VERTEX
  5
6D0
100
AcDbEntity
  8
EBENE_1
390
0
  6
Continuous
 62
       250
 48
0.0503534939
100
AcDbVertex
100
AcDb2dVertex
 10
85.6746387783
 20
-19.4397306586
 30
0.0
 40
0.0
 41
0.0
  0
VERTEX
  5
6D1
100
AcDbEntity
  8
EBENE_1
390
0
  6
Continuous
 62
       250
 48
0.0503534939
100
AcDbVertex
100
AcDb2dVertex
 10
85.8573239177
 20
-19.3859810198
 30
0.0
 40
0.0
 41
0.0
  0
VERTEX
  5
6D2
100
AcDbEntity
  8
EBENE_1
390
0
  6
Continuous
 62
       250
 48
0.0503534939
100
AcDbVertex
100
AcDb2dVertex
 10
86.0382083095
 20
-19.3269480639
 30
0.0
 40
0.0
 41
0.0
  0
VERTEX
  5
6D3
100
AcDbEntity
  8
EBENE_1
390
0
  6
Continuous
 62
       250
 48
0.0503534939
100
AcDbVertex
100
AcDb2dVertex
 10
86.2181130061
 20
-19.2593676679
 30
0.0
 40
0.0
 41
0.0
  0
VERTEX
  5
6D4
100
AcDbEntity
  8
EBENE_1
390
0
  6
Continuous
 62
       250
 48
0.0503534939
100
AcDbVertex
100
AcDb2dVertex
 10
86.3971682042
 20
-19.1860957598
 30
0.0
 40
0.0
 41
0.0
  0
VERTEX
  5
6D5
100
AcDbEntity
  8
EBENE_1
390
0
  6
Continuous
 62
       250
 48
0.0503534939
100
AcDbVertex
100
AcDb2dVertex
 10
86.5723677558
 20
-19.1053527148
 30
0.0
 40
0.0
 41
0.0
  0
VERTEX
  5
6D6
100
AcDbEntity
  8
EBENE_1
390
0
  6
Continuous
 62
       250
 48
0.0503534939
100
AcDbVertex
100
AcDb2dVertex
 10
86.7449969976
 20
-19.0196442445
 30
0.0
 40
0.0
 41
0.0
  0
VERTEX
  5
6D7
100
AcDbEntity
  8
EBENE_1
390
0
  6
Continuous
 62
       250
 48
0.0503534939
100
AcDbVertex
100
AcDb2dVertex
 10
86.9134654452
 20
-18.9266238232
 30
0.0
 40
0.0
 41
0.0
  0
VERTEX
  5
6D8
100
AcDbEntity
  8
EBENE_1
390
0
  6
Continuous
 62
       250
 48
0.0503534939
100
AcDbVertex
100
AcDb2dVertex
 10
87.0789902281
 20
-18.8288266579
 30
0.0
 40
0.0
 41
0.0
  0
VERTEX
  5
6D9
100
AcDbEntity
  8
EBENE_1
390
0
  6
Continuous
 62
       250
 48
0.0503534939
100
AcDbVertex
100
AcDb2dVertex
 10
87.2403588687
 20
-18.7236342515
 30
0.0
 40
0.0
 41
0.0
  0
VERTEX
  5
6DA
100
AcDbEntity
  8
EBENE_1
390
0
  6
Continuous
 62
       250
 48
0.0503534939
100
AcDbVertex
100
AcDb2dVertex
 10
87.3993302022
 20
-18.6132106753
 30
0.0
 40
0.0
 41
0.0
  0
VERTEX
  5
6DB
100
AcDbEntity
  8
EBENE_1
390
0
  6
Continuous
 62
       250
 48
0.0503534939
100
AcDbVertex
100
AcDb2dVertex
 10
87.5540702208
 20
-18.4954229786
 30
0.0
 40
0.0
 41
0.0
  0
VERTEX
  5
6DC
100
AcDbEntity
  8
EBENE_1
390
0
  6
Continuous
 62
       250
 48
0.0503534939
100
AcDbVertex
100
AcDb2dVertex
 10
87.705736379
 20
-18.372904674
 30
0.0
 40
0.0
 41
0.0
  0
VERTEX
  5
6DD
100
AcDbEntity
  8
EBENE_1
390
0
  6
Continuous
 62
       250
 48
0.0503534939
100
AcDbVertex
100
AcDb2dVertex
 10
87.851557285
 20
-18.2442337189
 30
0.0
 40
0.0
 41
0.0
  0
VERTEX
  5
6DE
100
AcDbEntity
  8
EBENE_1
390
0
  6
Continuous
 62
       250
 48
0.0503534939
100
AcDbVertex
100
AcDb2dVertex
 10
87.9934714861
 20
-18.1114830787
 30
0.0
 40
0.0
 41
0.0
  0
VERTEX
  5
6DF
100
AcDbEntity
  8
EBENE_1
390
0
  6
Continuous
 62
       250
 48
0.0503534939
100
AcDbVertex
100
AcDb2dVertex
 10
88.1292693835
 20
-17.972828615
 30
0.0
 40
0.0
 41
0.0
  0
VERTEX
  5
6E0
100
AcDbEntity
  8
EBENE_1
390
0
  6
Continuous
 62
       250
 48
0.0503534939
100
AcDbVertex
100
AcDb2dVertex
 10
88.2608463977
 20
-17.8303598124
 30
0.0
 40
0.0
 41
0.0
  0
VERTEX
  5
6E1
100
AcDbEntity
  8
EBENE_1
390
0
  6
Continuous
 62
       250
 48
0.0503534939
100
AcDbVertex
100
AcDb2dVertex
 10
88.3866063503
 20
-17.681578329
 30
0.0
 40
0.0
 41
0.0
  0
VERTEX
  5
6E2
100
AcDbEntity
  8
EBENE_1
390
0
  6
Continuous
 62
       250
 48
0.0503534939
100
AcDbVertex
100
AcDb2dVertex
 10
88.5091584453
 20
-17.527705184
 30
0.0
 40
0.0
 41
0.0
  0
VERTEX
  5
6E3
100
AcDbEntity
  8
EBENE_1
390
0
  6
Continuous
 62
       250
 48
0.0503534939
100
AcDbVertex
100
AcDb2dVertex
 10
88.6248994688
 20
-17.3686574931
 30
0.0
 40
0.0
 41
0.0
  0
VERTEX
  5
6E4
100
AcDbEntity
  8
EBENE_1
390
0
  6
Continuous
 62
       250
 48
0.0503534939
100
AcDbVertex
100
AcDb2dVertex
 10
88.735864663
 20
-17.2065074568
 30
0.0
 40
0.0
 41
0.0
  0
VERTEX
  5
6E5
100
AcDbEntity
  8
EBENE_1
390
0
  6
Continuous
 62
       250
 48
0.0503534939
100
AcDbVertex
100
AcDb2dVertex
 10
88.8394308975
 20
-17.0400352506
 30
0.0
 40
0.0
 41
0.0
  0
VERTEX
  5
6E6
100
AcDbEntity
  8
EBENE_1
390
0
  6
Continuous
 62
       250
 48
0.0503534939
100
AcDbVertex
100
AcDb2dVertex
 10
88.9380451103
 20
-16.8707215586
 30
0.0
 40
0.0
 41
0.0
  0
VERTEX
  5
6E7
100
AcDbEntity
  8
EBENE_1
390
0
  6
Continuous
 62
       250
 48
0.0503534939
100
AcDbVertex
100
AcDb2dVertex
 10
89.0291215759
 20
-16.6972699933
 30
0.0
 40
0.0
 41
0.0
  0
VERTEX
  5
6E8
100
AcDbEntity
  8
EBENE_1
390
0
  6
Continuous
 62
       250
 48
0.0503534939
100
AcDbVertex
100
AcDb2dVertex
 10
89.115452425
 20
-16.520387478
 30
0.0
 40
0.0
 41
0.0
  0
VERTEX
  5
6E9
100
AcDbEntity
  8
EBENE_1
390
0
  6
Continuous
 62
       250
 48
0.0503534939
100
AcDbVertex
100
AcDb2dVertex
 10
89.1942974938
 20
-16.3391349101
 30
0.0
 40
0.0
 41
0.0
  0
VERTEX
  5
6EA
100
AcDbEntity
  8
EBENE_1
390
0
  6
Continuous
 62
       250
 48
0.0503534939
100
AcDbVertex
100
AcDb2dVertex
 10
89.268156883
 20
-16.1549943338
 30
0.0
 40
0.0
 41
0.0
  0
VERTEX
  5
6EB
100
AcDbEntity
  8
EBENE_1
390
0
  6
Continuous
 62
       250
 48
0.0503534939
100
AcDbVertex
100
AcDb2dVertex
 10
89.3338939106
 20
-15.9679755743
 30
0.0
 40
0.0
 41
0.0
  0
VERTEX
  5
6EC
100
AcDbEntity
  8
EBENE_1
390
0
  6
Continuous
 62
       250
 48
0.0503534939
100
AcDbVertex
100
AcDb2dVertex
 10
89.3941107176
 20
-15.7793080674
 30
0.0
 40
0.0
 41
0.0
  0
VERTEX
  5
6ED
100
AcDbEntity
  8
EBENE_1
390
0
  6
Continuous
 62
       250
 48
0.0503534939
100
AcDbVertex
100
AcDb2dVertex
 10
89.4459404572
 20
-15.5885354889
 30
0.0
 40
0.0
 41
0.0
  0
VERTEX
  5
6EE
100
AcDbEntity
  8
EBENE_1
390
0
  6
Continuous
 62
       250
 48
0.0503534939
100
AcDbVertex
100
AcDb2dVertex
 10
89.4921447421
 20
-15.3964171963
 30
0.0
 40
0.0
 41
0.0
  0
VERTEX
  5
6EF
100
AcDbEntity
  8
EBENE_1
390
0
  6
Continuous
 62
       250
 48
0.0503534939
100
AcDbVertex
100
AcDb2dVertex
 10
89.5299006675
 20
-15.2022793145
 30
0.0
 40
0.0
 41
0.0
  0
VERTEX
  5
6F0
100
AcDbEntity
  8
EBENE_1
390
0
  6
Continuous
 62
       250
 48
0.0503534939
100
AcDbVertex
100
AcDb2dVertex
 10
89.5622755348
 20
-15.0052591045
 30
0.0
 40
0.0
 41
0.0
  0
VERTEX
  5
6F1
100
AcDbEntity
  8
EBENE_1
390
0
  6
Continuous
 62
       250
 48
0.0503534939
100
AcDbVertex
100
AcDb2dVertex
 10
89.5861309098
 20
-14.8062405829
 30
0.0
 40
0.0
 41
0.0
  0
VERTEX
  5
6F2
100
AcDbEntity
  8
EBENE_1
390
0
  6
Continuous
 62
       250
 48
0.0503534939
100
AcDbVertex
100
AcDb2dVertex
 10
89.6041874949
 20
-14.6069418609
 30
0.0
 40
0.0
 41
0.0
  0
VERTEX
  5
6F3
100
AcDbEntity
  8
EBENE_1
390
0
  6
Continuous
 62
       250
 48
0.0503534939
100
AcDbVertex
100
AcDb2dVertex
 10
89.6135366801
 20
-14.4073541923
 30
0.0
 40
0.0
 41
0.0
  0
VERTEX
  5
6F4
100
AcDbEntity
  8
EBENE_1
390
0
  6
Continuous
 62
       250
 48
0.0503534939
100
AcDbVertex
100
AcDb2dVertex
 10
89.6170659236
 20
-14.2077469523
 30
0.0
 40
0.0
 41
0.0
  0
VERTEX
  5
6F5
100
AcDbEntity
  8
EBENE_1
390
0
  6
Continuous
 62
       250
 48
0.0503534939
100
AcDbVertex
100
AcDb2dVertex
 10
89.6118646149
 20
-14.008471564
 30
0.0
 40
0.0
 41
0.0
  0
VERTEX
  5
6F6
100
AcDbEntity
  8
EBENE_1
390
0
  6
Continuous
 62
       250
 48
0.0503534939
100
AcDbVertex
100
AcDb2dVertex
 10
89.6007739702
 20
-13.8088170346
 30
0.0
 40
0.0
 41
0.0
  0
VERTEX
  5
6F7
100
AcDbEntity
  8
EBENE_1
390
0
  6
Continuous
 62
       250
 48
0.0503534939
100
AcDbVertex
100
AcDb2dVertex
 10
89.5808176325
 20
-13.6087914709
 30
0.0
 40
0.0
 41
0.0
  0
VERTEX
  5
6F8
100
AcDbEntity
  8
EBENE_1
390
0
  6
Continuous
 62
       250
 48
0.0503534939
100
AcDbVertex
100
AcDb2dVertex
 10
89.5549860567
 20
-13.4086910896
 30
0.0
 40
0.0
 41
0.0
  0
VERTEX
  5
6F9
100
AcDbEntity
  8
EBENE_1
390
0
  6
Continuous
 62
       250
 48
0.0503534939
100
AcDbVertex
100
AcDb2dVertex
 10
89.5204651407
 20
-13.2096833349
 30
0.0
 40
0.0
 41
0.0
  0
VERTEX
  5
6FA
100
AcDbEntity
  8
EBENE_1
390
0
  6
Continuous
 62
       250
 48
0.0503534939
100
AcDbVertex
100
AcDb2dVertex
 10
89.4802390196
 20
-13.0120562373
 30
0.0
 40
0.0
 41
0.0
  0
VERTEX
  5
6FB
100
AcDbEntity
  8
EBENE_1
390
0
  6
Continuous
 62
       250
 48
0.0503534939
100
AcDbVertex
100
AcDb2dVertex
 10
89.4315000523
 20
-12.8166372821
 30
0.0
 40
0.0
 41
0.0
  0
VERTEX
  5
6FC
100
AcDbEntity
  8
EBENE_1
390
0
  6
Continuous
 62
       250
 48
0.0503534939
100
AcDbVertex
100
AcDb2dVertex
 10
89.3771157055
 20
-12.6228700087
 30
0.0
 40
0.0
 41
0.0
  0
VERTEX
  5
6FD
100
AcDbEntity
  8
EBENE_1
390
0
  6
Continuous
 62
       250
 48
0.0503534939
100
AcDbVertex
100
AcDb2dVertex
 10
89.3143490964
 20
-12.4319097461
 30
0.0
 40
0.0
 41
0.0
  0
VERTEX
  5
6FE
100
AcDbEntity
  8
EBENE_1
390
0
  6
Continuous
 62
       250
 48
0.0503534939
100
AcDbVertex
100
AcDb2dVertex
 10
89.2455945562
 20
-12.2416725631
 30
0.0
 40
0.0
 41
0.0
  0
VERTEX
  5
6FF
100
AcDbEntity
  8
EBENE_1
390
0
  6
Continuous
 62
       250
 48
0.0503534939
100
AcDbVertex
100
AcDb2dVertex
 10
89.1679024452
 20
-12.0529056339
 30
0.0
 40
0.0
 41
0.0
  0
VERTEX
  5
700
100
AcDbEntity
  8
EBENE_1
390
0
  6
Continuous
 62
       250
 48
0.0503534939
100
AcDbVertex
100
AcDb2dVertex
 10
89.08490685
 20
-11.8667656973
 30
0.0
 40
0.0
 41
0.0
  0
VERTEX
  5
701
100
AcDbEntity
  8
EBENE_1
390
0
  6
Continuous
 62
       250
 48
0.0503534939
100
AcDbVertex
100
AcDb2dVertex
 10
88.9940280511
 20
-11.6846680832
 30
0.0
 40
0.0
 41
0.0
  0
VERTEX
  5
702
100
AcDbEntity
  8
EBENE_1
390
0
  6
Continuous
 62
       250
 48
0.0503534939
100
AcDbVertex
100
AcDb2dVertex
 10
88.8980076748
 20
-11.5055126255
 30
0.0
 40
0.0
 41
0.0
  0
VERTEX
  5
703
100
AcDbEntity
  8
EBENE_1
390
0
  6
Continuous
 62
       250
 48
0.0503534939
100
AcDbVertex
100
AcDb2dVertex
 10
88.7943594823
 20
-11.3309100379
 30
0.0
 40
0.0
 41
0.0
  0
VERTEX
  5
704
100
AcDbEntity
  8
EBENE_1
390
0
  6
Continuous
 62
       250
 48
0.0503534939
100
AcDbVertex
100
AcDb2dVertex
 10
88.685708239
 20
-11.1595149966
 30
0.0
 40
0.0
 41
0.0
  0
VERTEX
  5
705
100
AcDbEntity
  8
EBENE_1
390
0
  6
Continuous
 62
       250
 48
0.0503534939
100
AcDbVertex
100
AcDb2dVertex
 10
88.5687163556
 20
-10.9918003312
 30
0.0
 40
0.0
 41
0.0
  0
VERTEX
  5
706
100
AcDbEntity
  8
EBENE_1
390
0
  6
Continuous
 62
       250
 48
0.0503534939
100
AcDbVertex
100
AcDb2dVertex
 10
88.4465978783
 20
-10.8271651142
 30
0.0
 40
0.0
 41
0.0
  0
VERTEX
  5
707
100
AcDbEntity
  8
EBENE_1
390
0
  6
Continuous
 62
       250
 48
0.0503534939
100
AcDbVertex
100
AcDb2dVertex
 10
88.3170316585
 20
-10.6674400927
 30
0.0
 40
0.0
 41
0.0
  0
VERTEX
  5
708
100
AcDbEntity
  8
EBENE_1
390
0
  6
Continuous
 62
       250
 48
0.0503534939
100
AcDbVertex
100
AcDb2dVertex
 10
88.1830873644
 20
-10.5117698376
 30
0.0
 40
0.0
 41
0.0
  0
VERTEX
  5
709
100
AcDbEntity
  8
EBENE_1
390
0
  6
Continuous
 62
       250
 48
0.0503534939
100
AcDbVertex
100
AcDb2dVertex
 10
88.042669282
 20
-10.36227614
 30
0.0
 40
0.0
 41
0.0
  0
VERTEX
  5
70A
100
AcDbEntity
  8
EBENE_1
390
0
  6
Continuous
 62
       250
 48
0.0503534939
100
AcDbVertex
100
AcDb2dVertex
 10
87.8981159744
 20
-10.2170973923
 30
0.0
 40
0.0
 41
0.0
  0
VERTEX
  5
70B
100
AcDbEntity
  8
EBENE_1
390
0
  6
Continuous
 62
       250
 48
0.0503534939
100
AcDbVertex
100
AcDb2dVertex
 10
87.7474645376
 20
-10.0785294519
 30
0.0
 40
0.0
 41
0.0
  0
VERTEX
  5
70C
100
AcDbEntity
  8
EBENE_1
390
0
  6
Continuous
 62
       250
 48
0.0503534939
100
AcDbVertex
100
AcDb2dVertex
 10
87.5928995239
 20
-9.9444884442
 30
0.0
 40
0.0
 41
0.0
  0
VERTEX
  5
70D
100
AcDbEntity
  8
EBENE_1
390
0
  6
Continuous
 62
       250
 48
0.0503534939
100
AcDbVertex
100
AcDb2dVertex
 10
87.4300955261
 20
-9.8153447613
 30
0.0
 40
0.0
 41
0.0
  0
VERTEX
  5
70E
100
AcDbEntity
  8
EBENE_1
390
0
  6
Continuous
 62
       250
 48
0.0503534939
100
AcDbVertex
100
AcDb2dVertex
 10
87.2637887074
 20
-9.69112301
 30
0.0
 40
0.0
 41
0.0
  0
VERTEX
  5
70F
100
AcDbEntity
  8
EBENE_1
390
0
  6
Continuous
 62
       250
 48
0.0503534939
100
AcDbVertex
100
AcDb2dVertex
 10
87.0925675727
 20
-9.5744531414
 30
0.0
 40
0.0
 41
0.0
  0
VERTEX
  5
710
100
AcDbEntity
  8
EBENE_1
390
0
  6
Continuous
 62
       250
 48
0.0503534939
100
AcDbVertex
100
AcDb2dVertex
 10
86.9182538691
 20
-9.4629477162
 30
0.0
 40
0.0
 41
0.0
  0
VERTEX
  5
711
100
AcDbEntity
  8
EBENE_1
390
0
  6
Continuous
 62
       250
 48
0.0503534939
100
AcDbVertex
100
AcDb2dVertex
 10
86.7394326318
 20
-9.3592715152
 30
0.0
 40
0.0
 41
0.0
  0
VERTEX
  5
712
100
AcDbEntity
  8
EBENE_1
390
0
  6
Continuous
 62
       250
 48
0.0503534939
100
AcDbVertex
100
AcDb2dVertex
 10
86.5578254868
 20
-9.2609481741
 30
0.0
 40
0.0
 41
0.0
  0
VERTEX
  5
713
100
AcDbEntity
  8
EBENE_1
390
0
  6
Continuous
 62
       250
 48
0.0503534939
100
AcDbVertex
100
AcDb2dVertex
 10
86.3712510957
 20
-9.1703343017
 30
0.0
 40
0.0
 41
0.0
  0
VERTEX
  5
714
100
AcDbEntity
  8
EBENE_1
390
0
  6
Continuous
 62
       250
 48
0.0503534939
100
AcDbVertex
100
AcDb2dVertex
 10
86.1815393915
 20
-9.0849568618
 30
0.0
 40
0.0
 41
0.0
  0
VERTEX
  5
715
100
AcDbEntity
  8
EBENE_1
390
0
  6
Continuous
 62
       250
 48
0.0503534939
100
AcDbVertex
100
AcDb2dVertex
 10
85.9871442111
 20
-9.0074257134
 30
0.0
 40
0.0
 41
0.0
  0
VERTEX
  5
716
100
AcDbEntity
  8
EBENE_1
390
0
  6
Continuous
 62
       250
 48
0.0503534939
100
AcDbVertex
100
AcDb2dVertex
 10
85.790773331
 20
-8.9356238192
 30
0.0
 40
0.0
 41
0.0
  0
VERTEX
  5
717
100
AcDbEntity
  8
EBENE_1
390
0
  6
Continuous
 62
       250
 48
0.0503534939
100
AcDbVertex
100
AcDb2dVertex
 10
85.5917807735
 20
-8.8725408189
 30
0.0
 40
0.0
 41
0.0
  0
VERTEX
  5
718
100
AcDbEntity
  8
EBENE_1
390
0
  6
Continuous
 62
       250
 48
0.0503534939
100
AcDbVertex
100
AcDb2dVertex
 10
85.3912490247
 20
-8.8153303071
 30
0.0
 40
0.0
 41
0.0
  0
VERTEX
  5
719
100
AcDbEntity
  8
EBENE_1
390
0
  6
Continuous
 62
       250
 48
0.0503534939
100
AcDbVertex
100
AcDb2dVertex
 10
85.1885776694
 20
-8.7670038006
 30
0.0
 40
0.0
 41
0.0
  0
VERTEX
  5
71A
100
AcDbEntity
  8
EBENE_1
390
0
  6
Continuous
 62
       250
 48
0.0503534939
100
AcDbVertex
100
AcDb2dVertex
 10
84.9847122688
 20
-8.7246620448
 30
0.0
 40
0.0
 41
0.0
  0
VERTEX
  5
71B
100
AcDbEntity
  8
EBENE_1
390
0
  6
Continuous
 62
       250
 48
0.0503534939
100
AcDbVertex
100
AcDb2dVertex
 10
84.7773121967
 20
-8.6909947961
 30
0.0
 40
0.0
 41
0.0
  0
VERTEX
  5
71C
100
AcDbEntity
  8
EBENE_1
390
0
  6
Continuous
 62
       250
 48
0.0503534939
100
AcDbVertex
100
AcDb2dVertex
 10
84.5677501322
 20
-8.6632050332
 30
0.0
 40
0.0
 41
0.0
  0
VERTEX
  5
71D
100
AcDbEntity
  8
EBENE_1
390
0
  6
Continuous
 62
       250
 48
0.0503534939
100
AcDbVertex
100
AcDb2dVertex
 10
84.3577514738
 20
-8.6445921308
 30
0.0
 40
0.0
 41
0.0
  0
VERTEX
  5
71E
100
AcDbEntity
  8
EBENE_1
390
0
  6
Continuous
 62
       250
 48
0.0503534939
100
AcDbVertex
100
AcDb2dVertex
 10
84.1474798154
 20
-8.6320837873
 30
0.0
 40
0.0
 41
0.0
  0
VERTEX
  5
71F
100
AcDbEntity
  8
EBENE_1
390
0
  6
Continuous
 62
       250
 48
0.0503534939
100
AcDbVertex
100
AcDb2dVertex
 10
83.937159488
 20
-8.6287677359
 30
0.0
 40
0.0
 41
0.0
  0
VERTEX
  5
720
100
AcDbEntity
  8
EBENE_1
390
0
  6
Continuous
 62
       250
 48
0.0503534939
100
AcDbVertex
100
AcDb2dVertex
 10
83.7270178906
 20
-8.6315802993
 30
0.0
 40
0.0
 41
0.0
  0
VERTEX
  5
721
100
AcDbEntity
  8
EBENE_1
390
0
  6
Continuous
 62
       250
 48
0.0503534939
100
AcDbVertex
100
AcDb2dVertex
 10
83.5168326043
 20
-8.6436553941
 30
0.0
 40
0.0
 41
0.0
  0
VERTEX
  5
722
100
AcDbEntity
  8
EBENE_1
390
0
  6
Continuous
 62
       250
 48
0.0503534939
100
AcDbVertex
100
AcDb2dVertex
 10
83.3061622682
 20
-8.6619799321
 30
0.0
 40
0.0
 41
0.0
  0
VERTEX
  5
723
100
AcDbEntity
  8
EBENE_1
390
0
  6
Continuous
 62
       250
 48
0.0503534939
100
AcDbVertex
100
AcDb2dVertex
 10
83.0955924535
 20
-8.6895742976
 30
0.0
 40
0.0
 41
0.0
  0
VERTEX
  5
724
100
AcDbEntity
  8
EBENE_1
390
0
  6
Continuous
 62
       250
 48
0.0503534939
100
AcDbVertex
100
AcDb2dVertex
 10
82.885417265
 20
-8.7233177896
 30
0.0
 40
0.0
 41
0.0
  0
VERTEX
  5
725
100
AcDbEntity
  8
EBENE_1
390
0
  6
Continuous
 62
       250
 48
0.0503534939
100
AcDbVertex
100
AcDb2dVertex
 10
82.6773998502
 20
-8.7660754603
 30
0.0
 40
0.0
 41
0.0
  0
VERTEX
  5
726
100
AcDbEntity
  8
EBENE_1
390
0
  6
Continuous
 62
       250
 48
0.0503534939
100
AcDbVertex
100
AcDb2dVertex
 10
82.4708552515
 20
-8.8148232747
 30
0.0
 40
0.0
 41
0.0
  0
VERTEX
  5
727
100
AcDbEntity
  8
EBENE_1
390
0
  6
Continuous
 62
       250
 48
0.0503534939
100
AcDbVertex
100
AcDb2dVertex
 10
82.2668773759
 20
-8.8724924099
 30
0.0
 40
0.0
 41
0.0
  0
VERTEX
  5
728
100
AcDbEntity
  8
EBENE_1
390
0
  6
Continuous
 62
       250
 48
0.0503534939
100
AcDbVertex
100
AcDb2dVertex
 10
82.0648116978
 20
-8.9360739013
 30
0.0
 40
0.0
 41
0.0
  0
VERTEX
  5
729
100
AcDbEntity
  8
EBENE_1
390
0
  6
Continuous
 62
       250
 48
0.0503534939
100
AcDbVertex
100
AcDb2dVertex
 10
81.8648884429
 20
-9.0087543452
 30
0.0
 40
0.0
 41
0.0
  0
VERTEX
  5
72A
100
AcDbEntity
  8
EBENE_1
390
0
  6
Continuous
 62
       250
 48
0.0503534939
100
AcDbVertex
100
AcDb2dVertex
 10
81.6653764074
 20
-9.0879234963
 30
0.0
 40
0.0
 41
0.0
  0
VERTEX
  5
72B
100
AcDbEntity
  8
EBENE_1
390
0
  6
Continuous
 62
       250
 48
0.0503534939
100
AcDbVertex
100
AcDb2dVertex
 10
81.4695150462
 20
-9.1756849142
 30
0.0
 40
0.0
 41
0.0
  0
VERTEX
  5
72C
100
AcDbEntity
  8
EBENE_1
390
0
  6
Continuous
 62
       250
 48
0.0503534939
100
AcDbVertex
100
AcDb2dVertex
 10
81.2764860262
 20
-9.2689883213
 30
0.0
 40
0.0
 41
0.0
  0
VERTEX
  5
72D
100
AcDbEntity
  8
EBENE_1
390
0
  6
Continuous
 62
       250
 48
0.0503534939
100
AcDbVertex
100
AcDb2dVertex
 10
81.0880942386
 20
-9.3704145757
 30
0.0
 40
0.0
 41
0.0
  0
VERTEX
  5
72E
100
AcDbEntity
  8
EBENE_1
390
0
  6
Continuous
 62
       250
 48
0.0503534939
100
AcDbVertex
100
AcDb2dVertex
 10
80.9028420056
 20
-9.4772277802
 30
0.0
 40
0.0
 41
0.0
  0
VERTEX
  5
72F
100
AcDbEntity
  8
EBENE_1
390
0
  6
Continuous
 62
       250
 48
0.0503534939
100
AcDbVertex
100
AcDb2dVertex
 10
80.72247545
 20
-9.5920486769
 30
0.0
 40
0.0
 41
0.0
  0
VERTEX
  5
730
100
AcDbEntity
  8
EBENE_1
390
0
  6
Continuous
 62
       250
 48
0.0503534939
100
AcDbVertex
100
AcDb2dVertex
 10
80.5447921396
 20
-9.7126355853
 30
0.0
 40
0.0
 41
0.0
  0
VERTEX
  5
731
100
AcDbEntity
  8
EBENE_1
390
0
  6
Continuous
 62
       250
 48
0.0503534939
100
AcDbVertex
100
AcDb2dVertex
 10
80.3718725798
 20
-9.8413652746
 30
0.0
 40
0.0
 41
0.0
  0
VERTEX
  5
732
100
AcDbEntity
  8
EBENE_1
390
0
  6
Continuous
 62
       250
 48
0.0503534939
100
AcDbVertex
100
AcDb2dVertex
 10
80.2021615858
 20
-9.9754950661
 30
0.0
 40
0.0
 41
0.0
  0
VERTEX
  5
733
100
AcDbEntity
  8
EBENE_1
390
0
  6
Continuous
 62
       250
 48
0.0503534939
100
AcDbVertex
100
AcDb2dVertex
 10
80.0385757308
 20
-10.1167736831
 30
0.0
 40
0.0
 41
0.0
  0
VERTEX
  5
734
100
AcDbEntity
  8
EBENE_1
390
0
  6
Continuous
 62
       250
 48
0.0503534939
100
AcDbVertex
100
AcDb2dVertex
 10
79.8793132207
 20
-10.2626230692
 30
0.0
 40
0.0
 41
0.0
  0
VERTEX
  5
735
100
AcDbEntity
  8
EBENE_1
390
0
  6
Continuous
 62
       250
 48
0.0503534939
100
AcDbVertex
100
AcDb2dVertex
 10
79.7268240684
 20
-10.4150350848
 30
0.0
 40
0.0
 41
0.0
  0
VERTEX
  5
736
100
AcDbEntity
  8
EBENE_1
390
0
  6
Continuous
 62
       250
 48
0.0503534939
100
AcDbVertex
100
AcDb2dVertex
 10
79.5789180945
 20
-10.5717723127
 30
0.0
 40
0.0
 41
0.0
  0
VERTEX
  5
737
100
AcDbEntity
  8
EBENE_1
390
0
  6
Continuous
 62
       250
 48
0.0503534939
100
AcDbVertex
100
AcDb2dVertex
 10
79.4379120487
 20
-10.7349820976
 30
0.0
 40
0.0
 41
0.0
  0
VERTEX
  5
738
100
AcDbEntity
  8
EBENE_1
390
0
  6
Continuous
 62
       250
 48
0.0503534939
100
AcDbVertex
100
AcDb2dVertex
 10
79.3005338401
 20
-10.9037059295
 30
0.0
 40
0.0
 41
0.0
  0
VERTEX
  5
739
100
AcDbEntity
  8
EBENE_1
390
0
  6
Continuous
 62
       250
 48
0.0503534939
100
AcDbVertex
100
AcDb2dVertex
 10
79.1701666931
 20
-11.0788770426
 30
0.0
 40
0.0
 41
0.0
  0
VERTEX
  5
73A
100
AcDbEntity
  8
EBENE_1
390
0
  6
Continuous
 62
       250
 48
0.0503534939
100
AcDbVertex
100
AcDb2dVertex
 10
79.0451155946
 20
-11.2574720445
 30
0.0
 40
0.0
 41
0.0
  0
VERTEX
  5
73B
100
AcDbEntity
  8
EBENE_1
390
0
  6
Continuous
 62
       250
 48
0.0503534939
100
AcDbVertex
100
AcDb2dVertex
 10
78.9281241264
 20
-11.4410778947
 30
0.0
 40
0.0
 41
0.0
  0
VERTEX
  5
73C
100
AcDbEntity
  8
EBENE_1
390
0
  6
Continuous
 62
       250
 48
0.0503534939
100
AcDbVertex
100
AcDb2dVertex
 10
78.8166163644
 20
-11.6278675848
 30
0.0
 40
0.0
 41
0.0
  0
VERTEX
  5
73D
100
AcDbEntity
  8
EBENE_1
390
0
  6
Continuous
 62
       250
 48
0.0503534939
100
AcDbVertex
100
AcDb2dVertex
 10
78.7135266425
 20
-11.8191046294
 30
0.0
 40
0.0
 41
0.0
  0
VERTEX
  5
73E
100
AcDbEntity
  8
EBENE_1
390
0
  6
Continuous
 62
       250
 48
0.0503534939
100
AcDbVertex
100
AcDb2dVertex
 10
78.615820918
 20
-12.0138385599
 30
0.0
 40
0.0
 41
0.0
  0
VERTEX
  5
73F
100
AcDbEntity
  8
EBENE_1
390
0
  6
Continuous
 62
       250
 48
0.0503534939
100
AcDbVertex
100
AcDb2dVertex
 10
78.5263273067
 20
-12.2136338086
 30
0.0
 40
0.0
 41
0.0
  0
VERTEX
  5
740
100
AcDbEntity
  8
EBENE_1
390
0
  6
Continuous
 62
       250
 48
0.0503534939
100
AcDbVertex
100
AcDb2dVertex
 10
78.4423734258
 20
-12.4166128511
 30
0.0
 40
0.0
 41
0.0
  0
VERTEX
  5
741
100
AcDbEntity
  8
EBENE_1
390
0
  6
Continuous
 62
       250
 48
0.0503534939
100
AcDbVertex
100
AcDb2dVertex
 10
78.3672302045
 20
-12.623246462
 30
0.0
 40
0.0
 41
0.0
  0
VERTEX
  5
742
100
AcDbEntity
  8
EBENE_1
390
0
  6
Continuous
 62
       250
 48
0.0503534939
100
AcDbVertex
100
AcDb2dVertex
 10
78.2982150969
 20
-12.8316958133
 30
0.0
 40
0.0
 41
0.0
  0
VERTEX
  5
743
100
AcDbEntity
  8
EBENE_1
390
0
  6
Continuous
 62
       250
 48
0.0503534939
100
AcDbVertex
100
AcDb2dVertex
 10
78.2384274663
 20
-13.0427017193
 30
0.0
 40
0.0
 41
0.0
  0
VERTEX
  5
744
100
AcDbEntity
  8
EBENE_1
390
0
  6
Continuous
 62
       250
 48
0.0503534939
100
AcDbVertex
100
AcDb2dVertex
 10
78.184859973
 20
-13.2552224522
 30
0.0
 40
0.0
 41
0.0
  0
VERTEX
  5
745
100
AcDbEntity
  8
EBENE_1
390
0
  6
Continuous
 62
       250
 48
0.0503534939
100
AcDbVertex
100
AcDb2dVertex
 10
78.1407172619
 20
-13.4696712926
 30
0.0
 40
0.0
 41
0.0
  0
VERTEX
  5
746
100
AcDbEntity
  8
EBENE_1
390
0
  6
Continuous
 62
       250
 48
0.0503534939
100
AcDbVertex
100
AcDb2dVertex
 10
78.1026380173
 20
-13.6865695353
 30
0.0
 40
0.0
 41
0.0
  0
VERTEX
  5
747
100
AcDbEntity
  8
EBENE_1
390
0
  6
Continuous
 62
       250
 48
0.0503534939
100
AcDbVertex
100
AcDb2dVertex
 10
78.0738124014
 20
-13.9067548341
 30
0.0
 40
0.0
 41
0.0
  0
VERTEX
  5
748
100
AcDbEntity
  8
EBENE_1
390
0
  6
Continuous
 62
       250
 48
0.0503534939
100
AcDbVertex
100
AcDb2dVertex
 10
78.0514139539
 20
-14.1273441489
 30
0.0
 40
0.0
 41
0.0
  0
VERTEX
  5
749
100
AcDbEntity
  8
EBENE_1
390
0
  6
Continuous
 62
       250
 48
0.0503534939
100
AcDbVertex
100
AcDb2dVertex
 10
78.0386448352
 20
-14.348398235
 30
0.0
 40
0.0
 41
0.0
  0
VERTEX
  5
74A
100
AcDbEntity
  8
EBENE_1
390
0
  6
Continuous
 62
       250
 48
0.0503534939
100
AcDbVertex
100
AcDb2dVertex
 10
78.0323192895
 20
-14.5694716593
 30
0.0
 40
0.0
 41
0.0
  0
VERTEX
  5
74B
100
AcDbEntity
  8
EBENE_1
390
0
  6
Continuous
 62
       250
 48
0.0503534939
100
AcDbVertex
100
AcDb2dVertex
 10
78.0356558761
 20
-14.7903923804
 30
0.0
 40
0.0
 41
0.0
  0
VERTEX
  5
74C
100
AcDbEntity
  8
EBENE_1
390
0
  6
Continuous
 62
       250
 48
0.0503534939
100
AcDbVertex
100
AcDb2dVertex
 10
78.0454477523
 20
-15.0110030405
 30
0.0
 40
0.0
 41
0.0
  0
VERTEX
  5
74D
100
AcDbEntity
  8
EBENE_1
390
0
  6
Continuous
 62
       250
 48
0.0503534939
100
AcDbVertex
100
AcDb2dVertex
 10
78.0650835053
 20
-15.2325265464
 30
0.0
 40
0.0
 41
0.0
  0
VERTEX
  5
74E
100
AcDbEntity
  8
EBENE_1
390
0
  6
Continuous
 62
       250
 48
0.0503534939
100
AcDbVertex
100
AcDb2dVertex
 10
78.0912157004
 20
-15.4538741431
 30
0.0
 40
0.0
 41
0.0
  0
VERTEX
  5
74F
100
AcDbEntity
  8
EBENE_1
390
0
  6
Continuous
 62
       250
 48
0.0503534939
100
AcDbVertex
100
AcDb2dVertex
 10
78.127025379
 20
-15.6745565107
 30
0.0
 40
0.0
 41
0.0
  0
VERTEX
  5
750
100
AcDbEntity
  8
EBENE_1
390
0
  6
Continuous
 62
       250
 48
0.0503534939
100
AcDbVertex
100
AcDb2dVertex
 10
78.1691638062
 20
-15.8938077524
 30
0.0
 40
0.0
 41
0.0
  0
VERTEX
  5
751
100
AcDbEntity
  8
EBENE_1
390
0
  6
Continuous
 62
       250
 48
0.0503534939
100
AcDbVertex
100
AcDb2dVertex
 10
78.2207549107
 20
-16.1107589535
 30
0.0
 40
0.0
 41
0.0
  0
VERTEX
  5
752
100
AcDbEntity
  8
EBENE_1
390
0
  6
Continuous
 62
       250
 48
0.0503534939
100
AcDbVertex
100
AcDb2dVertex
 10
78.2785856848
 20
-16.3259001193
 30
0.0
 40
0.0
 41
0.0
  0
VERTEX
  5
753
100
AcDbEntity
  8
EBENE_1
390
0
  6
Continuous
 62
       250
 48
0.0503534939
100
AcDbVertex
100
AcDb2dVertex
 10
78.3457510766
 20
-16.5381284119
 30
0.0
 40
0.0
 41
0.0
  0
VERTEX
  5
754
100
AcDbEntity
  8
EBENE_1
390
0
  6
Continuous
 62
       250
 48
0.0503534939
100
AcDbVertex
100
AcDb2dVertex
 10
78.4190569968
 20
-16.748218714
 30
0.0
 40
0.0
 41
0.0
  0
VERTEX
  5
755
100
AcDbEntity
  8
EBENE_1
390
0
  6
Continuous
 62
       250
 48
0.0503534939
100
AcDbVertex
100
AcDb2dVertex
 10
78.502653357
 20
-16.9578646379
 30
0.0
 40
0.0
 41
0.0
  0
VERTEX
  5
756
100
AcDbEntity
  8
EBENE_1
390
0
  6
Continuous
 62
       250
 48
0.0503534939
100
AcDbVertex
100
AcDb2dVertex
 10
78.592216843
 20
-17.1647851667
 30
0.0
 40
0.0
 41
0.0
  0
VERTEX
  5
757
100
AcDbEntity
  8
EBENE_1
390
0
  6
Continuous
 62
       250
 48
0.0503534939
100
AcDbVertex
100
AcDb2dVertex
 10
78.6905179917
 20
-17.3672738
 30
0.0
 40
0.0
 41
0.0
  0
VERTEX
  5
758
100
AcDbEntity
  8
EBENE_1
390
0
  6
Continuous
 62
       250
 48
0.0503534939
100
AcDbVertex
100
AcDb2dVertex
 10
78.7945404569
 20
-17.5665934066
 30
0.0
 40
0.0
 41
0.0
  0
VERTEX
  5
759
100
AcDbEntity
  8
EBENE_1
390
0
  6
Continuous
 62
       250
 48
0.0503534939
100
AcDbVertex
100
AcDb2dVertex
 10
78.9070569487
 20
-17.760997209
 30
0.0
 40
0.0
 41
0.0
  0
VERTEX
  5
75A
100
AcDbEntity
  8
EBENE_1
390
0
  6
Continuous
 62
       250
 48
0.0503534939
100
AcDbVertex
100
AcDb2dVertex
 10
79.025106879
 20
-17.951888272
 30
0.0
 40
0.0
 41
0.0
  0
VERTEX
  5
75B
100
AcDbEntity
  8
EBENE_1
390
0
  6
Continuous
 62
       250
 48
0.0503534939
100
AcDbVertex
100
AcDb2dVertex
 10
79.1519620015
 20
-18.1381484913
 30
0.0
 40
0.0
 41
0.0
  0
VERTEX
  5
75C
100
AcDbEntity
  8
EBENE_1
390
0
  6
Continuous
 62
       250
 48
0.0503534939
100
AcDbVertex
100
AcDb2dVertex
 10
79.2845740998
 20
-18.3211330124
 30
0.0
 40
0.0
 41
0.0
  0
VERTEX
  5
75D
100
AcDbEntity
  8
EBENE_1
390
0
  6
Continuous
 62
       250
 48
0.0503534939
100
AcDbVertex
100
AcDb2dVertex
 10
79.4257612485
 20
-18.4991461208
 30
0.0
 40
0.0
 41
0.0
  0
VERTEX
  5
75E
100
AcDbEntity
  8
EBENE_1
390
0
  6
Continuous
 62
       250
 48
0.0503534939
100
AcDbVertex
100
AcDb2dVertex
 10
79.5719127725
 20
-18.6728371416
 30
0.0
 40
0.0
 41
0.0
  0
VERTEX
  5
75F
100
AcDbEntity
  8
EBENE_1
390
0
  6
Continuous
 62
       250
 48
0.0503534939
100
AcDbVertex
100
AcDb2dVertex
 10
79.7252561007
 20
-18.839745876
 30
0.0
 40
0.0
 41
0.0
  0
VERTEX
  5
760
100
AcDbEntity
  8
EBENE_1
390
0
  6
Continuous
 62
       250
 48
0.0503534939
100
AcDbVertex
100
AcDb2dVertex
 10
79.8832319943
 20
-19.0019671011
 30
0.0
 40
0.0
 41
0.0
  0
VERTEX
  5
761
100
AcDbEntity
  8
EBENE_1
390
0
  6
Continuous
 62
       250
 48
0.0503534939
100
AcDbVertex
100
AcDb2dVertex
 10
80.0480312758
 20
-19.1569903326
 30
0.0
 40
0.0
 41
0.0
  0
VERTEX
  5
762
100
AcDbEntity
  8
EBENE_1
390
0
  6
Continuous
 62
       250
 48
0.0503534939
100
AcDbVertex
100
AcDb2dVertex
 10
80.217197519
 20
-19.3070352142
 30
0.0
 40
0.0
 41
0.0
  0
VERTEX
  5
763
100
AcDbEntity
  8
EBENE_1
390
0
  6
Continuous
 62
       250
 48
0.0503534939
100
AcDbVertex
100
AcDb2dVertex
 10
80.3942380988
 20
-19.4507167625
 30
0.0
 40
0.0
 41
0.0
  0
VERTEX
  5
764
100
AcDbEntity
  8
EBENE_1
390
0
  6
Continuous
 62
       250
 48
0.0503534939
100
AcDbVertex
100
AcDb2dVertex
 10
80.5763923212
 20
-19.5899643121
 30
0.0
 40
0.0
 41
0.0
  0
VERTEX
  5
765
100
AcDbEntity
  8
EBENE_1
390
0
  6
Continuous
 62
       250
 48
0.0503534939
100
AcDbVertex
100
AcDb2dVertex
 10
80.7639581141
 20
-19.7208393795
 30
0.0
 40
0.0
 41
0.0
  0
VERTEX
  5
766
100
AcDbEntity
  8
EBENE_1
390
0
  6
Continuous
 62
       250
 48
0.0503534939
100
AcDbVertex
100
AcDb2dVertex
 10
80.9550954061
 20
-19.8461267101
 30
0.0
 40
0.0
 41
0.0
  0
VERTEX
  5
767
100
AcDbEntity
  8
EBENE_1
390
0
  6
Continuous
 62
       250
 48
0.0503534939
100
AcDbVertex
100
AcDb2dVertex
 10
81.1512711032
 20
-19.9628105255
 30
0.0
 40
0.0
 41
0.0
  0
VERTEX
  5
768
100
AcDbEntity
  8
EBENE_1
390
0
  6
Continuous
 62
       250
 48
0.0503534939
100
AcDbVertex
100
AcDb2dVertex
 10
81.3506128246
 20
-20.0736470971
 30
0.0
 40
0.0
 41
0.0
  0
VERTEX
  5
769
100
AcDbEntity
  8
EBENE_1
390
0
  6
Continuous
 62
       250
 48
0.0503534939
100
AcDbVertex
100
AcDb2dVertex
 10
81.5549752918
 20
-20.1757868193
 30
0.0
 40
0.0
 41
0.0
  0
VERTEX
  5
76A
100
AcDbEntity
  8
EBENE_1
390
0
  6
Continuous
 62
       250
 48
0.0503534939
100
AcDbVertex
100
AcDb2dVertex
 10
81.7631015556
 20
-20.2722805264
 30
0.0
 40
0.0
 41
0.0
  0
VERTEX
  5
76B
100
AcDbEntity
  8
EBENE_1
390
0
  6
Continuous
 62
       250
 48
0.0503534939
100
AcDbVertex
100
AcDb2dVertex
 10
81.9760548433
 20
-20.3599583786
 30
0.0
 40
0.0
 41
0.0
  0
VERTEX
  5
76C
100
AcDbEntity
  8
EBENE_1
390
0
  6
Continuous
 62
       250
 48
0.0503534939
100
AcDbVertex
100
AcDb2dVertex
 10
82.1919078482
 20
-20.441616413
 30
0.0
 40
0.0
 41
0.0
  0
VERTEX
  5
76D
100
AcDbEntity
  8
EBENE_1
390
0
  6
Continuous
 62
       250
 48
0.0503534939
100
AcDbVertex
100
AcDb2dVertex
 10
82.4106246076
 20
-20.5136439665
 30
0.0
 40
0.0
 41
0.0
  0
VERTEX
  5
76E
100
AcDbEntity
  8
EBENE_1
390
0
  6
Continuous
 62
       250
 48
0.0503534939
100
AcDbVertex
100
AcDb2dVertex
 10
82.6311999184
 20
-20.5792470784
 30
0.0
 40
0.0
 41
0.0
  0
VERTEX
  5
76F
100
AcDbEntity
  8
EBENE_1
390
0
  6
Continuous
 62
       250
 48
0.0503534939
100
AcDbVertex
100
AcDb2dVertex
 10
82.8541948881
 20
-20.6350858872
 30
0.0
 40
0.0
 41
0.0
  0
VERTEX
  5
770
100
AcDbEntity
  8
EBENE_1
390
0
  6
Continuous
 62
       250
 48
0.0503534939
100
AcDbVertex
100
AcDb2dVertex
 10
83.0785980734
 20
-20.6843445155
 30
0.0
 40
0.0
 41
0.0
  0
VERTEX
  5
771
100
AcDbEntity
  8
EBENE_1
390
0
  6
Continuous
 62
       250
 48
0.0503534939
100
AcDbVertex
100
AcDb2dVertex
 10
83.30583371
 20
-20.7238688944
 30
0.0
 40
0.0
 41
0.0
  0
VERTEX
  5
772
100
AcDbEntity
  8
EBENE_1
390
0
  6
Continuous
 62
       250
 48
0.0503534939
100
AcDbVertex
100
AcDb2dVertex
 10
83.5360399272
 20
-20.7570324345
 30
0.0
 40
0.0
 41
0.0
  0
VERTEX
  5
773
100
AcDbEntity
  8
EBENE_1
390
0
  6
Continuous
 62
       250
 48
0.0503534939
100
AcDbVertex
100
AcDb2dVertex
 10
83.7674386365
 20
-20.780152056
 30
0.0
 40
0.0
 41
0.0
  0
VERTEX
  5
774
100
AcDbEntity
  8
EBENE_1
390
0
  6
Continuous
 62
       250
 48
0.0503534939
100
AcDbVertex
100
AcDb2dVertex
 10
83.9991725481
 20
-20.7965441014
 30
0.0
 40
0.0
 41
0.0
  0
VERTEX
  5
775
100
AcDbEntity
  8
EBENE_1
390
0
  6
Continuous
 62
       250
 48
0.0503534939
100
AcDbVertex
100
AcDb2dVertex
 10
84.230951068
 20
-20.8028072614
 30
0.0
 40
0.0
 41
0.0
  0
VERTEX
  5
776
100
AcDbEntity
  8
EBENE_1
390
0
  6
Continuous
 62
       250
 48
0.0503534939
100
AcDbVertex
100
AcDb2dVertex
 10
84.4626926253
 20
-20.802319233
 30
0.0
 40
0.0
 41
0.0
  0
VERTEX
  5
777
100
AcDbEntity
  8
EBENE_1
390
0
  6
Continuous
 62
       250
 48
0.0503534939
100
AcDbVertex
100
AcDb2dVertex
 10
84.6941632913
 20
-20.7916718567
 30
0.0
 40
0.0
 41
0.0
  0
VERTEX
  5
778
100
AcDbEntity
  8
EBENE_1
390
0
  6
Continuous
 62
       250
 48
0.0503534939
100
AcDbVertex
100
AcDb2dVertex
 10
84.9261598823
 20
-20.7741545163
 30
0.0
 40
0.0
 41
0.0
  0
VERTEX
  5
779
100
AcDbEntity
  8
EBENE_1
390
0
  6
Continuous
 62
       250
 48
0.0503534939
100
AcDbVertex
100
AcDb2dVertex
 10
85.1580061787
 20
-20.7464173646
 30
0.0
 40
0.0
 41
0.0
  0
VERTEX
  5
77A
100
AcDbEntity
  8
EBENE_1
390
0
  6
Continuous
 62
       250
 48
0.0503534939
100
AcDbVertex
100
AcDb2dVertex
 10
85.3896835428
 20
-20.7118908677
 30
0.0
 40
0.0
 41
0.0
  0
VERTEX
  5
77B
100
AcDbEntity
  8
EBENE_1
390
0
  6
Continuous
 62
       250
 48
0.0503534939
100
AcDbVertex
100
AcDb2dVertex
 10
85.6194603152
 20
-20.6673649684
 30
0.0
 40
0.0
 41
0.0
  0
VERTEX
  5
77C
100
AcDbEntity
  8
EBENE_1
390
0
  6
Continuous
 62
       250
 48
0.0503534939
100
AcDbVertex
100
AcDb2dVertex
 10
85.8476472351
 20
-20.6162245957
 30
0.0
 40
0.0
 41
0.0
  0
VERTEX
  5
77D
100
AcDbEntity
  8
EBENE_1
390
0
  6
Continuous
 62
       250
 48
0.0503534939
100
AcDbVertex
100
AcDb2dVertex
 10
86.0730335594
 20
-20.5552685911
 30
0.0
 40
0.0
 41
0.0
  0
VERTEX
  5
77E
100
AcDbEntity
  8
EBENE_1
390
0
  6
Continuous
 62
       250
 48
0.0503534939
100
AcDbVertex
100
AcDb2dVertex
 10
86.2964598064
 20
-20.487773864
 30
0.0
 40
0.0
 41
0.0
  0
VERTEX
  5
77F
100
AcDbEntity
  8
EBENE_1
390
0
  6
Continuous
 62
       250
 48
0.0503534939
100
AcDbVertex
100
AcDb2dVertex
 10
86.5168918332
 20
-20.4104757817
 30
0.0
 40
0.0
 41
0.0
  0
VERTEX
  5
780
100
AcDbEntity
  8
EBENE_1
390
0
  6
Continuous
 62
       250
 48
0.0503534939
100
AcDbVertex
100
AcDb2dVertex
 10
86.7367637393
 20
-20.3260892736
 30
0.0
 40
0.0
 41
0.0
  0
VERTEX
  5
781
100
AcDbEntity
  8
EBENE_1
390
0
  6
Continuous
 62
       250
 48
0.0503534939
100
AcDbVertex
100
AcDb2dVertex
 10
86.9534716626
 20
-20.2318955485
 30
0.0
 40
0.0
 41
0.0
  0
VERTEX
  5
782
100
AcDbEntity
  8
EBENE_1
390
0
  6
Continuous
 62
       250
 48
0.0503534939
100
AcDbVertex
100
AcDb2dVertex
 10
87.1670450113
 20
-20.1316189728
 30
0.0
 40
0.0
 41
0.0
  0
VERTEX
  5
783
100
AcDbEntity
  8
EBENE_1
390
0
  6
Continuous
 62
       250
 48
0.0503534939
100
AcDbVertex
100
AcDb2dVertex
 10
87.3757650972
 20
-20.0222928906
 30
0.0
 40
0.0
 41
0.0
  0
VERTEX
  5
784
100
AcDbEntity
  8
EBENE_1
390
0
  6
Continuous
 62
       250
 48
0.0503534939
100
AcDbVertex
100
AcDb2dVertex
 10
87.5810616618
 20
-19.9070242477
 30
0.0
 40
0.0
 41
0.0
  0
VERTEX
  5
785
100
AcDbEntity
  8
EBENE_1
390
0
  6
Continuous
 62
       250
 48
0.0503534939
100
AcDbVertex
100
AcDb2dVertex
 10
87.7808709693
 20
-19.7830437155
 30
0.0
 40
0.0
 41
0.0
  0
VERTEX
  5
786
100
AcDbEntity
  8
EBENE_1
390
0
  6
Continuous
 62
       250
 48
0.0503534939
100
AcDbVertex
100
AcDb2dVertex
 10
87.9774938777
 20
-19.6528902308
 30
0.0
 40
0.0
 41
0.0
  0
VERTEX
  5
787
100
AcDbEntity
  8
EBENE_1
390
0
  6
Continuous
 62
       250
 48
0.0503534939
100
AcDbVertex
100
AcDb2dVertex
 10
88.1690990011
 20
-19.5135805549
 30
0.0
 40
0.0
 41
0.0
  0
VERTEX
  5
788
100
AcDbEntity
  8
EBENE_1
390
0
  6
Continuous
 62
       250
 48
0.0503534939
100
AcDbVertex
100
AcDb2dVertex
 10
88.3571640761
 20
-19.368339289
 30
0.0
 40
0.0
 41
0.0
  0
VERTEX
  5
789
100
AcDbEntity
  8
EBENE_1
390
0
  6
Continuous
 62
       250
 48
0.0503534939
100
AcDbVertex
100
AcDb2dVertex
 10
88.5388978461
 20
-19.2149574706
 30
0.0
 40
0.0
 41
0.0
  0
VERTEX
  5
78A
100
AcDbEntity
  8
EBENE_1
390
0
  6
Continuous
 62
       250
 48
0.0503534939
100
AcDbVertex
100
AcDb2dVertex
 10
88.7158467994
 20
-19.05659296
 30
0.0
 40
0.0
 41
0.0
  0
VERTEX
  5
78B
100
AcDbEntity
  8
EBENE_1
390
0
  6
Continuous
 62
       250
 48
0.0503534939
100
AcDbVertex
100
AcDb2dVertex
 10
88.8855184977
 20
-18.8908659842
 30
0.0
 40
0.0
 41
0.0
  0
VERTEX
  5
78C
100
AcDbEntity
  8
EBENE_1
390
0
  6
Continuous
 62
       250
 48
0.0503534939
100
AcDbVertex
100
AcDb2dVertex
 10
89.0501751485
 20
-18.7203700091
 30
0.0
 40
0.0
 41
0.0
  0
VERTEX
  5
78D
100
AcDbEntity
  8
EBENE_1
390
0
  6
Continuous
 62
       250
 48
0.0503534939
100
AcDbVertex
100
AcDb2dVertex
 10
89.2070674356
 20
-18.5429586328
 30
0.0
 40
0.0
 41
0.0
  0
VERTEX
  5
78E
100
AcDbEntity
  8
EBENE_1
390
0
  6
Continuous
 62
       250
 48
0.0503534939
100
AcDbVertex
100
AcDb2dVertex
 10
89.3595301664
 20
-18.3600522938
 30
0.0
 40
0.0
 41
0.0
  0
VERTEX
  5
78F
100
AcDbEntity
  8
EBENE_1
390
0
  6
Continuous
 62
       250
 48
0.0503534939
100
AcDbVertex
100
AcDb2dVertex
 10
89.5049989124
 20
-18.1691825826
 30
0.0
 40
0.0
 41
0.0
  0
VERTEX
  5
790
100
AcDbEntity
  8
EBENE_1
390
0
  6
Continuous
 62
       250
 48
0.0503534939
100
AcDbVertex
100
AcDb2dVertex
 10
89.6446735169
 20
-17.9744603384
 30
0.0
 40
0.0
 41
0.0
  0
VERTEX
  5
791
100
AcDbEntity
  8
EBENE_1
390
0
  6
Continuous
 62
       250
 48
0.0503534939
100
AcDbVertex
100
AcDb2dVertex
 10
89.7755848838
 20
-17.7741066541
 30
0.0
 40
0.0
 41
0.0
  0
VERTEX
  5
792
100
AcDbEntity
  8
EBENE_1
390
0
  6
Continuous
 62
       250
 48
0.0503534939
100
AcDbVertex
100
AcDb2dVertex
 10
89.9004773659
 20
-17.5702523344
 30
0.0
 40
0.0
 41
0.0
  0
VERTEX
  5
793
100
AcDbEntity
  8
EBENE_1
390
0
  6
Continuous
 62
       250
 48
0.0503534939
100
AcDbVertex
100
AcDb2dVertex
 10
90.0162413896
 20
-17.3613250351
 30
0.0
 40
0.0
 41
0.0
  0
VERTEX
  5
794
100
AcDbEntity
  8
EBENE_1
390
0
  6
Continuous
 62
       250
 48
0.0503534939
100
AcDbVertex
100
AcDb2dVertex
 10
90.1257937104
 20
-17.1492051929
 30
0.0
 40
0.0
 41
0.0
  0
VERTEX
  5
795
100
AcDbEntity
  8
EBENE_1
390
0
  6
Continuous
 62
       250
 48
0.0503534939
100
AcDbVertex
100
AcDb2dVertex
 10
90.2265669972
 20
-16.9310313012
 30
0.0
 40
0.0
 41
0.0
  0
VERTEX
  5
796
100
AcDbEntity
  8
EBENE_1
390
0
  6
Continuous
 62
       250
 48
0.0503534939
100
AcDbVertex
100
AcDb2dVertex
 10
90.3211405735
 20
-16.7095678401
 30
0.0
 40
0.0
 41
0.0
  0
VERTEX
  5
797
100
AcDbEntity
  8
EBENE_1
390
0
  6
Continuous
 62
       250
 48
0.0503534939
100
AcDbVertex
100
AcDb2dVertex
 10
90.4062643214
 20
-16.4835802518
 30
0.0
 40
0.0
 41
0.0
  0
VERTEX
  5
798
100
AcDbEntity
  8
EBENE_1
390
0
  6
Continuous
 62
       250
 48
0.0503534939
100
AcDbVertex
100
AcDb2dVertex
 10
90.4846958039
 20
-16.255515397
 30
0.0
 40
0.0
 41
0.0
  0
VERTEX
  5
799
100
AcDbEntity
  8
EBENE_1
390
0
  6
Continuous
 62
       250
 48
0.0503534939
100
AcDbVertex
100
AcDb2dVertex
 10
90.5530414438
 20
-16.0245064972
 30
0.0
 40
0.0
 41
0.0
  0
VERTEX
  5
79A
100
AcDbEntity
  8
EBENE_1
390
0
  6
Continuous
 62
       250
 48
0.0503534939
100
AcDbVertex
100
AcDb2dVertex
 10
90.6145751608
 20
-15.7918211861
 30
0.0
 40
0.0
 41
0.0
  0
VERTEX
  5
79B
100
AcDbEntity
  8
EBENE_1
390
0
  6
Continuous
 62
       250
 48
0.0503534939
100
AcDbVertex
100
AcDb2dVertex
 10
90.6658106571
 20
-15.5568243362
 30
0.0
 40
0.0
 41
0.0
  0
VERTEX
  5
79C
100
AcDbEntity
  8
EBENE_1
390
0
  6
Continuous
 62
       250
 48
0.0503534939
100
AcDbVertex
100
AcDb2dVertex
 10
90.7101455393
 20
-15.3205151546
 30
0.0
 40
0.0
 41
0.0
  0
VERTEX
  5
79D
100
AcDbEntity
  8
EBENE_1
390
0
  6
Continuous
 62
       250
 48
0.0503534939
100
AcDbVertex
100
AcDb2dVertex
 10
90.7445562079
 20
-15.0793133701
 30
0.0
 40
0.0
 41
0.0
  0
VERTEX
  5
79E
100
AcDbEntity
  8
EBENE_1
390
0
  6
Continuous
 62
       250
 48
0.0503534939
100
AcDbVertex
100
AcDb2dVertex
 10
90.7719152553
 20
-14.8374492068
 30
0.0
 40
0.0
 41
0.0
  0
VERTEX
  5
79F
100
AcDbEntity
  8
EBENE_1
390
0
  6
Continuous
 62
       250
 48
0.0503534939
100
AcDbVertex
100
AcDb2dVertex
 10
90.7887155819
 20
-14.5950269995
 30
0.0
 40
0.0
 41
0.0
  0
VERTEX
  5
7A0
100
AcDbEntity
  8
EBENE_1
390
0
  6
Continuous
 62
       250
 48
0.0503534939
100
AcDbVertex
100
AcDb2dVertex
 10
90.7984572523
 20
-14.3524874148
 30
0.0
 40
0.0
 41
0.0
  0
VERTEX
  5
7A1
100
AcDbEntity
  8
EBENE_1
390
0
  6
Continuous
 62
       250
 48
0.0503534939
100
AcDbVertex
100
AcDb2dVertex
 10
90.797603666
 20
-14.1099758332
 30
0.0
 40
0.0
 41
0.0
  0
VERTEX
  5
7A2
100
AcDbEntity
  8
EBENE_1
390
0
  6
Continuous
 62
       250
 48
0.0503534939
100
AcDbVertex
100
AcDb2dVertex
 10
90.7896810581
 20
-13.8677702019
 30
0.0
 40
0.0
 41
0.0
  0
VERTEX
  5
7A3
100
AcDbEntity
  8
EBENE_1
390
0
  6
Continuous
 62
       250
 48
0.0503534939
100
AcDbVertex
100
AcDb2dVertex
 10
90.7710370374
 20
-13.6252388344
 30
0.0
 40
0.0
 41
0.0
  0
VERTEX
  5
7A4
100
AcDbEntity
  8
EBENE_1
390
0
  6
Continuous
 62
       250
 48
0.0503534939
100
AcDbVertex
100
AcDb2dVertex
 10
90.7452526585
 20
-13.3827281926
 30
0.0
 40
0.0
 41
0.0
  0
VERTEX
  5
7A5
100
AcDbEntity
  8
EBENE_1
390
0
  6
Continuous
 62
       250
 48
0.0503534939
100
AcDbVertex
100
AcDb2dVertex
 10
90.7087860242
 20
-13.1403561448
 30
0.0
 40
0.0
 41
0.0
  0
VERTEX
  5
7A6
100
AcDbEntity
  8
EBENE_1
390
0
  6
Continuous
 62
       250
 48
0.0503534939
100
AcDbVertex
100
AcDb2dVertex
 10
90.6653493073
 20
-12.8993425024
 30
0.0
 40
0.0
 41
0.0
  0
VERTEX
  5
7A7
100
AcDbEntity
  8
EBENE_1
390
0
  6
Continuous
 62
       250
 48
0.0503534939
100
AcDbVertex
100
AcDb2dVertex
 10
90.6115325416
 20
-12.6607794335
 30
0.0
 40
0.0
 41
0.0
  0
VERTEX
  5
7A8
100
AcDbEntity
  8
EBENE_1
390
0
  6
Continuous
 62
       250
 48
0.0503534939
100
AcDbVertex
100
AcDb2dVertex
 10
90.5508566116
 20
-12.4240883957
 30
0.0
 40
0.0
 41
0.0
  0
VERTEX
  5
7A9
100
AcDbEntity
  8
EBENE_1
390
0
  6
Continuous
 62
       250
 48
0.0503534939
100
AcDbVertex
100
AcDb2dVertex
 10
90.4799246337
 20
-12.1904419369
 30
0.0
 40
0.0
 41
0.0
  0
VERTEX
  5
7AA
100
AcDbEntity
  8
EBENE_1
390
0
  6
Continuous
 62
       250
 48
0.0503534939
100
AcDbVertex
100
AcDb2dVertex
 10
90.4022256346
 20
-11.9590846013
 30
0.0
 40
0.0
 41
0.0
  0
VERTEX
  5
7AB
100
AcDbEntity
  8
EBENE_1
390
0
  6
Continuous
 62
       250
 48
0.0503534939
100
AcDbVertex
100
AcDb2dVertex
 10
90.3137916913
 20
-11.7295956663
 30
0.0
 40
0.0
 41
0.0
  0
VERTEX
  5
7AC
100
AcDbEntity
  8
EBENE_1
390
0
  6
Continuous
 62
       250
 48
0.0503534939
100
AcDbVertex
100
AcDb2dVertex
 10
90.2182321674
 20
-11.5016048932
 30
0.0
 40
0.0
 41
0.0
  0
VERTEX
  5
7AD
100
AcDbEntity
  8
EBENE_1
390
0
  6
Continuous
 62
       250
 48
0.0503534939
100
AcDbVertex
100
AcDb2dVertex
 10
90.1131061941
 20
-11.278511194
 30
0.0
 40
0.0
 41
0.0
  0
VERTEX
  5
7AE
100
AcDbEntity
  8
EBENE_1
390
0
  6
Continuous
 62
       250
 48
0.0503534939
100
AcDbVertex
100
AcDb2dVertex
 10
90.0016355628
 20
-11.0587151616
 30
0.0
 40
0.0
 41
0.0
  0
VERTEX
  5
7AF
100
AcDbEntity
  8
EBENE_1
390
0
  6
Continuous
 62
       250
 48
0.0503534939
100
AcDbVertex
100
AcDb2dVertex
 10
89.8808232324
 20
-10.8442435412
 30
0.0
 40
0.0
 41
0.0
  0
VERTEX
  5
7B0
100
AcDbEntity
  8
EBENE_1
390
0
  6
Continuous
 62
       250
 48
0.0503534939
100
AcDbVertex
100
AcDb2dVertex
 10
89.7538996956
 20
-10.6335282361
 30
0.0
 40
0.0
 41
0.0
  0
VERTEX
  5
7B1
100
AcDbEntity
  8
EBENE_1
390
0
  6
Continuous
 62
       250
 48
0.0503534939
100
AcDbVertex
100
AcDb2dVertex
 10
89.6176324624
 20
-10.4282728446
 30
0.0
 40
0.0
 41
0.0
  0
VERTEX
  5
7B2
100
AcDbEntity
  8
EBENE_1
390
0
  6
Continuous
 62
       250
 48
0.0503534939
100
AcDbVertex
100
AcDb2dVertex
 10
89.4748670611
 20
-10.2263339113
 30
0.0
 40
0.0
 41
0.0
  0
VERTEX
  5
7B3
100
AcDbEntity
  8
EBENE_1
390
0
  6
Continuous
 62
       250
 48
0.0503534939
100
AcDbVertex
100
AcDb2dVertex
 10
89.3229111411
 20
-10.0301013573
 30
0.0
 40
0.0
 41
0.0
  0
VERTEX
  5
7B4
100
AcDbEntity
  8
EBENE_1
390
0
  6
Continuous
 62
       250
 48
0.0503534939
100
AcDbVertex
100
AcDb2dVertex
 10
89.165041853
 20
-9.8379715384
 30
0.0
 40
0.0
 41
0.0
  0
VERTEX
  5
7B5
100
AcDbEntity
  8
EBENE_1
390
0
  6
Continuous
 62
       250
 48
0.0503534939
100
AcDbVertex
100
AcDb2dVertex
 10
88.9992891623
 20
-9.6532663707
 30
0.0
 40
0.0
 41
0.0
  0
VERTEX
  5
7B6
100
AcDbEntity
  8
EBENE_1
390
0
  6
Continuous
 62
       250
 48
0.0503534939
100
AcDbVertex
100
AcDb2dVertex
 10
88.828334746
 20
-9.4735537814
 30
0.0
 40
0.0
 41
0.0
  0
VERTEX
  5
7B7
100
AcDbEntity
  8
EBENE_1
390
0
  6
Continuous
 62
       250
 48
0.0503534939
100
AcDbVertex
100
AcDb2dVertex
 10
88.6498520062
 20
-9.3016407638
 30
0.0
 40
0.0
 41
0.0
  0
VERTEX
  5
7B8
100
AcDbEntity
  8
EBENE_1
390
0
  6
Continuous
 62
       250
 48
0.0503534939
100
AcDbVertex
100
AcDb2dVertex
 10
88.4664991147
 20
-9.1350980653
 30
0.0
 40
0.0
 41
0.0
  0
VERTEX
  5
7B9
100
AcDbEntity
  8
EBENE_1
390
0
  6
Continuous
 62
       250
 48
0.0503534939
100
AcDbVertex
100
AcDb2dVertex
 10
88.2753358646
 20
-8.976185723
 30
0.0
 40
0.0
 41
0.0
  0
VERTEX
  5
7BA
100
AcDbEntity
  8
EBENE_1
390
0
  6
Continuous
 62
       250
 48
0.0503534939
100
AcDbVertex
100
AcDb2dVertex
 10
88.0781344092
 20
-8.8217452937
 30
0.0
 40
0.0
 41
0.0
  0
VERTEX
  5
7BB
100
AcDbEntity
  8
EBENE_1
390
0
  6
Continuous
 62
       250
 48
0.0503534939
100
AcDbVertex
100
AcDb2dVertex
 10
87.8744349674
 20
-8.676049098
 30
0.0
 40
0.0
 41
0.0
  0
VERTEX
  5
7BC
100
AcDbEntity
  8
EBENE_1
390
0
  6
Continuous
 62
       250
 48
0.0503534939
100
AcDbVertex
100
AcDb2dVertex
 10
87.6667988908
 20
-8.5364455208
 30
0.0
 40
0.0
 41
0.0
  0
VERTEX
  5
7BD
100
AcDbEntity
  8
EBENE_1
390
0
  6
Continuous
 62
       250
 48
0.0503534939
100
AcDbVertex
100
AcDb2dVertex
 10
87.453650466
 20
-8.4062508341
 30
0.0
 40
0.0
 41
0.0
  0
VERTEX
  5
7BE
100
AcDbEntity
  8
EBENE_1
390
0
  6
Continuous
 62
       250
 48
0.0503534939
100
AcDbVertex
100
AcDb2dVertex
 10
87.2369008623
 20
-8.2823694075
 30
0.0
 40
0.0
 41
0.0
  0
VERTEX
  5
7BF
100
AcDbEntity
  8
EBENE_1
390
0
  6
Continuous
 62
       250
 48
0.0503534939
100
AcDbVertex
100
AcDb2dVertex
 10
87.014942195
 20
-8.1681095412
 30
0.0
 40
0.0
 41
0.0
  0
VERTEX
  5
7C0
100
AcDbEntity
  8
EBENE_1
390
0
  6
Continuous
 62
       250
 48
0.0503534939
100
AcDbVertex
100
AcDb2dVertex
 10
86.7888672472
 20
-8.0600112066
 30
0.0
 40
0.0
 41
0.0
  0
VERTEX
  5
7C1
100
AcDbEntity
  8
EBENE_1
390
0
  6
Continuous
 62
       250
 48
0.0503534939
100
AcDbVertex
100
AcDb2dVertex
 10
86.5575099927
 20
-7.9615705582
 30
0.0
 40
0.0
 41
0.0
  0
VERTEX
  5
7C2
100
AcDbEntity
  8
EBENE_1
390
0
  6
Continuous
 62
       250
 48
0.0503534939
100
AcDbVertex
100
AcDb2dVertex
 10
86.3227298066
 20
-7.8695926828
 30
0.0
 40
0.0
 41
0.0
  0
VERTEX
  5
7C3
100
AcDbEntity
  8
EBENE_1
390
0
  6
Continuous
 62
       250
 48
0.0503534939
100
AcDbVertex
100
AcDb2dVertex
 10
86.0843532781
 20
-7.787966046
 30
0.0
 40
0.0
 41
0.0
  0
VERTEX
  5
7C4
100
AcDbEntity
  8
EBENE_1
390
0
  6
Continuous
 62
       250
 48
0.0503534939
100
AcDbVertex
100
AcDb2dVertex
 10
85.843902361
 20
-7.7133596775
 30
0.0
 40
0.0
 41
0.0
  0
VERTEX
  5
7C5
100
AcDbEntity
  8
EBENE_1
390
0
  6
Continuous
 62
       250
 48
0.0503534939
100
AcDbVertex
100
AcDb2dVertex
 10
85.6007764718
 20
-7.6494071178
 30
0.0
 40
0.0
 41
0.0
  0
VERTEX
  5
7C6
100
AcDbEntity
  8
EBENE_1
390
0
  6
Continuous
 62
       250
 48
0.0503534939
100
AcDbVertex
100
AcDb2dVertex
 10
85.3559669906
 20
-7.5926014882
 30
0.0
 40
0.0
 41
0.0
  0
VERTEX
  5
7C7
100
AcDbEntity
  8
EBENE_1
390
0
  6
Continuous
 62
       250
 48
0.0503534939
100
AcDbVertex
100
AcDb2dVertex
 10
85.1087073275
 20
-7.5465531385
 30
0.0
 40
0.0
 41
0.0
  0
VERTEX
  5
7C8
100
AcDbEntity
  8
EBENE_1
390
0
  6
Continuous
 62
       250
 48
0.0503534939
100
AcDbVertex
100
AcDb2dVertex
 10
84.8583107511
 20
-7.5074549642
 30
0.0
 40
0.0
 41
0.0
  0
VERTEX
  5
7C9
100
AcDbEntity
  8
EBENE_1
390
0
  6
Continuous
 62
       250
 48
0.0503534939
100
AcDbVertex
100
AcDb2dVertex
 10
84.6056715171
 20
-7.4792177495
 30
0.0
 40
0.0
 41
0.0
  0
VERTEX
  5
7CA
100
AcDbEntity
  8
EBENE_1
390
0
  6
Continuous
 62
       250
 48
0.0503534939
100
AcDbVertex
100
AcDb2dVertex
 10
84.3526798229
 20
-7.4583293791
 30
0.0
 40
0.0
 41
0.0
  0
VERTEX
  5
7CB
100
AcDbEntity
  8
EBENE_1
390
0
  6
Continuous
 62
       250
 48
0.0503534939
100
AcDbVertex
100
AcDb2dVertex
 10
84.0993445321
 20
-7.4484795528
 30
0.0
 40
0.0
 41
0.0
  0
VERTEX
  5
7CC
100
AcDbEntity
  8
EBENE_1
390
0
  6
Continuous
 62
       250
 48
0.0503534939
100
AcDbVertex
100
AcDb2dVertex
 10
83.84600582
 20
-7.4460080926
 30
0.0
 40
0.0
 41
0.0
  0
VERTEX
  5
7CD
100
AcDbEntity
  8
EBENE_1
390
0
  6
Continuous
 62
       250
 48
0.0503534939
100
AcDbVertex
100
AcDb2dVertex
 10
83.5930827929
 20
-7.4546053448
 30
0.0
 40
0.0
 41
0.0
  0
VERTEX
  5
7CE
100
AcDbEntity
  8
EBENE_1
390
0
  6
Continuous
 62
       250
 48
0.0503534939
100
AcDbVertex
100
AcDb2dVertex
 10
83.3398891533
 20
-7.4706569731
 30
0.0
 40
0.0
 41
0.0
  0
VERTEX
  5
7CF
100
AcDbEntity
  8
EBENE_1
390
0
  6
Continuous
 62
       250
 48
0.0503534939
100
AcDbVertex
100
AcDb2dVertex
 10
83.0865759362
 20
-7.4979153133
 30
0.0
 40
0.0
 41
0.0
  0
VERTEX
  5
7D0
100
AcDbEntity
  8
EBENE_1
390
0
  6
Continuous
 62
       250
 48
0.0503534939
100
AcDbVertex
100
AcDb2dVertex
 10
82.8334433053
 20
-7.5325970789
 30
0.0
 40
0.0
 41
0.0
  0
VERTEX
  5
7D1
100
AcDbEntity
  8
EBENE_1
390
0
  6
Continuous
 62
       250
 48
0.0503534939
100
AcDbVertex
100
AcDb2dVertex
 10
82.58185523
 20
-7.5782690226
 30
0.0
 40
0.0
 41
0.0
  0
VERTEX
  5
7D2
100
AcDbEntity
  8
EBENE_1
390
0
  6
Continuous
 62
       250
 48
0.0503534939
100
AcDbVertex
100
AcDb2dVertex
 10
82.3320053521
 20
-7.6311643495
 30
0.0
 40
0.0
 41
0.0
  0
VERTEX
  5
7D3
100
AcDbEntity
  8
EBENE_1
390
0
  6
Continuous
 62
       250
 48
0.0503534939
100
AcDbVertex
100
AcDb2dVertex
 10
82.0849590896
 20
-7.6948339281
 30
0.0
 40
0.0
 41
0.0
  0
VERTEX
  5
7D4
100
AcDbEntity
  8
EBENE_1
390
0
  6
Continuous
 62
       250
 48
0.0503534939
100
AcDbVertex
100
AcDb2dVertex
 10
81.8400146701
 20
-7.76564117
 30
0.0
 40
0.0
 41
0.0
  0
VERTEX
  5
7D5
100
AcDbEntity
  8
EBENE_1
390
0
  6
Continuous
 62
       250
 48
0.0503534939
100
AcDbVertex
100
AcDb2dVertex
 10
81.5985980978
 20
-7.8470573482
 30
0.0
 40
0.0
 41
0.0
  0
VERTEX
  5
7D6
100
AcDbEntity
  8
EBENE_1
390
0
  6
Continuous
 62
       250
 48
0.0503534939
100
AcDbVertex
100
AcDb2dVertex
 10
81.3584652161
 20
-7.93593572
 30
0.0
 40
0.0
 41
0.0
  0
VERTEX
  5
7D7
100
AcDbEntity
  8
EBENE_1
390
0
  6
Continuous
 62
       250
 48
0.0503534939
100
AcDbVertex
100
AcDb2dVertex
 10
81.1207276985
 20
-8.0359273884
 30
0.0
 40
0.0
 41
0.0
  0
VERTEX
  5
7D8
100
AcDbEntity
  8
EBENE_1
390
0
  6
Continuous
 62
       250
 48
0.0503534939
100
AcDbVertex
100
AcDb2dVertex
 10
80.8863131273
 20
-8.142617363
 30
0.0
 40
0.0
 41
0.0
  0
VERTEX
  5
7D9
100
AcDbEntity
  8
EBENE_1
390
0
  6
Continuous
 62
       250
 48
0.0503534939
100
AcDbVertex
100
AcDb2dVertex
 10
80.6570364797
 20
-8.2592549384
 30
0.0
 40
0.0
 41
0.0
  0
VERTEX
  5
7DA
100
AcDbEntity
  8
EBENE_1
390
0
  6
Continuous
 62
       250
 48
0.0503534939
100
AcDbVertex
100
AcDb2dVertex
 10
80.4314793166
 20
-8.3823837808
 30
0.0
 40
0.0
 41
0.0
  0
VERTEX
  5
7DB
100
AcDbEntity
  8
EBENE_1
390
0
  6
Continuous
 62
       250
 48
0.0503534939
100
AcDbVertex
100
AcDb2dVertex
 10
80.2116900784
 20
-8.5151300959
 30
0.0
 40
0.0
 41
0.0
  0
VERTEX
  5
7DC
100
AcDbEntity
  8
EBENE_1
390
0
  6
Continuous
 62
       250
 48
0.0503534939
100
AcDbVertex
100
AcDb2dVertex
 10
79.9959735538
 20
-8.6541885332
 30
0.0
 40
0.0
 41
0.0
  0
VERTEX
  5
7DD
100
AcDbEntity
  8
EBENE_1
390
0
  6
Continuous
 62
       250
 48
0.0503534939
100
AcDbVertex
100
AcDb2dVertex
 10
79.7853060548
 20
-8.8035553822
 30
0.0
 40
0.0
 41
0.0
  0
VERTEX
  5
7DE
100
AcDbEntity
  8
EBENE_1
390
0
  6
Continuous
 62
       250
 48
0.0503534939
100
AcDbVertex
100
AcDb2dVertex
 10
79.5786930097
 20
-8.9592921803
 30
0.0
 40
0.0
 41
0.0
  0
VERTEX
  5
7DF
100
AcDbEntity
  8
EBENE_1
390
0
  6
Continuous
 62
       250
 48
0.0503534939
100
AcDbVertex
100
AcDb2dVertex
 10
79.3784987659
 20
-9.1242568185
 30
0.0
 40
0.0
 41
0.0
  0
VERTEX
  5
7E0
100
AcDbEntity
  8
EBENE_1
390
0
  6
Continuous
 62
       250
 48
0.0503534939
100
AcDbVertex
100
AcDb2dVertex
 10
79.1833977017
 20
-9.2947291235
 30
0.0
 40
0.0
 41
0.0
  0
VERTEX
  5
7E1
100
AcDbEntity
  8
EBENE_1
390
0
  6
Continuous
 62
       250
 48
0.0503534939
100
AcDbVertex
100
AcDb2dVertex
 10
78.9960868864
 20
-9.4733277316
 30
0.0
 40
0.0
 41
0.0
  0
VERTEX
  5
7E2
100
AcDbEntity
  8
EBENE_1
390
0
  6
Continuous
 62
       250
 48
0.0503534939
100
AcDbVertex
100
AcDb2dVertex
 10
78.8142141292
 20
-9.6571350615
 30
0.0
 40
0.0
 41
0.0
  0
VERTEX
  5
7E3
100
AcDbEntity
  8
EBENE_1
390
0
  6
Continuous
 62
       250
 48
0.0503534939
100
AcDbVertex
100
AcDb2dVertex
 10
78.640700875
 20
-9.8486150381
 30
0.0
 40
0.0
 41
0.0
  0
VERTEX
  5
7E4
100
AcDbEntity
  8
EBENE_1
390
0
  6
Continuous
 62
       250
 48
0.0503534939
100
AcDbVertex
100
AcDb2dVertex
 10
78.4729172456
 20
-10.0450159097
 30
0.0
 40
0.0
 41
0.0
  0
VERTEX
  5
7E5
100
AcDbEntity
  8
EBENE_1
390
0
  6
Continuous
 62
       250
 48
0.0503534939
100
AcDbVertex
100
AcDb2dVertex
 10
78.3118755491
 20
-10.2511323041
 30
0.0
 40
0.0
 41
0.0
  0
VERTEX
  5
7E6
100
AcDbEntity
  8
EBENE_1
390
0
  6
Continuous
 62
       250
 48
0.0503534939
100
AcDbVertex
100
AcDb2dVertex
 10
78.1570357657
 20
-10.461643554
 30
0.0
 40
0.0
 41
0.0
  0
VERTEX
  5
7E7
100
AcDbEntity
  8
EBENE_1
390
0
  6
Continuous
 62
       250
 48
0.0503534939
100
AcDbVertex
100
AcDb2dVertex
 10
78.0117165548
 20
-10.6783373882
 30
0.0
 40
0.0
 41
0.0
  0
VERTEX
  5
7E8
100
AcDbEntity
  8
EBENE_1
390
0
  6
Continuous
 62
       250
 48
0.0503534939
100
AcDbVertex
100
AcDb2dVertex
 10
77.8728959679
 20
-10.8989310995
 30
0.0
 40
0.0
 41
0.0
  0
VERTEX
  5
7E9
100
AcDbEntity
  8
EBENE_1
390
0
  6
Continuous
 62
       250
 48
0.0503534939
100
AcDbVertex
100
AcDb2dVertex
 10
77.7439443872
 20
-11.1251828389
 30
0.0
 40
0.0
 41
0.0
  0
VERTEX
  5
7EA
100
AcDbEntity
  8
EBENE_1
390
0
  6
Continuous
 62
       250
 48
0.0503534939
100
AcDbVertex
100
AcDb2dVertex
 10
77.6217279822
 20
-11.3549493351
 30
0.0
 40
0.0
 41
0.0
  0
VERTEX
  5
7EB
100
AcDbEntity
  8
EBENE_1
390
0
  6
Continuous
 62
       250
 48
0.0503534939
100
AcDbVertex
100
AcDb2dVertex
 10
77.5093415024
 20
-11.5907029748
 30
0.0
 40
0.0
 41
0.0
  0
VERTEX
  5
7EC
100
AcDbEntity
  8
EBENE_1
390
0
  6
Continuous
 62
       250
 48
0.0503534939
100
AcDbVertex
100
AcDb2dVertex
 10
77.4036302942
 20
-11.8302207437
 30
0.0
 40
0.0
 41
0.0
  0
VERTEX
  5
7ED
100
AcDbEntity
  8
EBENE_1
390
0
  6
Continuous
 62
       250
 48
0.0503534939
100
AcDbVertex
100
AcDb2dVertex
 10
77.3079815964
 20
-12.0752276049
 30
0.0
 40
0.0
 41
0.0
  0
VERTEX
  5
7EE
100
AcDbEntity
  8
EBENE_1
390
0
  6
Continuous
 62
       250
 48
0.0503534939
100
AcDbVertex
100
AcDb2dVertex
 10
77.2195428612
 20
-12.3227094015
 30
0.0
 40
0.0
 41
0.0
  0
VERTEX
  5
7EF
100
AcDbEntity
  8
EBENE_1
390
0
  6
Continuous
 62
       250
 48
0.0503534939
100
AcDbVertex
100
AcDb2dVertex
 10
77.1420669921
 20
-12.5734809751
 30
0.0
 40
0.0
 41
0.0
  0
VERTEX
  5
7F0
100
AcDbEntity
  8
EBENE_1
390
0
  6
Continuous
 62
       250
 48
0.0503534939
100
AcDbVertex
100
AcDb2dVertex
 10
77.0719691021
 20
-12.8261953205
 30
0.0
 40
0.0
 41
0.0
  0
VERTEX
  5
7F1
100
AcDbEntity
  8
EBENE_1
390
0
  6
Continuous
 62
       250
 48
0.0503534939
100
AcDbVertex
100
AcDb2dVertex
 10
77.0130326431
 20
-13.081576682
 30
0.0
 40
0.0
 41
0.0
  0
VERTEX
  5
7F2
100
AcDbEntity
  8
EBENE_1
390
0
  6
Continuous
 62
       250
 48
0.0503534939
100
AcDbVertex
100
AcDb2dVertex
 10
76.9616091191
 20
-13.3384629379
 30
0.0
 40
0.0
 41
0.0
  0
VERTEX
  5
7F3
100
AcDbEntity
  8
EBENE_1
390
0
  6
Continuous
 62
       250
 48
0.0503534939
100
AcDbVertex
100
AcDb2dVertex
 10
76.9211962832
 20
-13.5992185436
 30
0.0
 40
0.0
 41
0.0
  0
VERTEX
  5
7F4
100
AcDbEntity
  8
EBENE_1
390
0
  6
Continuous
 62
       250
 48
0.0503534939
100
AcDbVertex
100
AcDb2dVertex
 10
76.8882273527
 20
-13.862299734
 30
0.0
 40
0.0
 41
0.0
  0
VERTEX
  5
7F5
100
AcDbEntity
  8
EBENE_1
390
0
  6
Continuous
 62
       250
 48
0.0503534939
100
AcDbVertex
100
AcDb2dVertex
 10
76.8667736887
 20
-14.1259597713
 30
0.0
 40
0.0
 41
0.0
  0
VERTEX
  5
7F6
100
AcDbEntity
  8
EBENE_1
390
0
  6
Continuous
 62
       250
 48
0.0503534939
100
AcDbVertex
100
AcDb2dVertex
 10
76.8529834549
 20
-14.3899534125
 30
0.0
 40
0.0
 41
0.0
  0
VERTEX
  5
7F7
100
AcDbEntity
  8
EBENE_1
390
0
  6
Continuous
 62
       250
 48
0.0503534939
100
AcDbVertex
100
AcDb2dVertex
 10
76.8507238942
 20
-14.6540049436
 30
0.0
 40
0.0
 41
0.0
  0
VERTEX
  5
7F8
100
AcDbEntity
  8
EBENE_1
390
0
  6
Continuous
 62
       250
 48
0.0503534939
100
AcDbVertex
100
AcDb2dVertex
 10
76.8561520772
 20
-14.9178456051
 30
0.0
 40
0.0
 41
0.0
  0
VERTEX
  5
7F9
100
AcDbEntity
  8
EBENE_1
390
0
  6
Continuous
 62
       250
 48
0.0503534939
100
AcDbVertex
100
AcDb2dVertex
 10
76.8731816278
 20
-15.1815886179
 30
0.0
 40
0.0
 41
0.0
  0
VERTEX
  5
7FA
100
AcDbEntity
  8
EBENE_1
390
0
  6
Continuous
 62
       250
 48
0.0503534939
100
AcDbVertex
100
AcDb2dVertex
 10
76.8980213226
 20
-15.4456761512
 30
0.0
 40
0.0
 41
0.0
  0
VERTEX
  5
7FB
100
AcDbEntity
  8
EBENE_1
390
0
  6
Continuous
 62
       250
 48
0.0503534939
100
AcDbVertex
100
AcDb2dVertex
 10
76.9344541103
 20
-15.7093050833
 30
0.0
 40
0.0
 41
0.0
  0
VERTEX
  5
7FC
100
AcDbEntity
  8
EBENE_1
390
0
  6
Continuous
 62
       250
 48
0.0503534939
100
AcDbVertex
100
AcDb2dVertex
 10
76.9785740995
 20
-15.9722421954
 30
0.0
 40
0.0
 41
0.0
  0
VERTEX
  5
7FD
100
AcDbEntity
  8
EBENE_1
390
0
  6
Continuous
 62
       250
 48
0.0503534939
100
AcDbVertex
100
AcDb2dVertex
 10
77.033987376
 20
-16.2324936088
 30
0.0
 40
0.0
 41
0.0
  0
VERTEX
  5
7FE
100
AcDbEntity
  8
EBENE_1
390
0
  6
Continuous
 62
       250
 48
0.0503534939
100
AcDbVertex
100
AcDb2dVertex
 10
77.0969040726
 20
-16.4908829653
 30
0.0
 40
0.0
 41
0.0
  0
VERTEX
  5
7FF
100
AcDbEntity
  8
EBENE_1
390
0
  6
Continuous
 62
       250
 48
0.0503534939
100
AcDbVertex
100
AcDb2dVertex
 10
77.1709816615
 20
-16.7460508888
 30
0.0
 40
0.0
 41
0.0
  0
VERTEX
  5
800
100
AcDbEntity
  8
EBENE_1
390
0
  6
Continuous
 62
       250
 48
0.0503534939
100
AcDbVertex
100
AcDb2dVertex
 10
77.252447103
 20
-16.9988401541
 30
0.0
 40
0.0
 41
0.0
  0
VERTEX
  5
801
100
AcDbEntity
  8
EBENE_1
390
0
  6
Continuous
 62
       250
 48
0.0503534939
100
AcDbVertex
100
AcDb2dVertex
 10
77.3672797084
 20
-17.3045404716
 30
0.0
 40
0.0
 41
0.0
  0
VERTEX
  5
802
100
AcDbEntity
  8
EBENE_1
390
0
  6
Continuous
 62
       250
 48
0.0503534939
100
AcDbVertex
100
AcDb2dVertex
 10
77.452858548
 20
-17.5132114884
 30
0.0
 40
0.0
 41
0.0
  0
VERTEX
  5
803
100
AcDbEntity
  8
EBENE_1
390
0
  6
Continuous
 62
       250
 48
0.0503534939
100
AcDbVertex
100
AcDb2dVertex
 10
77.5537691061
 20
-17.7334136201
 30
0.0
 40
0.0
 41
0.0
  0
VERTEX
  5
804
100
AcDbEntity
  8
EBENE_1
390
0
  6
Continuous
 62
       250
 48
0.0503534939
100
AcDbVertex
100
AcDb2dVertex
 10
77.6623406759
 20
-17.9546171101
 30
0.0
 40
0.0
 41
0.0
  0
VERTEX
  5
805
100
AcDbEntity
  8
EBENE_1
390
0
  6
Continuous
 62
       250
 48
0.0503534939
100
AcDbVertex
100
AcDb2dVertex
 10
77.7562372868
 20
-18.1207068242
 30
0.0
 40
0.0
 41
0.0
  0
VERTEX
  5
806
100
AcDbEntity
  8
EBENE_1
390
0
  6
Continuous
 62
       250
 48
0.0503534939
100
AcDbVertex
100
AcDb2dVertex
 10
77.8613316622
 20
-18.2943669314
 30
0.0
 40
0.0
 41
0.0
  0
VERTEX
  5
807
100
AcDbEntity
  8
EBENE_1
390
0
  6
Continuous
 62
       250
 48
0.0503534939
100
AcDbVertex
100
AcDb2dVertex
 10
78.0102316893
 20
-18.5204034917
 30
0.0
 40
0.0
 41
0.0
  0
VERTEX
  5
808
100
AcDbEntity
  8
EBENE_1
390
0
  6
Continuous
 62
       250
 48
0.0503534939
100
AcDbVertex
100
AcDb2dVertex
 10
78.1645742455
 20
-18.7416908757
 30
0.0
 40
0.0
 41
0.0
  0
VERTEX
  5
809
100
AcDbEntity
  8
EBENE_1
390
0
  6
Continuous
 62
       250
 48
0.0503534939
100
AcDbVertex
100
AcDb2dVertex
 10
78.2660420159
 20
-18.8791710122
 30
0.0
 40
0.0
 41
0.0
  0
VERTEX
  5
80A
100
AcDbEntity
  8
EBENE_1
390
0
  6
Continuous
 62
       250
 48
0.0503534939
100
AcDbVertex
100
AcDb2dVertex
 10
78.2709947014
 20
-18.8859423706
 30
0.0
 40
0.0
 41
0.0
  0
VERTEX
  5
80B
100
AcDbEntity
  8
EBENE_1
390
0
  6
Continuous
 62
       250
 48
0.0503534939
100
AcDbVertex
100
AcDb2dVertex
 10
78.2711781666
 20
-18.8861514171
 30
0.0
 40
0.0
 41
0.0
  0
VERTEX
  5
80C
100
AcDbEntity
  8
EBENE_1
390
0
  6
Continuous
 62
       250
 48
0.0503534939
100
AcDbVertex
100
AcDb2dVertex
 10
78.2713485081
 20
-18.8863526882
 30
0.0
 40
0.0
 41
0.0
  0
VERTEX
  5
80D
100
AcDbEntity
  8
EBENE_1
390
0
  6
Continuous
 62
       250
 48
0.0503534939
100
AcDbVertex
100
AcDb2dVertex
 10
78.2714425313
 20
-18.8864407449
 30
0.0
 40
0.0
 41
0.0
  0
VERTEX
  5
80E
100
AcDbEntity
  8
EBENE_1
390
0
  6
Continuous
 62
       250
 48
0.0503534939
100
AcDbVertex
100
AcDb2dVertex
 10
78.2715509532
 20
-18.8865376564
 30
0.0
 40
0.0
 41
0.0
  0
VERTEX
  5
80F
100
AcDbEntity
  8
EBENE_1
390
0
  6
Continuous
 62
       250
 48
0.0503534939
100
AcDbVertex
100
AcDb2dVertex
 10
78.2715896515
 20
-18.8865852113
 30
0.0
 40
0.0
 41
0.0
  0
VERTEX
  5
810
100
AcDbEntity
  8
EBENE_1
390
0
  6
Continuous
 62
       250
 48
0.0503534939
100
AcDbVertex
100
AcDb2dVertex
 10
78.2715684203
 20
-18.8866018504
 30
0.0
 40
0.0
 41
0.0
  0
VERTEX
  5
811
100
AcDbEntity
  8
EBENE_1
390
0
  6
Continuous
 62
       250
 48
0.0503534939
100
AcDbVertex
100
AcDb2dVertex
 10
78.2715617281
 20
-18.8866013119
 30
0.0
 40
0.0
 41
0.0
  0
SEQEND
  5
812
100
AcDbEntity
  8
0
390
0
  0
ENDSEC
  0
SECTION
  2
OBJECTS
  0
DICTIONARY
  5
C
100
AcDbDictionary
280
         0
281
         1
  3
ACAD_GROUP
350
D
  3
ACAD_LAYOUT
350
1A
  3
ACAD_MLINESTYLE
350
17
  3
ACAD_PLOTSETTINGS
350
19
  3
ACAD_PLOTSTYLENAME
350
E
  3
AcDbVariableDictionary
350
4E
  0
DICTIONARY
  5
D
102
{ACAD_REACTORS
330
C
102
}
100
AcDbDictionary
280
         0
281
         1
  0
ACDBDICTIONARYWDFLT
  5
E
102
{ACAD_REACTORS
330
C
102
}
100
AcDbDictionary
281
         1
  3
Normal
350
F
100
AcDbDictionaryWithDefault
340
F
  0
ACDBPLACEHOLDER
  5
F
102
{ACAD_REACTORS
330
E
102
}
  0
DICTIONARY
  5
17
102
{ACAD_REACTORS
330
C
102
}
100
AcDbDictionary
280
         0
281
         1
  3
Standard
350
18
  0
MLINESTYLE
  5
18
102
{ACAD_REACTORS
330
17
102
}
100
AcDbMlineStyle
  2
STANDARD
 70
         0
  3

 62
       256
 51
90.0
 52
90.0
 71
         2
 49
0.5
 62
       256
  6
ByLayer
 49
-0.5
 62
       256
  6
ByLayer
  0
DICTIONARY
  5
19
102
{ACAD_REACTORS
330
C
102
}
100
AcDbDictionary
280
         0
281
         1
  0
DICTIONARY
  5
1A
102
{ACAD_REACTORS
330
C
102
}
100
AcDbDictionary
280
         0
281
         1
  3
Layout1
350
1E
  3
Layout2
350
26
  3
Model
350
22
  0
LAYOUT
  5
1E
102
{ACAD_REACTORS
330
1A
102
}
100
AcDbPlotSettings
  1

  2
HP DeskJet 720C v10.3
  4

  6

 40
0.0
 41
0.0
 42
0.0
 43
0.0
 44
0.0
 45
0.0
 46
0.0
 47
0.0
 48
0.0
 49
0.0
140
0.0
141
0.0
142
1.0
143
1.0
 70
       688
 72
         0
 73
         0
 74
         5
  7

 75
        16
147
1.0
148
0.0
149
0.0
100
AcDbLayout
  1
Layout1
 70
         1
 71
         1
 10
0.0
 20
0.0
 11
12.0
 21
9.0
 12
0.0
 22
0.0
 32
0.0
 14
1.0000000000E+20
 24
1.0000000000E+20
 34
1.0000000000E+20
 15
-1.0000000000E+20
 25
-1.0000000000E+20
 35
-1.0000000000E+20
146
0.0
 13
0.0
 23
0.0
 33
0.0
 16
1.0
 26
0.0
 36
0.0
 17
0.0
 27
1.0
 37
0.0
 76
         0
330
1B
331
0
345
0
346
0
  0
LAYOUT
  5
22
102
{ACAD_REACTORS
330
1A
102
}
100
AcDbPlotSettings
  1

  2
HP DeskJet 720C v10.3
  4

  6

 40
0.0
 41
0.0
 42
0.0
 43
0.0
 44
0.0
 45
0.0
 46
0.0
 47
0.0
 48
0.0
 49
0.0
140
0.0
141
0.0
142
1.0
143
1.0
 70
      1712
 72
         0
 73
         0
 74
         0
  7

 75
         0
147
1.0
148
0.0
149
0.0
100
AcDbLayout
  1
Model
 70
         1
 71
         0
 10
0.0
 20
0.0
 11
12.0
 21
9.0
 12
0.0
 22
0.0
 32
0.0
 14
0.0
 24
0.0
 34
0.0
 15
0.0
 25
0.0
 35
0.0
146
0.0
 13
0.0
 23
0.0
 33
0.0
 16
1.0
 26
0.0
 36
0.0
 17
0.0
 27
1.0
 37
0.0
 76
         0
330
1F
331
0
345
0
346
0
  0
LAYOUT
  5
26
102
{ACAD_REACTORS
330
1A
102
}
100
AcDbPlotSettings
  1

  2
HP DeskJet 720C v10.3
  4

  6

 40
0.0
 41
0.0
 42
0.0
 43
0.0
 44
0.0
 45
0.0
 46
0.0
 47
0.0
 48
0.0
 49
0.0
140
0.0
141
0.0
142
1.0
143
1.0
 70
       688
 72
         0
 73
         0
 74
         5
  7

 75
        16
147
1.0
148
0.0
149
0.0
100
AcDbLayout
  1
Layout2
 70
         1
 71
         2
 10
0.0
 20
0.0
 11
12.0
 21
9.0
 12
0.0
 22
0.0
 32
0.0
 14
0.0
 24
0.0
 34
0.0
 15
0.0
 25
0.0
 35
0.0
146
0.0
 13
0.0
 23
0.0
 33
0.0
 16
1.0
 26
0.0
 36
0.0
 17
0.0
 27
1.0
 37
0.0
 76
         0
330
23
331
0
345
0
346
0
  0
DICTIONARY
  5
4E
102
{ACAD_REACTORS
330
C
102
}
100
AcDbDictionary
280
         0
281
         1
  3
DIMASSOC
350
4F
  0
DICTIONARYVAR
  5
4F
102
{ACAD_REACTORS
330
4E
102
}
100
DictionaryVariables
280
         0
  1
1
  0
ENDSEC
  0
EOF
